一个	yī ge	a; an; one; the whole (afternoon, summer vacation etc)	8	5
这个	zhè ge	(pronoun) this; (adjective) this	8	5
不是	bù shì	no; is not; not	8	5
这种	zhè zhǒng	this kind of	8	5
不能	bù néng	cannot; must not; should not	8	5
一种	yī zhǒng	one kind of; one type of	8	5
我国	wǒ guó	my country; our country	8	5
政体	zhèng tǐ	form of government; system of government	8	4
各级	gè jí	all levels	8	4
不会	bù huì	improbable; unlikely; will not (act, happen etc)	8	4
一次	yī cì	first; first time; once	8	4
表示	biǎo shì	(of sb) to express; to state; to show	8	4
第一	dì yī	first; most important; primary; foremost	8	4
一声	yī shēng	first tone in Mandarin (high, level tone)	8	4
那个	nà ge	that one; that thing; that (as opposed to this)	8	4
自治区	zì zhì qū	autonomous region – a provincial-level administrative division of China with self-governance for ethnic minorities (five in total: Guangxi, Inner Mongolia, Ningxia, Xinjiang and Tibet)	8	4
一点	yī diǎn	a bit; a little bit; (used in negative expressions) (not) the least bit	8	4
一下	yī xià	(after a verb) a bit; a little (indicating brief duration, or softening the tone, or suggesting giving sth a try)	8	4
几个	jǐ ge	a few; several; how many	8	4
人大	rén dà	people's congress, a legislative body within the PRC's system of government at any of various levels – national, provincial, municipal, county or township (abbr. for 人民代表大會)	8	4
全省	quán shěng	the whole province	8	4
最高	zuì gāo	tallest; highest; supreme (court etc)	8	4
不到	bù dào	not to arrive; not reaching; insufficient	8	4
每年	měi nián	every year; each year; yearly	8	4
词条	cí tiáo	entry (in a dictionary)	8	4
城邦	chéng bāng	a city state (Greek polis)	8	4
不可	bù kě	cannot; should not; must not	8	4
直辖市	zhí xiá shì	municipality, namely: Beijing 北京, Tianjin 天津, Shanghai 上海 and Chongqing 重慶 the first level administrative subdivision	8	4
一句	yī jù	a line of verse; a sentence	8	4
电子	diàn zǐ	electronic; electron (particle physics)	8	4
这位	zhè wèi	this (person)	8	4
某些	mǒu xiē	some; certain (things)	8	4
其它	qí tā	(adjective) other	8	4
问道	wèn dào	to ask the way; to ask	8	4
检察院	jiǎn chá yuàn	prosecutor's office; procuratorate	8	4
平方千米	píng fāng qiān mǐ	square kilometer	8	4
真是	zhēn shi	indeed; truly; (coll.) (used to express disapproval, annoyance etc)	8	4
心想	xīn xiǎng	to think to oneself; to think	8	4
全市	quán shì	whole city	8	4
常委会	cháng wěi huì	standing committee	8	4
又称	yòu chēng	also known as	8	4
一块	yī kuài	a piece; a chunk	8	4
较大	jiào dà	comparatively large	8	4
每个	měi ge	each; every	8	4
每天	měi tiān	every day	8	4
第一次	dì yī cì	the first time; for the first time	8	4
看看	kàn kan	to take a look at; to examine; to survey	8	4
有限公司	yǒu xiàn gōng sī	limited company; corporation	8	4
不得	bù dé	must not; may not; not to be allowed	8	4
分子	fēn zǐ	(chemistry) molecule; (math.) numerator of a fraction	8	4
等等	děng děng	et cetera; and so on ...; wait a minute!	8	4
一级	yī jí	first class; category A	8	4
数学	shù xué	mathematics	8	4
各国	gè guó	each country; every country; various countries	8	4
本报	běn bào	this newspaper	8	4
省级	shěng jí	(administrative) province-level	8	4
化学	huà xué	chemistry; chemical	8	4
一家	yī jiā	the whole family; the same family	8	4
不了	bù le	no thanks (used to politely but informally decline)	8	4
公元前	gōng yuán qián	BCE (before the Common Era); BC (before Christ)	8	4
审议	shěn yì	(of a committee etc) to deliberate; to consider; to discuss	8	4
委员长	wěi yuán zhǎng	head of a committee	8	4
行政区划	xíng zhèng qū huà	administrative subdivision	8	4
不好	bù hǎo	no good	8	4
千米	qiān mǐ	kilometer	8	4
常务	cháng wù	routine; everyday business; daily operation (of a company)	8	4
寡头	guǎ tóu	oligarch	8	4
领导人	lǐng dǎo rén	leader	8	4
城楼	chéng lóu	city gate tower	8	4
任免	rèn miǎn	to appoint and dismiss	8	4
不想	bù xiǎng	unexpectedly; to one's surprise	8	4
年间	nián jiān	in the years of; during those years; period (of dynasty or decade)	8	4
元年	yuán nián	first year of an emperor's reign; first year of an era	8	4
变得	biàn de	to become	8	4
尚书	shàng shū	high official; government minister	8	4
四大	sì dà	the four elements: earth, water, fire, and wind (Buddhism)	8	4
轻轻	qīng qīng	lightly; softly	8	4
校名	xiào míng	school name	8	4
山地	shān dì	mountainous region; hilly area; hilly country	8	4
那种	nà zhǒng	that kind of	8	4
矿产	kuàng chǎn	minerals	8	4
几天	jǐ tiān	several days	8	4
故道	gù dào	old road; old way; old course (of a river)	8	4
百姓	bǎi xìng	common people	8	4
院校	yuàn xiào	college; academy; educational institution	8	4
闭会	bì huì	close a meeting	8	4
起义	qǐ yì	uprising; insurrection; revolt	8	4
国民经济	guó mín jīng jì	national economy	8	4
几年	jǐ nián	a few years; several years; how many years?	8	4
村委会	cūn wěi huì	village committee	8	4
行者	xíng zhě	pedestrian; walker; itinerant monk	8	4
叫做	jiào zuò	to be called; to be known as	8	4
化工	huà gōng	chemical industry (abbr. for 化學工業)	8	4
年均	nián jūn	annual average	8	4
省长	shěng zhǎng	governor of a province	8	4
而言	ér yán	(typically preceded by 就… or 對… etc) as far as ... is concerned; speaking in terms of ...	8	4
明朝	míng zhāo	tomorrow morning; the following morning	8	4
太监	tài jiàn	court eunuch; palace eunuch	8	4
高校	gāo xiào	universities and colleges	8	4
极大	jí dà	enormous; great; (math.) maximum	8	4
一口	yī kǒu	readily; flatly (deny, admit and so on); a mouthful	8	4
自治	zì zhì	autonomy	8	4
资产阶级	zī chǎn jiē jí	the capitalist class; the bourgeoisie	8	4
地方性	dì fāng xìng	local	8	4
门外	mén wài	outside the door	8	4
左手	zuǒ shǒu	left hand; left-hand side	8	4
版本	bǎn běn	version; edition; release	8	4
有点	yǒu diǎn	a little	8	4
不在	bù zài	not to be present; to be out; (euphemism) to pass away	8	4
银子	yín zi	money; silver	8	4
各类	gè lèi	all categories	8	4
县级	xiàn jí	county level	8	4
证券	zhèng quàn	negotiable security (financial); certificate; stocks and bonds	8	4
统治者	tǒng zhì zhě	ruler	8	4
喝道	hè dào	to shout (i.e. to say in a loud voice) (usually followed by the words shouted)	8	4
股权	gǔ quán	equity shares; stock right	8	4
军警	jūn jǐng	the military and the police	8	4
走向	zǒu xiàng	direction; strike (i.e. angle of inclination in geology); inclination	8	4
多个	duō ge	many; multiple; multi- (faceted, ethnic etc)	8	4
平方公里	píng fāng gōng lǐ	square kilometer	8	4
之上	zhī shàng	above	8	4
备案	bèi àn	to put on record; to file	8	4
右手	yòu shǒu	right hand; right-hand side	8	4
国家级	guó jiā jí	(administrative) national-level	8	4
少数民族	shǎo shù mín zú	ethnic minority	8	4
某种	mǒu zhǒng	some kind (of)	8	4
人马	rén mǎ	men and horses; troops; group of people	8	4
做出	zuò chū	to put out; to issue	8	4
总人口	zǒng rén kǒu	total population	8	4
点亮	diǎn liàng	to illuminate; to turn on the lights; to light (a blaze)	8	4
两者	liǎng zhě	both of them; the two of them	8	4
水产	shuǐ chǎn	aquatic product	8	4
眼见	yǎn jiàn	to see with one's own eyes; very soon	8	4
春秋	chūn qiū	spring and autumn; four seasons; year	8	4
海上	hǎi shàng	maritime	8	4
改称	gǎi chēng	to change a name; to rename	8	4
低声	dī shēng	in a low voice; softly	8	4
设有	shè yǒu	to have; to incorporate; to feature	8	4
微微	wēi wēi	slight; faint; humble	8	4
一会	yī huì	a moment; a while; in a moment	8	4
登时	dēng shí	immediately; at once	8	4
太子	tài zǐ	crown prince	8	4
仙桃	xiān táo	the peaches of immortality of Goddess Xi Wangmu 西王母	8	4
走出	zǒu chū	to leave (a room etc); to go out through (a door etc)	8	4
露出	lù chū	to expose; to show; also pr.	8	4
取出	qǔ chū	to take out; to extract; to draw out	8	4
地势	dì shì	terrain; topography relief	8	4
第二次	dì èr cì	the second time; the second occurrence	8	4
每次	měi cì	every time	8	4
这般	zhè bān	like this; this way	8	4
小子	xiǎo zǐ	(literary) youngster	8	4
头上	tóu shàng	overhead; above	8	3
鱼类	yú lèi	fishes	8	3
将领	jiàng lǐng	high-ranking military officer	8	3
所在地	suǒ zài dì	location; site	8	3
门前	mén qián	in front of the door	8	3
爹爹	diē die	daddy; granddad	8	3
最为	zuì wéi	the most	8	3
首页	shǒu yè	home page (of a website); title page; front page	8	3
根据地	gēn jù dì	base of operations	8	3
更为	gèng wéi	even more	8	3
议案	yì àn	proposal; motion	8	3
一类	yī lèi	same type; category 1 (i.e. class A)	8	3
银鱼	yín yú	oriental whitebait	8	3
航线	háng xiàn	air or shipping route	8	3
大军	dà jūn	army; main forces	8	3
无人	wú rén	unmanned; uninhabited	8	3
最新	zuì xīn	latest; newest	8	3
笔架	bǐ jià	pen rack; pen-holder	8	3
得名	dé míng	to get one's name; named (after sth)	8	3
一套	yī tào	suit; a set; a collection	8	3
立法	lì fǎ	to enact laws; to legislate	8	3
片刻	piàn kè	short period of time; a moment	8	3
战役	zhàn yì	military campaign	8	3
地处	dì chǔ	to be located at; to be situated in	8	3
一层	yī céng	one layer; one level	8	3
县长	xiàn zhǎng	county's head commissioner	8	3
执政	zhí zhèng	to hold power; in office	8	3
君主	jūn zhǔ	monarch; sovereign	8	3
骑兵	qí bīng	cavalry	8	3
之际	zhī jì	during; at the time of	8	3
人人	rén rén	everyone; every person	8	3
物理	wù lǐ	physics; physical; relating to the material world	8	3
只怕	zhǐ pà	I'm afraid that...; perhaps; maybe	8	3
大典	dà diǎn	ceremony; collection of classical writings	8	3
盆地	pén dì	(geography) basin; depression	8	3
降水量	jiàng shuǐ liàng	precipitation (meteorology); measured quantity of rain	8	3
函数	hán shù	function (math.)	8	3
万岁	wàn suì	Long live (the king, the revolution etc)!; Your Majesty; His Majesty	8	3
储量	chǔ liàng	remaining quantity; reserves (of natural resources, oil etc)	8	3
钢铁	gāng tiě	steel	8	3
发动机	fā dòng jī	engine; motor	8	3
十五	shí wǔ	fifteen; 15	8	3
第二天	dì èr tiān	next day; the morrow	8	3
资本家	zī běn jiā	capitalist	8	3
几次	jǐ cì	several times	8	3
战斗机	zhàn dòu jī	fighter (aircraft)	8	3
正门	zhèng mén	main entrance; main gate; portal	8	3
总产值	zǒng chǎn zhí	gross product; total output	8	3
兵力	bīng lì	military strength; armed forces; troops	8	3
总督	zǒng dū	governor-general; viceroy; governor	8	3
镇压	zhèn yā	suppression; repression; to suppress	8	3
将士	jiàng shì	officers and soldiers	8	3
一对	yī duì	couple; pair	8	3
无产阶级	wú chǎn jiē jí	proletariat	8	3
教主	jiào zhǔ	founder or leader of a religion or sect; (fig.) revered figure	8	3
一遍	yī biàn	one time (all the way through); once through	8	3
伸出	shēn chū	to extend	8	3
老爷	lǎo ye	(respectful) lord; master; (coll.) maternal grandfather	8	3
始建	shǐ jiàn	to start building	8	3
较为	jiào wéi	comparatively; relatively; fairly	8	3
行政区	xíng zhèng qū	administrative district	8	3
有权	yǒu quán	to have the right to; to be entitled to; to have authority	8	3
军阀	jūn fá	military clique; junta; warlord	8	3
科学技术	kē xué jì shù	science and technology	8	3
工作人员	gōng zuò rén yuán	staff member	8	3
原子	yuán zǐ	atom; atomic	8	3
剩余价值	shèng yú jià zhí	(economics) surplus value	8	3
胸口	xiōng kǒu	chest	8	3
组成部分	zǔ chéng bù fèn	part; component; ingredient	8	3
选出	xuǎn chū	to pick out; to select; to elect	8	3
民政	mín zhèng	civil administration	8	3
婆婆	pó po	husband's mother; mother-in-law; grandma	8	3
文库	wén kù	collection of documents; library; book series	8	3
身后	shēn hòu	the time after one's death; a place behind sb	8	3
神色	shén sè	expression; look	8	3
加大	jiā dà	to increase (e.g. one's effort)	8	3
亚热带	yà rè dài	subtropical (zone or climate)	8	3
历代	lì dài	successive generations; successive dynasties; past dynasties	8	3
五一	wǔ yī	5-1 (May 1st)	8	3
长老	zhǎng lǎo	elder; term of respect for a Buddhist monk	8	3
半个	bàn ge	half of sth	8	3
反动	fǎn dòng	reaction; reactionary	8	3
昨日	zuó rì	yesterday	8	3
那天	nà tiān	that day; the other day	8	3
门户	mén hù	door; strategic gateway; portal	8	3
投资者	tóu zī zhě	investor	8	3
三分	sān fēn	somewhat; to some degree	8	3
起身	qǐ shēn	to get up; to leave; to set forth	8	3
当局	dāng jú	authorities	8	3
宫女	gōng nǚ	palace maid	8	3
土司	tǔ sī	sliced bread (loanword from "toast")	8	3
体内	tǐ nèi	within the body; in vivo	8	3
普查	pǔ chá	census; general survey; general investigation	8	3
暗暗	àn àn	secretly; inwardly	8	3
城门	chéng mén	city gate	8	3
林区	lín qū	region of forest	8	3
不变	bù biàn	constant; unvarying; (math.) invariant	8	3
说出	shuō chū	to speak out; to declare (one's view)	8	3
汉子	hàn zi	man; fellow; (dialect) husband	8	3
名叫	míng jiào	called; named	8	3
同比	tóng bǐ	(statistics) compared with the same period of the previous year; year on year; year over year	8	3
战机	zhàn jī	opportunity in a battle; fighter aircraft; war secret	8	3
群岛	qún dǎo	group of islands; archipelago	8	3
防空	fáng kōng	anti-aircraft defense	8	3
车程	chē chéng	travel time; expected time for a car journey	8	3
老子	lǎo zi	father; daddy; "I, your father" (in anger, or out of contempt)	8	3
既有	jì yǒu	existing	8	3
一方	yī fāng	a party (in a contract or legal case); one side; area	8	3
以北	yǐ běi	to the north of (suffix)	8	3
考研	kǎo yán	to sit an entrance exam for a graduate program	8	3
又名	yòu míng	also known as; alternative name; to also be called	8	3
棋盘	qí pán	chessboard	8	3
黑鱼	hēi yú	northern snakehead (Channa argus)	8	3
鱼肚	yú dǔ	fish maw; a food dish made from the swim bladder of fish	8	3
上年	shàng nián	last year	8	3
进士	jìn shì	successful candidate in the highest imperial civil service examination	8	3
一个个	yī gè gè	a number of; each and every one; one by one; one after another	8	3
代码	dài mǎ	code	8	3
河道	hé dào	river course; river channel	8	3
生产力	shēng chǎn lì	production capability; productive force; productivity	8	3
正要	zhèng yào	to be just about to; to be on the point of	8	3
想要	xiǎng yào	to want to; to feel like; to fancy	8	3
不下	bù xià	to be not less than (a certain quantity, amount etc)	8	3
声响	shēng xiǎng	sound; noise	8	3
双眼	shuāng yǎn	the two eyes	8	3
沿革	yán gé	evolution of sth over time; course of development; history	8	3
并未	bìng wèi	(used to stress that sth did not turn out as one might have expected) did not actually ...; has not actually ...	8	3
不住	bù zhù	(verb complement) unable to firmly or securely (grasp, recall etc)	8	3
部落	bù luò	tribe	8	3
为首	wéi shǒu	head; be headed by	8	3
评为	píng wéi	to elect as; to choose as; to consider as	8	3
嘴里	zuǐ lǐ	mouth; in the mouth; on one's lips	8	3
名牌	míng pái	famous brand; nameplate; name tag	8	3
更名	gēng míng	to rename	8	3
满脸	mǎn liǎn	across one's whole face	8	3
步兵	bù bīng	infantry; foot; infantryman	8	3
市委	shì wěi	municipal committee	8	3
三级	sān jí	grade 3; third class; category C	8	3
图册	tú cè	book of pictures or charts; (math.) atlas	8	3
水力	shuǐ lì	hydraulic power	8	3
剑法	jiàn fǎ	fencing; sword-play	8	3
州长	zhōu zhǎng	governor (of a province or colony); (US) state governor	8	3
每日	měi rì	daily; (soup etc) of the day	8	3
日月	rì yuè	the sun and moon; day and month; every day and every month	8	3
生产总值	shēng chǎn zǒng zhí	gross domestic production (GDP); total output value	8	3
不该	bù gāi	should not	8	3
年轻人	nián qīng rén	young people; youngster	8	3
侵略者	qīn lüè zhě	aggressors; invaders	8	3
炮弹	pào dàn	artillery shell	8	3
渔业	yú yè	fishing industry; fishery	8	3
请愿	qǐng yuàn	to petition	8	3
国内外	guó nèi wài	domestic and international; at home and abroad	8	3
事儿	shì r	one's employment; business; matter that needs to be settled	8	3
装甲	zhuāng jiǎ	vehicle armor	8	3
心头	xīn tóu	one's heart; one's mind	8	3
街上	jiē shang	on the street; in town	8	3
世上	shì shàng	on earth	8	3
哪个	nǎ ge	which; who	8	3
党员	dǎng yuán	party member	8	3
省委	shěng wěi	provincial Party committee	8	3
二级	èr jí	grade 2; second class; category B	8	3
增加值	zēng jiā zhí	value added (accountancy)	8	3
水系	shuǐ xì	drainage system	8	3
改建	gǎi jiàn	to rebuild; to transform (a building); to refurbish	8	3
工匠	gōng jiàng	craftsman; artisan	8	3
天天	tiān tiān	every day	8	3
古墓	gǔ mù	old tomb (archaeology)	8	3
接过	jiē guò	to take (sth proffered)	8	3
名城	míng chéng	famous city	8	3
个个	gè gè	each one individually; each and every	8	3
兵刃	bīng rèn	(bladed) weapons	8	3
首领	shǒu lǐng	head; boss; chief	8	3
议事	yì shì	to discuss official business	8	3
鱼苗	yú miáo	fry; newly hatched fish	8	3
舰队	jiàn duì	fleet	8	3
老者	lǎo zhě	old man; elderly man	8	3
武装力量	wǔ zhuāng lì liàng	armed force	8	3
行省	xíng shěng	province (old)	8	3
经济特区	jīng jì tè qū	special economic zone	8	3
政治部	zhèng zhì bù	political division; cadre department	8	3
阵地	zhèn dì	(military) position; front	8	3
内战	nèi zhàn	civil war	8	3
十三	shí sān	thirteen; 13	8	3
司令部	sī lìng bù	headquarters; military command center	8	3
立时	lì shí	right away; quickly; immediately	8	3
公子	gōng zǐ	son of an official; son of nobility; your son (honorific)	8	3
递增	dì zēng	to increase by degrees; in increasing order; incremental	8	3
杀人	shā rén	homicide; to murder; to kill (a person)	8	3
指挥部	zhǐ huī bù	headquarters; command post	8	3
皇家	huáng jiā	royal; imperial household	8	3
乃是	nǎi shì	equivalent to either 是 or 就是	8	3
军民	jūn mín	army-civilian; military-masses; military-civilian	8	3
兵团	bīng tuán	large military unit; formation; corps	8	3
犯人	fàn rén	convict; prisoner; criminal	8	3
建筑群	jiàn zhù qún	building complex; cluster of buildings	8	3
正中	zhèng zhōng	middle; center; right in the middle or center	8	3
弟兄	dì xiong	brothers; comrade	8	3
地主	dì zhǔ	landlord; landowner; host	8	3
大将	dà jiàng	a general or admiral	8	3
晶体	jīng tǐ	crystal	8	3
辖区	xiá qū	administrative region	8	3
旁人	páng rén	other people; bystanders; onlookers	8	3
商议	shāng yì	to negotiate; discussion; proposal	8	3
各人	gè rén	each one; everyone	8	3
奴才	nú cai	slave; fig. flunkey	8	3
华表	huá biǎo	marble pillar (ornamental column in front of places, tombs)	8	3
公社	gōng shè	commune	8	3
开封	kāi fēng	to open (sth that has been sealed)	8	3
各界	gè jiè	all walks of life; all social circles	8	3
抬起	tái qǐ	to lift up	8	3
八戒	bā jiè	the eight precepts (Buddhism)	8	3
称之为	chēng zhī wéi	to call it...; known as...	8	3
城外	chéng wài	outside of a city	8	3
化合物	huà hé wù	chemical compound	8	3
统帅	tǒng shuài	command; commander-in-chief	8	3
参数	cān shù	parameter	8	3
区长	qū zhǎng	district chief	8	3
天子	tiān zǐ	the (rightful) emperor	8	3
行政区域	xíng zhèng qū yù	administrative area	8	3
上前	shàng qián	to advance; to step forward	8	3
佳肴	jiā yáo	fine food; delicacies; delicious food	8	3
适才	shì cái	just now; a moment ago (often used in the early vernacular)	8	3
党委	dǎng wěi	Party committee	8	3
总司令	zǒng sī lìng	commander-in-chief	8	3
淡水鱼	dàn shuǐ yú	freshwater fish	8	3
打死	dǎ sǐ	to kill; to beat to death	8	3
总产量	zǒng chǎn liàng	total output	8	3
跪下	guì xia	to kneel down	8	3
火炮	huǒ pào	cannon; gun; artillery	8	3
十四	shí sì	fourteen; 14	8	3
产卵	chǎn luǎn	to lay eggs	8	3
画像	huà xiàng	portrait; to do a portrait of sb	8	3
说起	shuō qǐ	to mention; to bring up (a subject); with regard to	8	3
力学	lì xué	(physics) mechanics; (literary) to study hard	8	3
击败	jī bài	to defeat; to beat	8	3
大幅	dà fú	large-format (picture, banner, photo etc)	8	3
单行	dān xíng	to come individually; to treat separately; separate edition	8	3
以南	yǐ nán	to the south of (suffix)	8	3
不怕	bù pà	fearless; not worried (by setbacks or difficulties); even if	8	3
赛季	sài jì	season (sports)	8	3
受命	shòu mìng	ordained or appointed to a post; to benefit from counsel	8	3
殖民地	zhí mín dì	colony	8	3
半点	bàn diǎn	the least bit	8	3
小孩	xiǎo hái	child	8	3
杀死	shā sǐ	to kill	8	3
人口数	rén kǒu shù	population	8	3
建制	jiàn zhì	organizational structure	8	3
哈哈大笑	hā hā dà xiào	to laugh heartily; to burst into loud laughter	8	3
鱼种	yú zhǒng	fingerling	8	3
概览	gài lǎn	general overview; to skim through	8	3
可能性	kě néng xìng	possibility; probability	8	3
兵器	bīng qì	weaponry; weapons; arms	8	3
团子	tuán zi	dango (Japanese dumpling)	8	3
脚下	jiǎo xià	under the foot	8	3
主席团	zhǔ xí tuán	presidium	8	3
登上	dēng shàng	to climb over; to ascend onto; to mount	8	3
北纬	běi wěi	north latitude	8	3
大为	dà wéi	very; greatly	8	3
溶液	róng yè	solution (chemistry)	8	3
丐帮	gài bāng	beggars' union; a group of beggars	8	3
木工	mù gōng	woodwork; carpentry; woodworker	8	3
垂直	chuí zhí	perpendicular; vertical	8	3
节度使	jié dù shǐ	Tang and Song dynasty provincial governor, in Tang times having military and civil authority, but only civil authority in Song	8	3
经济学	jīng jì xué	economics (as a field of study)	8	3
现存	xiàn cún	extant; existent; in stock	8	3
百年	bǎi nián	hundred years; century; (fig.) a whole lifetime; a person's whole life	8	3
必备	bì bèi	essential	8	3
综合性	zōng hé xìng	synthesis	8	3
用作	yòng zuò	to use for the purpose of; to serve as	8	3
时辰	shí chen	time; one of the 12 two-hour periods of the day	8	3
大殿	dà diàn	main hall of a Buddhist temple	8	3
手工业	shǒu gōng yè	handicraft	8	3
要说	yào shuō	as for; when it comes to	8	3
零部件	líng bù jiàn	spare part; component	8	3
省会	shěng huì	provincial capital	8	3
眼中	yǎn zhōng	in (sb's) eyes	8	3
本月	běn yuè	this month; the current month	8	3
今晚	jīn wǎn	tonight	8	3
粒子	lì zǐ	(elementary) particle; grain	8	3
冶金	yě jīn	metallurgy	8	3
穴道	xué dào	acupuncture point; acupoint	8	3
县城	xiàn chéng	county seat; county town	8	3
不及	bù jí	to fall short of; not as good as; too late	8	3
地貌	dì mào	(geology) landform; geomorphology	8	3
以至	yǐ zhì	down to; up to; to such an extent as to ...	8	3
国务委员	guó wù wěi yuán	member of the State Council (in China)	8	3
本市	běn shì	this city; our city	8	3
生产资料	shēng chǎn zī liào	means of production	8	3
故里	gù lǐ	home town; native place	8	3
转头	zhuǎn tóu	to turn one's head; to change direction; U-turn	8	3
离子	lí zǐ	ion	8	3
航母	háng mǔ	aircraft carrier (abbr. for 航空母艦)	8	3
进城	jìn chéng	to go to town; to enter a big city (to live or work)	8	3
政治家	zhèng zhì jiā	statesman; politician	8	3
未能	wèi néng	cannot; to fail to; unable to	8	3
这天	zhè tiān	this day	8	3
武士	wǔ shì	warrior; samurai	8	3
计划生育	jì huà shēng yù	family planning	8	3
何以	hé yǐ	(literary) why; how	8	3
以此	yǐ cǐ	with this; thereby; thus	8	3
出征	chū zhēng	to go into battle; to campaign (military)	8	3
汉奸	hàn jiān	traitor (to China)	8	3
每人	měi rén	each person; everybody; per person	8	3
已然	yǐ rán	already; to be already so; to have long been the case	8	3
人心	rén xīn	popular feeling; the will of the people	8	3
尚无	shàng wú	not yet; not so far	8	3
旧址	jiù zhǐ	former site; old location	8	3
驻地	zhù dì	station; encampment	8	3
水质	shuǐ zhì	water quality	8	3
喝酒	hē jiǔ	to drink (alcohol)	8	3
就此	jiù cǐ	at this point; thus; from then on	8	3
学派	xué pài	school of thought	8	3
侵入	qīn rù	to make (military) incursions; to invade; to intrude into	8	3
龙头	lóng tóu	faucet; tap; bicycle handlebar; chief; boss (esp. of a gang)	8	3
本国	běn guó	one's own country	8	3
营销	yíng xiāo	marketing	8	3
几何	jǐ hé	geometry; (literary) how much	8	3
沿用	yán yòng	to continue to use (old methods); to apply as before; according to usage	8	3
手下	shǒu xià	under one's control or administration; subordinates; (money etc) on hand	8	3
连连	lián lián	repeatedly; again and again	8	3
定律	dìng lǜ	scientific law (e.g. law of conservation of energy)	8	3
义军	yì jūn	volunteer army	8	3
水运	shuǐ yùn	waterborne transport	8	3
声道	shēng dào	sound track; audio channel	8	3
欢喜	huān xǐ	happy; joyous; delighted	8	3
位居	wèi jū	to be located at	8	3
增设	zēng shè	to add to existing facilities or services	8	3
二十	èr shí	twenty; 20	8	3
三次	sān cì	third; three times; (math.) degree three, cubic (equation)	8	3
活着	huó zhe	alive	8	3
肩头	jiān tóu	on one's shoulders; (dialect) shoulder	8	3
少将	shào jiàng	major general; rear admiral; air vice marshal	8	3
十二	shí èr	twelve; 12	8	3
第五	dì wǔ	fifth	8	3
女孩	nǚ hái	girl; lass	8	3
用以	yòng yǐ	in order to; so as to	8	3
民事	mín shì	civil case; agricultural affairs; civil	8	3
亲王	qīn wáng	prince	8	3
绝不	jué bù	in no way; not in the least; absolutely not	8	3
支流	zhī liú	tributary (river)	8	3
服役	fú yì	to serve in the army; in active service	8	3
村里	cūn lǐ	village; hamlet	8	3
清兵	qīng bīng	Qing troops; Manchu soldiers	8	3
历任	lì rèn	(of one person) to hold the successive posts of	8	3
里程	lǐ chéng	mileage (distance traveled); course (of development)	8	3
舰艇	jiàn tǐng	warship; naval vessel	8	3
矿物	kuàng wù	mineral	8	3
填报	tián bào	to fill in and submit (a form)	8	3
卖国贼	mài guó zéi	traitor	8	3
县委	xiàn wěi	CCP county committee	8	3
大业	dà yè	great cause; great undertaking	8	3
名胜古迹	míng shèng gǔ jì	historical sites and scenic spots	8	3
植被	zhí bèi	vegetation; plant cover	8	3
特种	tè zhǒng	particular kind; special type	8	3
发达国家	fā dá guó jiā	developed nation	8	3
方才	fāng cái	just now; then	8	3
文书	wén shū	document; official correspondence; secretary	8	3
师妹	shī mèi	junior female student or apprentice	8	3
信息化	xìn xī huà	informatization (the Information Age analog of industrialization)	8	3
不觉	bù jué	unconsciously	8	3
占地	zhàn dì	to take up space; to occupy (space)	8	3
孩儿	hái r	child	8	3
军区	jūn qū	geographical area of command; (PLA) military district	8	3
全军	quán jūn	whole army	8	3
高等教育	gāo děng jiào yù	higher education	8	3
西南部	xī nán bù	southwest part	8	3
政务	zhèng wù	government affairs	8	3
主场	zhǔ chǎng	(sports) home ground; home field; (sports) home game	8	3
死刑	sǐ xíng	death penalty; capital punishment	8	3
分流	fēn liú	to diverge; to divert; to divide into separate streams (river flow, traffic etc)	8	3
中叶	zhōng yè	mid- (e.g. mid-century); middle period	8	3
全民	quán mín	entire population; all the people (of a country or society)	8	3
盛产	shèng chǎn	to produce in abundance; to be rich in	8	3
阐明	chǎn míng	to elucidate; to explain clearly; to expound	8	3
好生	hǎo shēng	(dialect) very; quite; properly; well; thoroughly	8	3
丞相	chéng xiàng	the most senior minister of many kingdoms or dynasties (with varying roles)	8	3
章程	zhāng chéng	rules; regulations; constitution	8	3
行事	xíng shì	to execute; to handle; behavior	8	3
党内	dǎng nèi	within the party (esp. Chinese communist party)	8	3
水深	shuǐ shēn	depth (of waterway); sounding	8	3
大笑	dà xiào	to laugh heartily; a belly laugh	8	3
固体	gù tǐ	solid	8	3
竞争力	jìng zhēng lì	competitive strength; competitiveness	8	3
两院制	liǎng yuàn zhì	bicameralism; bicameral legislative system	8	3
每月	měi yuè	each month	8	3
司令员	sī lìng yuán	commander	8	3
法定	fǎ dìng	statutory; law-based; legal	8	3
十八	shí bā	eighteen; 18	8	3
时分	shí fēn	time; period during the day	8	3
故宫	gù gōng	former imperial palace	8	3
乡长	xiāng zhǎng	village chief; mayor (of village or township)	8	3
巡抚	xún fǔ	inspector-general of province in Ming and Qing times	8	3
东南部	dōng nán bù	southeast part	8	3
锅巴	guō bā	guoba (scorched rice at the bottom of the pan)	8	3
高出	gāo chū	to be higher (than the stated amount) by ...	8	3
通航	tōng háng	connected by air, sea traffic or service	8	3
审计长	shěn jì zhǎng	auditor	8	3
夺得	duó dé	to take (after a struggle); to wrest; to seize	8	3
老头	lǎo tóu	old fellow; old man; father	8	3
干线	gàn xiàn	main line; trunk line	8	3
河床	hé chuáng	riverbed	8	3
珍稀	zhēn xī	rare; precious and uncommon	8	3
尖椒	jiān jiāo	chili pepper	8	3
名为	míng wéi	to be called; to be known as	8	3
造反	zào fǎn	to rebel; to revolt	8	3
原名	yuán míng	original name	8	3
道人	dào rén	Taoist devotee (honorific)	8	3
自然资源	zì rán zī yuán	natural resource	8	3
乡镇	xiāng zhèn	townships and towns (collective term for the two principal township-level administrative divisions)	8	3
东经	dōng jīng	east longitude	8	3
长官	zhǎng guān	senior official; senior officer; commanding officer	8	3
长方形	cháng fāng xíng	rectangle	8	3
心理学	xīn lǐ xué	psychology	8	3
所知	suǒ zhī	known; what one knows	8	3
社会学	shè huì xué	sociology	8	3
二者	èr zhě	both; both of them; neither	8	3
身穿	shēn chuān	to wear (a garment)	8	3
见长	jiàn cháng	to excel at (typically used after the area of expertise) (Example: 以研究見長 to be known for one's research)	8	3
产业化	chǎn yè huà	to industrialize; industrialization	8	3
沉积	chén jī	sediment; deposit; sedimentation (geology)	8	3
氧化	yǎng huà	to oxidize	8	3
市政府	shì zhèng fǔ	city hall; city government	8	3
道士	dào shì	Daoist priest	8	3
射线	shè xiàn	ray	8	3
彩绘	cǎi huì	painted; colored painted-on designs	8	3
劳动者	láo dòng zhě	worker; laborer	8	3
战后	zhàn hòu	after the war; postwar	8	3
地租	dì zū	land rent; land tax	8	3
矿山	kuàng shān	mine	8	3
字形	zì xíng	form of a Chinese character	8	3
战线	zhàn xiàn	battle line; battlefront; front	8	3
探明	tàn míng	to ascertain; to verify	8	3
法学	fǎ xué	law; legal studies	8	3
掏出	tāo chū	to fish out; to take out (from a pocket, bag etc)	8	3
东侧	dōng cè	east side; east face	8	3
水流	shuǐ liú	river; stream	8	3
主峰	zhǔ fēng	main peak (of a mountain range)	8	3
群雄	qún xióng	outstanding heroes; warlords vying for supremacy (in former times)	8	3
相见	xiāng jiàn	to see each other; to meet in person	8	3
政变	zhèng biàn	coup d'état	8	3
军马	jūn mǎ	warhorse; cavalry horse; troops	8	3
稳步	wěn bù	steadily; a steady pace	8	3
泊位	bó wèi	berth (for a ship); parking space (for a vehicle)	8	3
新月	xīn yuè	new moon; crescent	8	3
官家	guān jiā	emperor; government; official	8	3
赶来	gǎn lái	to rush over	8	3
已知	yǐ zhī	known (to science)	8	3
好汉	hǎo hàn	hero; strong and courageous person	8	3
战斗力	zhàn dòu lì	fighting strength	8	3
前列	qián liè	the very front	8	3
军方	jūn fāng	military	8	3
光学	guāng xué	optics	8	3
国师	guó shī	teachers of the state	8	3
即位	jí wèi	to succeed to the throne; accession	8	3
村民	cūn mín	villager	8	3
在校	zài xiào	(attributive) to be enrolled in a school (or university etc)	8	3
磕头	kē tóu	to kowtow (traditional greeting, esp. to a superior, involving kneeling and pressing one's forehead to the ground)	8	3
省份	shěng fèn	province	8	3
随之	suí zhī	thereupon; subsequently; accordingly	8	3
政委	zhèng wěi	political commissar (within the army)	8	3
如是	rú shì	thus	8	3
利润率	lì rùn lǜ	profit margin	8	3
浮雕	fú diāo	relief sculpture	8	3
审计	shěn jì	to audit; to examine finances	8	3
旅游业	lǚ yóu yè	tourism industry	8	3
世人	shì rén	people (in general); people around the world; everyone	8	3
预付	yù fù	to pay in advance; prepaid	8	3
火力	huǒ lì	fire; firepower	8	3
致力	zhì lì	to devote oneself to; to work toward (often followed by 於)	8	3
肠子	cháng zi	intestines	8	3
官府	guān fǔ	authorities; feudal official	8	3
缔结	dì jié	to conclude (an agreement)	8	3
湿地	shī dì	wetland	8	3
猛地	měng de	suddenly	8	3
考古	kǎo gǔ	archaeology; to engage in archaeological studies	8	3
特务	tè wu	special assignment (military); special agent; operative	8	3
师范学院	shī fàn xué yuàn	teacher's college; normal school	8	3
工人阶级	gōng rén jiē jí	working class	8	3
百万	bǎi wàn	million	8	3
小弟	xiǎo dì	little brother; I, your little brother (humble)	8	3
骑马	qí mǎ	to ride a horse	8	3
牛肉	niú ròu	beef	8	3
十六	shí liù	sixteen; 16	8	3
转入	zhuǎn rù	to change over to; to shift to; to switch to	8	3
物理学	wù lǐ xué	physics	8	3
外长	wài zhǎng	foreign minister; secretary of state; minister of foreign affairs	8	3
县级市	xiàn jí shì	county-level city (administrative division in China)	8	3
两面	liǎng miàn	both sides	8	3
一体化	yī tǐ huà	to integrate; to unify	8	3
新增	xīn zēng	to add (sth new); newly added; additional	8	3
名词	míng cí	(linguistics) noun; term (name for a concept)	8	3
俗称	sú chēng	commonly referred to as; common term	8	3
专线	zhuān xiàn	special-purpose phone line or communications link; hotline	8	3
变量	biàn liàng	variable (math.)	8	3
点滴	diǎn dī	a drip; a little bit; intravenous drip (used to administer drugs)	8	3
横贯	héng guàn	horizontal traverse; to cut across; to cross transversally	8	3
四下	sì xià	everywhere	8	3
避开	bì kāi	to avoid; to evade; to keep away from	8	3
黄土	huáng tǔ	loess (yellow sandy soil typical of north China)	8	3
法子	fǎ zi	way; method; Taiwan pr.	8	3
应有	yīng yǒu	to deserve (attention, respect etc); should have (freedoms, rights etc)	8	3
消费品	xiāo fèi pǐn	consumer goods	8	3
军师	jūn shī	(coll.) trusted adviser	8	3
磁场	cí chǎng	magnetic field	8	3
在外	zài wài	outer; excluded	8	3
水陆	shuǐ lù	water and land; by water and land (transport); amphibian	8	3
建筑业	jiàn zhù yè	building industry	8	3
死去	sǐ qù	to die	8	3
专政	zhuān zhèng	dictatorship	8	3
史料	shǐ liào	historical material or data	8	3
军士	jūn shì	soldier; noncommssioned officer (NCO)	8	3
召见	zhào jiàn	call in (one's subordinates)	8	3
笔者	bǐ zhě	the author; the writer (usu. refers to oneself)	8	3
方程	fāng chéng	(math.) equation	8	3
一刻	yī kè	a quarter of an hour; 15 minutes; a moment; an instant	8	3
考证	kǎo zhèng	to do textual research; to make textual criticism	8	3
固定资产	gù dìng zī chǎn	fixed assets	8	3
墨镜	mò jìng	sunglasses	8	3
隐隐	yǐn yǐn	faint; indistinct	8	3
传入	chuán rù	to import; transmitted inwards; afferent	8	3
部类	bù lèi	category; division	8	3
结成	jié chéng	to form; to forge (alliances etc)	8	3
脚本	jiǎo běn	script; screenplay; scenario; libretto; (computing) script	8	3
刺史	cì shǐ	provincial governor (old)	8	3
先行	xiān xíng	to start off before the others; to precede; to proceed in advance	8	3
自带	zì dài	to bring one's own; BYO; (of software) preinstalled	8	3
西侧	xī cè	west side; west face	8	3
自有	zì yǒu	(I, they etc) of course have (a plan, a way etc)	8	3
部属	bù shǔ	troops under one's command; subordinate; affiliated to a ministry	8	3
娘子	niáng zǐ	(dialect) form of address for one's wife	8	3
不等	bù děng	unequal; varied	8	3
高呼	gāo hū	to shout loudly	8	3
年份	nián fèn	particular year	8	3
弹药	dàn yào	ammunition	8	3
下达	xià dá	to transmit to lower levels; to issue (a command, decree etc)	8	3
射程	shè chéng	range; reach; firing range	8	3
精神文明	jīng shén wén míng	spiritual culture	8	3
火车站	huǒ chē zhàn	train station	8	3
创建者	chuàng jiàn zhě	founder; creator	8	3
十一	shí yī	eleven; 11	8	3
内陆	nèi lù	inland; interior	8	3
乘机	chéng jī	to take the opportunity; to take a plane	8	3
县政府	xiàn zhèng fǔ	county administration; county regional government	8	3
常委	cháng wěi	standing committee (abbr. for 常務委員會)	8	3
军用	jūn yòng	(for) military use; military application	8	3
法令	fǎ lìng	decree; ordinance	8	3
研究员	yán jiū yuán	researcher	8	3
隶属	lì shǔ	to be subordinate to; to be under the jurisdiction of	8	3
工业化	gōng yè huà	to industrialize; industrialization	8	3
小小	xiǎo xiǎo	very small; very few; very minor	8	3
求知	qiú zhī	anxious to learn; keen for knowledge	8	3
代表作	dài biǎo zuò	representative work (of an author or artist)	8	3
总书记	zǒng shū ji	general secretary (of the Communist Party)	8	3
几分	jǐ fēn	somewhat; a bit	8	3
通称	tōng chēng	to be generally referred to (as); generic term	8	3
绝大部分	jué dà bù fen	overwhelming majority	8	3
全会	quán huì	plenary session (at a conference)	8	3
反射	fǎn shè	to reflect; reflection (from a mirror etc)	8	3
信奉	xìn fèng	belief; to believe (in sth)	8	3
妇人	fù rén	married woman	8	3
下辖	xià xiá	to administer; to have jurisdiction over	8	3
后世	hòu shì	later generations	8	3
师弟	shī dì	young disciple (of the same master); younger or junior male schoolmate	8	3
地层	dì céng	stratum (geology)	8	3
相距	xiāng jù	distance apart; separated by a given distance	8	3
水下	shuǐ xià	under the water; submarine	8	3
殿试	diàn shì	court examination, the top grade imperial exam	8	3
天体	tiān tǐ	celestial body; nude body	8	3
四方	sì fāng	four-way; four-sided; in all directions	8	3
蛋白	dàn bái	egg white; protein; albumen	8	3
以东	yǐ dōng	to the east of (suffix)	8	3
组织法	zǔ zhī fǎ	organic law	8	3
谁知	shéi zhī	who would have thought; unexpectedly	8	3
科长	kē zhǎng	section chief	8	3
下列	xià liè	the following; listed below	8	3
两句	liǎng jù	(say) a few words	8	3
门洞	mén dòng	passageway; archway	8	3
首位	shǒu wèi	first place	8	3
装有	zhuāng yǒu	fitted with	8	3
此间	cǐ jiān	here; this place	8	3
温带	wēn dài	temperate zone	8	3
东风	dōng fēng	easterly wind; spring breeze	8	3
铁矿	tiě kuàng	iron ore; iron ore mine	8	3
户口	hù kǒu	population (counted as number of households for census or taxation)	8	3
取决	qǔ jué	(usually followed by 於) to hinge on; to be decided by; to depend on	8	3
死者	sǐ zhě	the dead; the deceased	8	3
推送	tuī sòng	(computing) server push	8	3
造林	zào lín	forestation	8	3
遗迹	yí jì	trace; vestige; historical remains	8	3
上层	shàng céng	upper layer	8	3
教会	jiāo huì	to show; to teach	8	3
庭长	tíng zhǎng	presiding judge	8	3
兼备	jiān bèi	have both	8	3
行政公署	xíng zhèng gōng shǔ	administrative office	8	3
统一战线	tǒng yī zhàn xiàn	united front	8	3
陶器	táo qì	pottery	8	3
防务	fáng wù	(pertaining to) defense	8	3
私信	sī xìn	private correspondence; personal letter	8	3
市辖区	shì xiá qū	city district (a county-level administrative unit under prefecture-level cities, or sub-prefecture-level under sub-provincial cities)	8	3
自治机关	zì zhì jī guān	governing body of an autonomous territory	8	3
刑事	xíng shì	criminal; penal	8	3
爆米花	bào mǐ huā	puffed rice; popcorn	8	3
往前	wǎng qián	(in) the past; ahead; forward; in the future	8	3
珍品	zhēn pǐn	valuable object; curio	8	3
拦截	lán jié	to intercept	8	3
喇嘛	lǎ ma	lama, spiritual teacher in Tibetan Buddhism	8	3
进军	jìn jūn	(military) to march; to advance	8	3
镇长	zhèn zhǎng	town headman; mayor (of small town or village); bailiff	8	3
紧闭	jǐn bì	to close securely; tightly closed; secure	8	3
省辖市	shěng xiá shì	provincial city	8	3
菜系	cài xì	(regional) cuisine	8	3
电流	diàn liú	an electric current	8	3
好象	hǎo xiàng	to seem; to be like (variant of 好像)	8	3
浓度	nóng dù	concentration (percentage of dissolved material in a solution)	8	3
下马	xià mǎ	to dismount from a horse; (fig.) to abandon (a project)	8	3
官职	guān zhí	an official position; a job in the bureaucracy	8	3
匕首	bǐ shǒu	dagger	8	3
极少	jí shǎo	very little; very few	8	3
千年	qiān nián	millennium	8	3
油料	yóu liào	oilseed; oil; fuel	8	3
常设	cháng shè	(of an organization etc) standing or permanent	8	3
自幼	zì yòu	since childhood; from a young age	8	3
专科	zhuān kē	specialized subject; branch (of medicine); specialized training school	8	3
重重	chóng chóng	layer upon layer; one after another	8	3
林业	lín yè	forest industry; forestry	8	3
暗器	àn qì	concealed weapon	8	3
王室	wáng shì	royal family; royal household	8	3
审理	shěn lǐ	to hear (a case)	8	3
置于	zhì yú	to place in; to put in (a position)	8	3
叛乱	pàn luàn	armed rebellion	8	3
共产主义	gòng chǎn zhǔ yì	communism	8	3
诗文	shī wén	poetry and literature	8	3
小孩子	xiǎo hái zi	child	8	3
制药	zhì yào	to manufacture medicine	8	3
艺术家	yì shù jiā	artist	8	3
腰间	yāo jiān	waist	8	3
纵身	zòng shēn	to leap; to spring; to throw oneself	8	3
宛如	wǎn rú	to be just like	8	3
进球	jìn qiú	to score a goal; goal (sport)	8	3
自古	zì gǔ	(since) ancient times; (from) time immemorial	8	3
科举	kē jǔ	imperial examination	8	3
武艺	wǔ yì	martial art; military skill	8	3
中游	zhōng yóu	the middle stretches of a river; middle level; middle echelon	8	3
跟着	gēn zhe	to follow after; immediately afterwards	8	3
小事	xiǎo shì	trifle; trivial matter	8	3
火光	huǒ guāng	flame; blaze	8	3
易于	yì yú	very likely; prone to	8	3
反帝	fǎn dì	anti-imperialist	8	3
躬身	gōng shēn	to bow; personally	8	3
大炮	dà pào	big gun; cannon; artillery	8	3
菜肴	cài yáo	vegetable and meat dishes; dish	8	3
氏族	shì zú	clan	8	3
拱手	gǒng shǒu	to cup one's hands in obeisance or greeting; (fig.) submissive	8	3
学府	xué fǔ	educational establishment	8	3
纵横	zòng héng	lit. warp and weft in weaving; vertically and horizontal	8	3
步枪	bù qiāng	rifle	8	3
淡水	dàn shuǐ	freshwater	8	3
融资	róng zī	financing	8	3
数学家	shù xué jiā	mathematician	8	3
审判员	shěn pàn yuán	judge (in court)	8	3
所得	suǒ dé	what one acquires; one's gains	8	3
惨案	cǎn àn	massacre; tragedy	8	3
合金	hé jīn	alloy	8	3
机枪	jī qiāng	machine gun	8	3
月光	yuè guāng	moonlight	8	3
放开	fàng kāi	to let go; to release	8	3
挥手	huī shǒu	to wave (one's hand)	8	3
殖民	zhí mín	colony; colonial	8	3
攻占	gōng zhàn	to seize control of (an enemy position); (fig.) to take by storm	8	3
翻身	fān shēn	to turn over (when lying); (fig.) to free oneself; to emancipate oneself	8	3
民兵	mín bīng	people's militia; militia; militiaman	8	3
机体	jī tǐ	organism (biology); airframe (aeronautics)	8	3
放入	fàng rù	to put in; to insert	8	3
天色	tiān sè	color of the sky; time of day, as indicated by the color of the sky	8	3
叹息	tàn xī	to sigh; to gasp (in admiration)	8	3
自此	zì cǐ	since then; henceforth	8	3
室内	shì nèi	indoor	8	3
投产	tóu chǎn	to put into production; to put into operation	8	3
围攻	wéi gōng	to besiege; to beleaguer; to attack from all sides	8	3
一周	yī zhōu	one week; all the way around; a whole cycle	8	3
北上	běi shàng	to go up north	8	3
趋向	qū xiàng	direction; trend; to incline	8	3
药用	yào yòng	medicinal use; pharmaceutical	8	3
校区	xiào qū	campus	8	3
黑人	hēi rén	black person; an illegal	8	3
科学院	kē xué yuàn	academy of sciences	8	3
敌军	dí jūn	enemy troops; hostile forces	8	3
平行	píng xíng	parallel (in a spatial or geometric sense, or figuratively)	8	3
不尽	bù jìn	not completely; endlessly	8	3
每周	měi zhōu	every week	8	3
二次	èr cì	second (i.e. number two); second time; twice	8	3
运营商	yùn yíng shāng	operator (of a power station, transport network etc)	8	3
连同	lián tóng	together with; along with	8	3
狠狠	hěn hěn	resolutely; firmly; ferociously	8	3
航道	háng dào	waterway; ship channel	8	3
没法	méi fǎ	at a loss; unable to do anything about it; to have no choice	8	3
世纪末	shì jì mò	end of the century	8	3
重要性	zhòng yào xìng	importance	8	3
王家	wáng jiā	princely	8	3
撤退	chè tuì	to retreat	8	3
写下	xiě xià	to write down	8	3
周刊	zhōu kān	weekly publication; weekly	8	3
厉声	lì shēng	in a sharp, forceful voice	8	3
兀自	wù zì	(literary) still; yet	8	3
相貌	xiàng mào	facial features; looks	8	3
提请	tí qǐng	to propose	8	3
资费	zī fèi	(postal, telecom etc) service charge	8	3
揭开	jiē kāi	to uncover; to open	8	3
女孩子	nǚ hái zi	girl	8	3
公使	gōng shǐ	minister	8	3
娘娘	niáng niang	queen; empress; imperial concubine	8	3
开门	kāi mén	(lit. and fig.) to open a door; to open for business	8	3
多于	duō yú	more than; greater than	8	3
保全	bǎo quán	to save from damage; to preserve; to maintain	8	3
战区	zhàn qū	war zone; combat zone; (military) theater of operations	8	3
公公	gōng gong	husband's father; father-in-law; grandpa; grandad	8	3
两旁	liǎng páng	both sides; either side	8	3
昨晚	zuó wǎn	yesterday evening; last night	8	3
嘿嘿	hēi hēi	(onom.) he he; mischievous laughter	8	3
一轮	yī lún	first round or stage (of a match, election, talks, planned policy etc)	8	3
部委	bù wěi	ministries and commissions	8	3
任教	rèn jiào	to hold a teaching position	8	3
降水	jiàng shuǐ	rain and snow; precipitation (meteorology)	8	3
封建社会	fēng jiàn shè huì	feudal society	8	3
皇权	huáng quán	imperial power	8	3
南端	nán duān	southern end or extremity	8	3
大理	dà lǐ	judicial officer; justice of the peace (old)	8	3
所有者	suǒ yǒu zhě	proprietor; owner	8	3
自动化	zì dòng huà	to automate	8	3
男孩	nán hái	boy	8	3
两院	liǎng yuàn	two chambers (of legislative assembly), e.g. House of Representatives and Senate	8	3
涨幅	zhǎng fú	extent of a rise (in prices etc); amount of increase	8	3
追加	zhuī jiā	to add something extra; an additional increment; addendum	8	3
门人	mén rén	disciple; follower; hanger-on (at an aristocrat's home)	8	3
选区	xuǎn qū	electoral district; constituency	8	3
著称	zhù chēng	to be widely known as	8	3
股价	gǔ jià	stock price; share price	8	3
外商	wài shāng	foreign businessman; foreign enterprise; foreign company	8	3
参议院	cān yì yuàn	senate; upper chamber (of legislative assembly)	8	3
青铜	qīng tóng	bronze (alloy of copper 銅 and tin 錫)	8	3
通商	tōng shāng	(of nations) to have trade relations; to engage in trade	8	3
代表性	dài biǎo xìng	representativeness; representative; typical	8	3
阶级斗争	jiē jí dòu zhēng	class struggle	8	3
现今	xiàn jīn	now; nowadays; modern	8	3
京师	jīng shī	capital of a country (literary)	8	3
特区	tè qū	special administrative region	8	3
流派	liú pài	tributary (stream); (fig.) school (of thought); genre	8	3
妹子	mèi zi	(dialect) younger sister; girl	8	3
何等	hé děng	what kind?; how, what; somewhat	8	3
火烧	huǒ shāo	to set fire to; to burn down; burning hot	8	3
与会	yù huì	to participate in a meeting	8	3
精度	jīng dù	precision	8	3
宗室	zōng shì	imperial clan; member of the imperial clan; clansman	8	3
地表	dì biǎo	the surface (of the earth)	8	3
全书	quán shū	entire book; unabridged book	8	3
高声	gāo shēng	aloud; loud; loudly	8	3
都督	dū dū	(army) commander-in-chief (archaic)	8	3
电压	diàn yā	voltage	8	3
介质	jiè zhì	medium; media	8	3
专区	zhuān qū	area established for a designated purpose	8	3
联名	lián míng	jointly (signed, declared, sponsored)	8	3
一二	yī èr	one or two; a few; a little; just a bit	8	3
良久	liáng jiǔ	a good while; a long time	8	3
核潜艇	hé qián tǐng	nuclear submarine	8	3
精巧	jīng qiǎo	elaborate	8	3
宰相	zǎi xiàng	prime minister (in feudal China)	8	3
大哭	dà kū	to cry loudly	8	3
增长率	zēng zhǎng lǜ	growth rate (esp. in economics)	8	3
眉头	méi tóu	brows	8	3
工商业	gōng shāng yè	industry and commerce	8	3
进深	jìn shēn	(of a house or room) distance from the entrance to the rear; depth	8	3
表决权	biǎo jué quán	right to vote; vote	8	3
存储	cún chǔ	to store up; to stockpile; (computer) to save	8	3
五行	wǔ xíng	five phases of Chinese philosophy: wood 木, fire 火, earth 土, metal 金, water 水	8	3
额头	é tóu	forehead	8	3
别处	bié chù	elsewhere	8	3
哲学家	zhé xué jiā	philosopher	8	3
总长	zǒng cháng	total length	8	3
统领	tǒng lǐng	to lead; to command; commander	8	3
工作者	gōng zuò zhě	worker	8	3
流体	liú tǐ	fluid	8	3
以西	yǐ xī	to the west of (suffix)	8	3
饮酒	yǐn jiǔ	to drink wine	8	3
制导	zhì dǎo	to control (the course of sth); to guide (a missile)	8	3
统称	tǒng chēng	to be collectively called; collective term; general designation	8	3
代谢	dài xiè	replacement; substitution; metabolism (biol.)	8	3
冲破	chōng pò	breakthrough; to overcome an obstacle quickly	8	3
锦标赛	jǐn biāo sài	championship contest; championships	8	3
掌门	zhǎng mén	sect leader (often in wuxia 武俠 fiction)	8	3
羊皮	yáng pí	sheepskin	8	3
亲信	qīn xìn	trusted aide; close associate; confidant; to put one's trust in (sb)	8	3
色素	sè sù	pigment	8	3
相助	xiāng zhù	to help one another; to come to sb's aid	8	3
此地	cǐ dì	here; this place	8	3
书画	shū huà	painting and calligraphy	8	3
不语	bù yǔ	(literary) not to speak	8	3
离去	lí qù	to leave; to exit	8	3
末年	mò nián	the final years (of a regime)	8	3
战车	zhàn chē	war chariot; tank	8	3
迁都	qiān dū	to move the capital (city)	8	3
村子	cūn zi	village	8	3
升起	shēng qǐ	to raise; to hoist; to rise	8	3
仆人	pú rén	servant	8	3
报上	bào shàng	in the newspaper	8	3
清风	qīng fēng	cool breeze; fig. pure and honest	8	3
修行	xiū xíng	to devote oneself to spiritual development (esp. Buddhism or Daoism)	8	3
部下	bù xià	troops under one's command; subordinate	8	3
羊肉	yáng ròu	mutton; goat meat	8	3
经济学家	jīng jì xué jiā	economist	8	3
害死	hài sǐ	to kill; to cause death; to do sb to death	8	3
明知	míng zhī	to be fully aware of; to know perfectly well	8	3
施展	shī zhǎn	to use fully; to put to use	8	3
无声	wú shēng	soundless; silent	8	3
台下	tái xià	off the stage; in the audience	8	3
全然	quán rán	completely	8	3
栖息	qī xī	(of a bird) to perch; (of creatures in general) to inhabit; to dwell	8	3
抽出	chōu chū	to take out; to extract	8	3
兼并	jiān bìng	to annex; to take over; to acquire	8	3
落入	luò rù	to fall into	8	3
臣民	chén mín	subject (of a kingdom, ruler etc)	8	3
驻华	zhù huá	stationed in China; located in China	8	3
衣衫	yī shān	clothing; unlined garment	8	3
攻克	gōng kè	to capture; to take; to overcome	8	3
邻近	lín jìn	neighboring; adjacent; near	8	3
四肢	sì zhī	the four limbs of the body	8	3
申诉	shēn sù	to file a complaint	8	3
地级市	dì jí shì	prefecture-level city	8	3
年产	nián chǎn	annual production	8	3
其一	qí yī	one of the given (options etc); the first; firstly	8	3
矿床	kuàng chuáng	(mineral) deposit	8	3
和约	hé yuē	peace treaty	8	3
一堆	yī duī	pile; heap; a lot of; a bunch of	8	3
研究院	yán jiū yuàn	research institute; academy	8	3
督察	dū chá	to supervise; to superintend; inspector	8	3
节制	jié zhì	to control; to restrict; to moderate	8	3
树种	shù zhǒng	tree species	8	3
鸟类	niǎo lèi	birds	8	3
列席	liè xí	to attend a meeting as a nonvoting delegate	8	3
进门	jìn mén	to enter a door; to go in; to learn the basics of a subject	8	3
弹道导弹	dàn dào dǎo dàn	ballistic missile	8	3
供养	gōng yǎng	to supply; to provide for one's elders; to support one's parents	8	3
畜牧业	xù mù yè	animal husbandry; stock raising; livestock raising	8	3
写道	xiě dào	to write (used before or after a quoted passage)	8	3
习性	xí xìng	character acquired through long habit; habits and properties	8	3
样式	yàng shì	type; style	8	3
左侧	zuǒ cè	left side	8	3
半导体	bàn dǎo tǐ	semiconductor	8	3
卖国	mài guó	to betray one's country	8	3
雄壮	xióng zhuàng	majestic; awesome; full of power and grandeur	8	3
拿下	ná xià	to arrest; to capture; to seize	8	3
大败	dà bài	to defeat; to inflict a defeat on sb	8	3
叫声	jiào shēng	yelling (sound made by person); barking; braying	8	3
决战	jué zhàn	decisive battle; to fight a decisive battle	8	3
产区	chǎn qū	place of production; manufacturing location	8	3
轰炸机	hōng zhà jī	bomber (aircraft)	8	3
相互作用	xiāng hù zuò yòng	to interact; interaction; interplay	8	3
有如	yǒu rú	to be like sth; similar to; alike	8	3
建都	jiàn dū	to establish a capital	8	3
面条	miàn tiáo	noodles	8	3
染料	rǎn liào	dye	8	3
会同	huì tóng	to handle sth jointly	8	3
仪仗	yí zhàng	ceremonial weaponry	8	3
通向	tōng xiàng	to lead to	8	3
花钱	huā qián	to spend money	8	3
启用	qǐ yòng	to start using; (computing) to enable (a feature)	8	3
胸前	xiōng qián	(on the) chest; bosom	8	3
稳定性	wěn dìng xìng	stability	8	3
战乱	zhàn luàn	chaos of war	8	3
想必	xiǎng bì	presumably; probably; in all likelihood	8	3
海里	hǎi lǐ	nautical mile	8	3
一来	yī lái	firstly, ...	8	3
奖惩	jiǎng chéng	rewards and penalties	8	3
密布	mì bù	to cover densely	8	3
提取	tí qǔ	to withdraw (money); to collect (left luggage); to extract	8	3
成员国	chéng yuán guó	member country	8	3
上半年	shàng bàn nián	first half of the year	8	3
一则	yī zé	on the one hand	8	3
面目	miàn mù	appearance; facial features; look	8	3
执掌	zhí zhǎng	to wield (power etc)	8	3
天花	tiān huā	smallpox; ceiling; stamen of corn	8	3
他妈的	tā mā de	(taboo curse) damn it!; fucking	8	3
生出	shēng chū	to give birth; to grow (whiskers etc); to generate	8	3
单个	dān ge	single; alone; individually	8	3
红烧	hóng shāo	to braise in soy sauce until reddish-brown	8	3
工农	gōng nóng	workers and peasants	8	3
万物	wàn wù	all things; all that exists	8	3
快步	kuài bù	quick step	8	3
制造业	zhì zào yè	manufacturing industry	8	3
公报	gōng bào	announcement; bulletin; communique	8	3
记述	jì shù	to write an account (of events)	8	3
称帝	chēng dì	to declare oneself emperor; to win the best actor award	8	3
四面	sì miàn	all sides	8	3
不致	bù zhì	not in such a way as to; not likely to	8	3
防线	fáng xiàn	defensive line or perimeter	8	3
皇位	huáng wèi	the title of Emperor	8	3
联军	lián jūn	allied armies	8	3
拦住	lán zhù	to stop; to bar the way	8	3
毒性	dú xìng	toxicity	8	3
机械化	jī xiè huà	to mechanize	8	3
方丈	fāng zhang	square zhang (i.e. unit of area 10 feet square)	8	3
手足	shǒu zú	hands and feet; (fig.) brothers; retinue, henchmen, accomplices	8	3
不一	bù yī	to vary; to differ	8	3
骑士	qí shì	knight; cavalier; (Tw) bike rider (scooter, bicycle etc)	8	3
自家	zì jiā	oneself; one's own family	8	3
大名	dà míng	famous name; your distinguished name; one's formal personal name	8	3
下半年	xià bàn nián	second half of the year	8	3
高等学校	gāo děng xué xiào	colleges and universities	8	3
料想	liào xiǎng	to expect; to presume; to think (sth is likely)	8	3
专项	zhuān xiàng	special; dedicated	8	3
火把	huǒ bǎ	torch	8	3
血腥	xuè xīng	reeking of blood; bloody (events)	8	3
改组	gǎi zǔ	to reorganize; to reshuffle (posts etc)	8	3
入学率	rù xué lǜ	percentage of children who enter school	8	3
重修	chóng xiū	to reconstruct; to repair; to revamp	8	3
尽数	jìn shǔ	to count all of them	8	3
高举	gāo jǔ	to lift up; to hold high	8	3
强盛	qiáng shèng	rich and powerful	8	3
建材	jiàn cái	building materials	8	3
字数	zì shù	number of written characters; number of words; word count	8	3
头领	tóu lǐng	head person; leader	8	3
文集	wén jí	collected works	8	3
带走	dài zǒu	to carry; to take away	8	3
攻势	gōng shì	(military) offensive	8	3
机电	jī diàn	machinery and power-generating equipment; electromechanical	8	3
地理学	dì lǐ xué	geography	8	3
中段	zhōng duàn	middle section; middle period; middle area; mid-	8	3
下半场	xià bàn chǎng	second half of a game or contest	8	3
一品	yī pǐn	superb; first-rate; (of officials in imperial times) the highest rank	8	3
所致	suǒ zhì	to be caused by	8	3
全国性	quán guó xìng	national	8	3
国防部长	guó fáng bù zhǎng	Defense secretary; Defense Minister	8	3
纯属	chún shǔ	to be purely; pure and simple; sheer	8	3
救国	jiù guó	to save the nation	8	3
想来	xiǎng lái	it may be assumed that	8	3
同义词	tóng yì cí	synonym	8	3
号令	hào lìng	an order (esp. army); bugle call expressing military order	8	3
游击队	yóu jī duì	guerrilla band	8	3
未曾	wèi céng	hasn't (or haven't); hasn't ever	8	3
无色	wú sè	colorless	8	3
控股	kòng gǔ	to own a controlling number of shares in a company	8	3
长篇小说	cháng piān xiǎo shuō	novel; full-length novel	8	3
荒漠	huāng mò	desert; desolate wilderness; barren wasteland; vast and desolate	8	3
染色体	rǎn sè tǐ	chromosome	8	3
兵马	bīng mǎ	troops and horses; military forces	8	3
不明	bù míng	not clear; unknown; to fail to understand	8	3
参谋长	cān móu zhǎng	chief of staff	8	3
上书	shàng shū	to write a letter (to the authorities); to present a petition	8	3
来讲	lái jiǎng	as to; considering; for	8	3
加之	jiā zhī	moreover; in addition to that	8	3
例行	lì xíng	routine (task, procedure etc); as usual	8	3
史学	shǐ xué	historiography	8	3
遍及	biàn jí	to extend (everywhere)	8	3
语文	yǔ wén	literature and language; (PRC) Chinese (as a school subject)	8	3
生殖	shēng zhí	to reproduce; to flourish	8	3
水电站	shuǐ diàn zhàn	hydroelectric power plant	8	3
政事	zhèng shì	politics; government affairs	8	3
接口	jiē kǒu	interface; port; connector	8	3
清水	qīng shuǐ	fresh water; drinking water; clear water	8	3
雪白	xuě bái	snow white	8	3
实业	shí yè	industry; commercial enterprise	8	3
堆积	duī jī	to pile up; to heap; accumulation	8	3
大部	dà bù	the greater part; the majority; most	8	3
不变资本	bù biàn zī běn	constant capital	8	3
何不	hé bù	why not?; why not do (sth)?	8	3
世间	shì jiān	world; earth	8	3
落叶	luò yè	dead leaves; to lose leaves (of plants); deciduous	8	3
知府	zhī fǔ	prefectural magistrate (during Tang to Qing times)	8	3
放出	fàng chū	to let off; to give out	8	3
衰落	shuāi luò	to fall; to drop; to decline	8	3
心底	xīn dǐ	bottom of one's heart	8	3
万里	wàn lǐ	far away; thousands of miles; 10,000 li	8	3
无可	wú kě	can't	8	3
序列	xù liè	sequence	8	3
富于	fù yú	to be full of; to be rich in	8	3
古今	gǔ jīn	then and now; ancient and modern	8	3
一号	yī hào	first day of the month; toilet	8	3
政治局	zhèng zhì jú	politburo	8	3
思潮	sī cháo	tide of thought; way of thinking characteristic of a historical period	8	3
外国人	wài guó rén	foreigner	8	3
选票	xuǎn piào	a vote; ballot	8	3
背部	bèi bù	back (of a human or other vertebrate, or of an object)	8	3
做事	zuò shì	to work; to handle matters; to have a job	8	3
炮兵	pào bīng	artillery soldier; gunner	8	3
首长	shǒu zhǎng	senior official	8	3
杀伤	shā shāng	to kill or injure	8	3
改制	gǎi zhì	to reorganize; to restructure	8	3
所有人	suǒ yǒu rén	everyone; owner	8	3
市内	shì nèi	inside the city	8	3
右派	yòu pài	(political) right; right wing; rightist	8	3
演化	yǎn huà	to evolve; evolution	8	3
奴役	nú yì	to enslave	8	3
进宫	jìn gōng	to enter the emperor's palace; (slang) to go to jail	8	3
所指	suǒ zhǐ	the objects indicated; as pointed out	8	3
市中心	shì zhōng xīn	city center; downtown	8	3
各方	gè fāng	all parties (in a dispute etc); all sides; all directions	8	3
直言	zhí yán	to speak forthrightly; to talk bluntly	8	3
拿来	ná lái	to bring; to fetch; to get	8	3
南面	nán miàn	south side; south	8	3
险些	xiǎn xiē	narrowly; almost; nearly	8	3
江面	jiāng miàn	the surface of the river	8	3
间接选举	jiàn jiē xuǎn jǔ	indirect election	8	3
前锋	qián fēng	vanguard; front line; a forward (sports)	8	3
溶剂	róng jì	solvent	8	3
总管	zǒng guǎn	to be in charge of (a major area of responsibility)	8	3
领地	lǐng dì	territory; domain; estate	8	3
此类	cǐ lèi	this kind; these kinds; such	8	3
嘴角	zuǐ jiǎo	corner of the mouth	8	3
幼虫	yòu chóng	(entomology) larva	8	3
长子	zhǎng zǐ	eldest son	8	3
较差	jiào chā	range (the difference between the lowest and highest values)	8	3
大举	dà jǔ	(do sth) on a large scale	8	3
驱逐舰	qū zhú jiàn	destroyer (warship)	8	3
经济作物	jīng jì zuò wù	cash crop (economics)	8	3
现役	xiàn yì	(military) active duty; (sports) currently active (player, athlete etc)	8	3
微生物	wēi shēng wù	microorganism	8	3
底部	dǐ bù	bottom	8	3
侵蚀	qīn shí	to erode; to corrode	8	3
晚辈	wǎn bèi	the younger generation; those who come after	8	3
变态	biàn tài	to metamorphose (biology); abnormal; perverted	8	3
集团军	jí tuán jūn	army grouping; collective army	8	3
连声	lián shēng	repeatedly (say something)	8	3
服侍	fú shi	to attend to; to care for (patients etc); to look after	8	3
捕捞	bǔ lāo	to fish for (aquatic animals and plants); to catch	8	3
带上	dài shàng	to take along with one	8	3
头儿	tóu r	leader	8	3
坐标	zuò biāo	(geometry) coordinate	8	3
站长	zhàn zhǎng	person in charge of a train station 車站 (stationmaster), website 網站 (webmaster), volunteer center 志工站 (center manager), etc	8	3
留给	liú gěi	to set aside for	8	3
快照	kuài zhào	(photography) snapshot; (computing) snapshot; cached copy	8	3
造纸	zào zhǐ	papermaking	8	3
猪肉	zhū ròu	pork	8	3
接应	jiē yìng	to provide support; to come to the rescue	8	3
差额选举	chā é xuǎn jǔ	competitive election (i.e. with more candidates than seats)	8	3
可知	kě zhī	evidently; clearly; no wonder	8	3
一等	yī děng	first class; grade A	8	3
营建	yíng jiàn	to build; to construct	8	3
草丛	cǎo cóng	underbrush	8	3
病变	bìng biàn	pathological changes; lesion; diseased (kidney, cornea etc)	8	3
女郎	nǚ láng	young woman; maiden; girl	8	3
统率	tǒng shuài	to command; to direct	8	3
水电	shuǐ diàn	hydroelectric power; plumbing and electricity	8	3
屋脊	wū jǐ	roof ridge	8	3
亲征	qīn zhēng	to take to the field oneself (of emperor)	8	3
中专	zhōng zhuān	vocational secondary school; technical secondary school (abbr. for 中等專業學校)	8	3
个股	gè gǔ	share (in a listed company)	8	3
拾荒	shí huāng	to glean; to collect scraps; to eke out a meager living	8	3
滚滚	gǔn gǔn	to surge on; to roll on	8	3
冷却	lěng què	(lit. and fig.) to cool	8	3
赤道	chì dào	equator (of the earth or a celestial body); celestial equator	8	3
哭声	kū shēng	sound of weeping	8	3
各处	gè chù	every place	8	3
终端	zhōng duān	end; terminal	8	3
城郊	chéng jiāo	suburbs; outskirts of a city	8	3
一世	yī shì	generation; period of 30 years; one's whole lifetime	8	3
身为	shēn wéi	in the capacity of; as	8	3
贫苦	pín kǔ	poverty-stricken; poor	8	3
预警	yù jǐng	warning; early warning	8	3
北面	běi miàn	northern side; north	8	3
使馆	shǐ guǎn	consulate; diplomatic mission	8	3
机能	jī néng	function	8	3
向下	xiàng xià	down; downward	8	3
风声	fēng shēng	sound of the wind; rumor; talk	8	3
正统	zhèng tǒng	orthodoxy; tradition; orthodox; traditional	8	3
大刀	dà dāo	broadsword; large knife; machete	8	3
山头	shān tóu	mountain top, esp. one occupied by a mountain stronghold	8	3
中枢	zhōng shū	center; hub; the central administration	8	3
出兵	chū bīng	to send troops	8	3
中将	zhōng jiàng	lieutenant general; vice admiral; air marshal	8	3
阁下	gé xià	your distinguished self; your majesty; sire	8	3
命中	mìng zhòng	to hit (a target)	8	3
编成	biān chéng	to organize; to put together; to edit	8	3
全球化	quán qiú huà	globalization	8	3
近似	jìn sì	to approximate; to be similar	8	3
操作系统	cāo zuò xì tǒng	operating system	8	3
八角	bā jiǎo	anise; star anise; aniseed	8	3
平定	píng dìng	to pacify	8	3
本届	běn jiè	current; this year	8	3
掌门人	zhǎng mén rén	(wuxia) sect leader; (fig.) person in charge; head; leader; proprietor	8	3
名将	míng jiàng	famous general; (sports) renowned athlete	8	3
素有	sù yǒu	to have; to have always had	8	3
大红	dà hóng	crimson	8	3
刑罚	xíng fá	sentence; penalty; punishment	8	3
今夜	jīn yè	tonight; this evening	8	3
头目	tóu mù	ringleader; gang leader; chieftain	8	3
催化剂	cuī huà jì	catalyst	8	3
躯体	qū tǐ	(human) body	8	3
军政	jūn zhèng	army and government	8	3
流出	liú chū	to flow out; to issue; to leak	8	3
并入	bìng rù	to merge into; to incorporate in	8	3
奉命	fèng mìng	to receive orders; to follow orders; to act under orders	8	3
声势	shēng shì	fame and power; prestige; influence	8	3
差点	chà diǎn	almost; nearly	8	3
可比	kě bǐ	comparable	8	3
老鼠	lǎo shǔ	rat; mouse (CL:隻)	8	3
罐子	guàn zi	jar; pitcher; pot	8	3
疑心	yí xīn	suspicion; to suspect	8	3
文武百官	wén wǔ bǎi guān	civil and military officials	8	3
三十	sān shí	thirty; 30	8	3
老头子	lǎo tóu zi	(coll.) old man; (said of an aging husband) my old man	8	3
相近	xiāng jìn	close; similar to	8	3
案例	àn lì	case (of fraud, hepatitis, international cooperation etc); instance; example	8	3
禁地	jìn dì	forbidden area; restricted area; (fig.) sth considered off-limits	8	3
桥面	qiáo miàn	roadway; floor; deck	8	3
房门	fáng mén	door of a room	8	3
地壳	dì qiào	the Earth's crust	8	3
决定性	jué dìng xìng	decisive; conclusive	8	3
继位	jì wèi	to succeed to the throne	8	3
干活	gàn huó	to work; to be employed	8	3
积分	jī fēn	integral (calculus); accumulated points (in sports, at school etc)	8	3
直属	zhí shǔ	directly subordinate	8	3
月经	yuè jīng	menstruation; a woman's period	8	3
千里	qiān lǐ	a thousand miles; a thousand li (i.e. 500 kilometers); a long distance	8	3
修筑	xiū zhù	to build	8	3
不仅如此	bù jǐn rú cǐ	not only that, but ...	8	3
集成	jí chéng	integrated (as in integrated circuit)	8	3
电子书	diàn zǐ shū	electronic book; e-book; e-book reader	8	3
少爷	shào ye	son of the boss; young master of the house; your son (honorific)	8	3
难民	nàn mín	refugee	8	3
相接	xiāng jiē	to merge with; interlinking; to join with	8	3
相交	xiāng jiāo	(of roads, lines etc) to intersect	8	3
排水	pái shuǐ	to drain	8	3
陷于	xiàn yú	caught in (a bad situation); to fall into (trap etc)	8	3
水量	shuǐ liàng	volume of water; quantity of flow	8	3
炮塔	pào tǎ	gun turret	8	3
石化	shí huà	to petrify; petrochemical industry	8	3
处理器	chǔ lǐ qì	processor	8	3
洞口	dòng kǒu	cave mouth; tunnel entrance	8	3
态势	tài shì	posture; situation	8	3
链接	liàn jiē	to link; to catenate; link (on a web page); hyperlink	8	3
形制	xíng zhì	form; shape; structure	8	3
交战	jiāo zhàn	to fight; to wage war	8	3
侵略军	qīn lüè jūn	invading army	8	3
王位	wáng wèi	title of king; kingship	8	3
水位	shuǐ wèi	water level	8	3
方位	fāng wèi	direction; points of the compass; bearing	8	3
富户	fù hù	rich family; large landlord	8	3
创造性	chuàng zào xìng	creativeness; creativity	8	3
队友	duì yǒu	teammate; fellow team member	8	3
驻扎	zhù zhā	to station; to garrison (troops)	8	3
语族	yǔ zú	language branch	8	3
背影	bèi yǐng	rear view; figure seen from behind	8	3
来得	lái de	to emerge (from a comparison); to come out as	8	3
原油	yuán yóu	crude oil	8	3
南侧	nán cè	south side; south face	8	3
面孔	miàn kǒng	face	8	3
反之	fǎn zhī	on the other hand...; conversely...	8	3
水上	shuǐ shàng	on water; aquatic	8	3
外人	wài rén	outsider; foreigner; stranger	8	3
苍白	cāng bái	pale; wan	8	3
忽地	hū de	suddenly	8	3
各种各样	gè zhǒng gè yàng	various kinds; all sorts	8	3
半空	bàn kōng	midair	8	3
义务教育	yì wù jiào yù	compulsory education	8	3
编钟	biān zhōng	set of bells (old Chinese music instrument)	8	3
斩首	zhǎn shǒu	to behead; to decapitate	8	3
你好	nǐ hǎo	hello; hi	8	3
记者会	jì zhě huì	press conference	8	3
在位	zài wèi	to be on the throne; to reign; to hold a particular leadership position	8	3
谷地	gǔ dì	valley	8	3
挡住	dǎng zhù	to obstruct; to block	8	3
圣地	shèng dì	holy land (of a religion); sacred place; shrine	8	3
兴衰	xīng shuāi	prosperity and decline (of a kingdom); rise and fall	8	3
讲求	jiǎng qiú	to stress; to emphasize; particular about sth	8	3
弃权	qì quán	to waive a right; to abstain (from voting)	8	3
常绿	cháng lǜ	evergreen	8	3
大权	dà quán	power; authority	8	3
饿死	è sǐ	to starve to death; to be very hungry	8	3
进驻	jìn zhù	to enter and garrison; (fig.) to establish a presence in	8	3
运算	yùn suàn	to perform calculations; (mathematical) operation	8	3
当做	dàng zuò	to treat as; to regard as; to look upon as	8	3
武警	wǔ jǐng	armed police	8	3
出击	chū jī	to sally; to attack	8	3
不由	bù yóu	can't help (doing sth)	8	3
鼓吹	gǔ chuī	to agitate for; to enthusiastically promote	8	3
高产	gāo chǎn	high yielding	8	3
酒杯	jiǔ bēi	wine cup	8	3
无霜期	wú shuāng qī	frost-free period	8	3
轻工业	qīng gōng yè	light industry	8	3
挥舞	huī wǔ	to brandish; to wave sth	8	3
扶贫	fú pín	assistance to the poor; poverty alleviation	8	3
知识产权	zhī shi chǎn quán	intellectual property rights (law)	8	3
握住	wò zhù	to grip; to hold	8	3
定然	dìng rán	certainly; of course	8	3
中小企业	zhōng xiǎo qǐ yè	small and medium enterprise	8	3
垂体	chuí tǐ	pituitary gland	8	3
哑巴	yǎ ba	a mute; mute; silent	8	3
隐居	yǐn jū	to live in seclusion	8	3
瞎子	xiā zi	blind person	8	3
车子	chē zi	car or other vehicle (bicycle, truck etc)	8	3
层层	céng céng	layer upon layer	8	3
外事	wài shì	foreign affairs	8	3
义父	yì fù	adoptive father	8	3
攻破	gōng pò	to make a breakthrough; to break through; to breach (military)	8	3
支队	zhī duì	detachment (of troops)	8	3
还好	hái hǎo	not bad; pretty good; fortunately; luckily	8	3
绿豆	lǜ dòu	mung bean	8	3
操练	cāo liàn	drill; practice	8	3
上将	shàng jiàng	general; admiral; air chief marshal	8	3
红花	hóng huā	safflower (Carthamus tinctorius)	8	3
水土	shuǐ tǔ	water and soil; surface water; natural environment (extended meaning)	8	3
播种	bō zhǒng	to sow seeds	8	3
也罢	yě bà	(reduplicated) whether... or...; never mind	8	3
直辖	zhí xiá	to govern directly	8	3
后宫	hòu gōng	harem; chambers of imperial concubines	8	3
轻工	qīng gōng	light engineering	8	3
大伙	dà huǒ	everyone; all of us; all of you	8	3
闪避	shǎn bì	to dodge; to sidestep	8	3
至尊	zhì zūn	the most honorable; the most respected; supreme	8	3
聚居	jù jū	to inhabit a region (esp. ethnic group); to congregate	8	3
管制	guǎn zhì	to control; to restrict	8	3
敌后	dí hòu	(military) the enemy's rear; behind enemy lines	8	3
北侧	běi cè	north side; north face	8	3
人影	rén yǐng	the shadow of a human figure	8	3
行星	xíng xīng	planet	8	3
胡说八道	hú shuō bā dào	to talk rubbish	8	3
饭菜	fàn cài	food	8	3
行礼	xíng lǐ	to salute; to make one's salutations	8	3
妖精	yāo jing	evil spirit; alluring woman	8	3
分公司	fēn gōng sī	subsidiary company; branch office	8	3
两端	liǎng duān	both ends (of a stick etc); two extremes	8	3
下滑	xià huá	to slide down (a slope etc); (fig.) to decline	8	3
所有权	suǒ yǒu quán	ownership; possession; property rights	8	3
行径	xíng jìng	(usu. pejorative) conduct; behavior; act; path; trail	8	3
结算	jié suàn	to settle a bill; to close an account	8	3
浩浩荡荡	hào hào dàng dàng	(idiom) grandiose; majestic	8	3
新高	xīn gāo	new high	8	3
进京	jìn jīng	to enter the capital; to go to Beijing	8	3
反动派	fǎn dòng pài	reactionaries	8	3
谷物	gǔ wù	cereal; grain	8	3
警方	jǐng fāng	police	8	3
年末	nián mò	end of the year	8	3
脉冲	mài chōng	pulse (physics)	8	3
攻打	gōng dǎ	to attack (the enemy)	8	3
所有制	suǒ yǒu zhì	ownership of the means of production (in Marxism); system of ownership	8	3
对了	duì le	Correct!	8	3
多用	duō yòng	multipurpose; having several uses	8	3
力图	lì tú	to try hard to; to strive to	8	3
交错	jiāo cuò	to crisscross; to intertwine	8	3
应届	yīng jiè	this year's; the current year's	8	3
陵墓	líng mù	tomb; mausoleum	8	3
纺织品	fǎng zhī pǐn	textile; fabrics	8	3
自然科学	zì rán kē xué	natural sciences	8	3
谈谈	tán tán	to discuss; to have a chat	8	3
耕作	gēng zuò	to farm; to cultivate the land; to work in the fields	8	3
法人	fǎ rén	legal person; corporation	8	3
创制	chuàng zhì	to formulate; to institute; to create	8	3
照射	zhào shè	to shine on; to light up; to irradiate	8	3
烟草	yān cǎo	tobacco	8	3
抗敌	kàng dí	to resist the enemy	8	3
名列	míng liè	to rank (number 1, or third last etc)	8	3
今儿	jīn r	(coll.) today	8	3
走势	zǒu shì	tendency; trend; path	8	3
求得	qiú dé	to ask for sth and receive it; to try to obtain; to look for and obtain	8	3
朝政	cháo zhèng	(historical) affairs of state at the imperial court	8	3
兼有	jiān yǒu	to combine; to have both	8	3
行军	xíng jūn	(of troops) to march	8	3
敌方	dí fāng	enemy	8	3
御史	yù shǐ	imperial censor (formal title of a dynastic official)	8	3
兄长	xiōng zhǎng	elder brother; term of respect for a man of about the same age	8	3
下设	xià shè	(of an organization) to have as a subunit	8	3
师徒	shī tú	master and disciple	8	3
外围	wài wéi	surrounding	8	3
区划	qū huà	subdivision (e.g. of provinces into counties)	8	3
远销	yuǎn xiāo	to sell to faraway lands	8	3
似地	shì de	(used to form an adverbial phrase X + 似地) like (X); as if (X)	8	3
门类	mén lèi	category; kind; class	8	3
版图	bǎn tú	domain; territory	8	3
选举权	xuǎn jǔ quán	suffrage	8	3
游牧	yóu mù	nomadic; to move about in search of pasture; to rove around as a nomad	8	3
洞穴	dòng xué	cave; cavern	8	3
凝视	níng shì	to gaze at; to fix one's eyes on	8	3
牵引	qiān yǐn	to pull; to draw (a cart); to tow	8	3
激战	jī zhàn	to fight fiercely; fierce battle	8	3
荷叶	hé yè	lotus leaf	8	3
生源	shēng yuán	supply of students; source of students	8	3
惊呼	jīng hū	to cry out in alarm or surprise	8	3
圣旨	shèng zhǐ	imperial edict	8	3
保住	bǎo zhù	to preserve; to save	8	3
体格	tǐ gé	bodily health; one's physical state; physique	8	3
营长	yíng zhǎng	battalion commander	8	3
研讨会	yán tǎo huì	discussion forum; seminar	8	3
注意力	zhù yì lì	attention	8	3
实战	shí zhàn	real combat; actual combat	8	3
静脉	jìng mài	vein	8	3
长治久安	cháng zhì jiǔ ān	long-term peace and stability (of governments)	8	3
生物学	shēng wù xué	biology	8	3
赋税	fù shuì	taxation	8	3
反潜	fǎn qián	anti-submarine; antisubmarine	8	3
绳索	shéng suǒ	rope	8	3
双臂	shuāng bì	arms; both arms; two arms	8	3
身着	shēn zhuó	to wear	8	3
生产能力	shēng chǎn néng lì	manufacturing ability; production capacity	8	3
店铺	diàn pù	store; shop	8	3
重用	zhòng yòng	to put in an important position	8	3
疑难	yí nán	hard to understand; difficult to deal with; knotty	8	3
头痛	tóu tòng	to have a headache	8	3
反共	fǎn gòng	anti-communist	8	3
单词	dān cí	word	8	3
四通八达	sì tōng bā dá	roads open in all directions (idiom); accessible from all sides	8	3
传送	chuán sòng	to convey; to deliver; to transmit	8	3
历史性	lì shǐ xìng	historic	8	3
卫士	wèi shì	guardian; defender	8	3
造船	zào chuán	shipbuilding	8	3
党政	dǎng zhèng	Party and government administration	8	3
圆柱	yuán zhù	column; cylinder	8	3
五四	wǔ sì	fourth of May, cf 五四運動 national renewal movement that started with 4th May 1919 protest against the Treaty of Versailles	8	3
顶端	dǐng duān	summit; peak	8	3
痛哭	tòng kū	to cry bitterly	8	3
性子	xìng zi	temper	8	3
五十	wǔ shí	fifty	8	3
主帅	zhǔ shuài	(military) commander-in-chief; (sports) team manager; coach	8	3
抗击	kàng jī	to resist (an aggressor); to oppose (a menace)	8	3
墓葬	mù zàng	(archeology) grave; tomb	8	3
以求	yǐ qiú	in order to	8	3
破译	pò yì	to decipher; to decode	8	3
军费	jūn fèi	military expenditure	8	3
油田	yóu tián	oil field	8	3
云雾	yún wù	clouds and mist	8	3
胜地	shèng dì	well-known scenic spot	8	3
先令	xiān lìng	(loanword) shilling	8	3
举人	jǔ rén	graduate; successful candidate in the imperial provincial examination	8	3
波长	bō cháng	wavelength	8	3
日渐	rì jiàn	to progress (or increase, change etc) day by day	8	3
修炼	xiū liàn	(of Taoists) to practice austerities; to practice asceticism	8	3
水文	shuǐ wén	hydrology	8	3
客场	kè chǎng	away-game arena; away-game venue	8	3
添加剂	tiān jiā jì	additive; food additive	8	3
党派	dǎng pài	political party; faction	8	3
两下	liǎng xià	twice; for a little while	8	3
钻进	zuān jìn	to get into; to dig into (studies, job etc); to squeeze into	8	3
胜过	shèng guò	to excel; to surpass	8	3
泥沙	ní shā	silt	8	3
商贸	shāng mào	trade and commerce	8	3
独具	dú jù	to have unique (talent, insight etc)	8	3
洋人	yáng rén	foreigner; (esp.) Westerner	8	3
怒火	nù huǒ	rage; fury; hot anger	8	3
器物	qì wù	implement; utensil; article	8	3
倒退	dào tuì	to fall back; to go in reverse	8	3
不当	bù dàng	unsuitable; improper; inappropriate	8	3
上线	shàng xiàn	to go online; to put sth online; to reach a specific standard	8	3
野战军	yě zhàn jūn	field army	8	3
平生	píng shēng	all one's life	8	3
对外贸易	duì wài mào yì	foreign trade	8	3
终年	zhōng nián	entire year; throughout the year; age at death	8	3
玉器	yù qì	jade artifact	8	3
右倾	yòu qīng	right-wing; reactionary; conservative	8	3
列强	liè qiáng	the Great Powers (history)	8	3
打下	dǎ xià	to lay (a foundation); to conquer (a city etc)	8	3
体长	tǐ cháng	body length	8	3
皮子	pí zi	skin; fur	8	3
民主主义	mín zhǔ zhǔ yì	democracy (as an ideology)	8	3
攻入	gōng rù	to force entrance into; to score a goal (sport)	8	3
世界各地	shì jiè gè dì	all over the world; everywhere; in all parts of the world	8	3
顶上	dǐng shàng	on top of; at the summit	8	3
防水	fáng shuǐ	waterproof	8	3
而后	ér hòu	after that; then	8	3
美誉	měi yù	good name; good reputation	8	3
活塞	huó sāi	piston	8	3
暗自	àn zì	inwardly; to oneself; secretly	8	3
文官	wén guān	civil official	8	3
插入	chā rù	to insert; to stick in; to plug in	8	3
微波	wēi bō	ripple; microwave	8	3
属下	shǔ xià	subordinate; affiliated to; subsidiary	8	3
吸引力	xī yǐn lì	attractive force (such as gravitation); sex appeal; attractiveness	8	3
系数	xì shù	coefficient; factor; modulus	8	3
石窟	shí kū	rock cave; grotto; cliff caves (often with Buddhist statues)	8	3
债券	zhài quàn	bond; debenture	8	3
物理学家	wù lǐ xué jiā	physicist	8	3
巡航导弹	xún háng dǎo dàn	cruise missile	8	3
善人	shàn rén	philanthropist; charitable person; well-doer	8	3
前身	qián shēn	forerunner; predecessor; precursor	8	3
放射性	fàng shè xìng	radioactive	8	3
容貌	róng mào	one's appearance; one's aspect; looks	8	3
且说	qiě shuō	thus	8	3
专科学校	zhuān kē xué xiào	specialized school; college for professional training; polytechnic	8	3
政治委员	zhèng zhì wěi yuán	political commissar (during Russian and Chinese communist revolutions)	8	3
天麻	tiān má	Gastrodia elata (botany)	8	3
变法	biàn fǎ	to change the laws; political reform; unconventional method	8	3
别名	bié míng	alias; alternative name	8	3
击中	jī zhòng	to hit (a target); to strike	8	3
石膏	shí gāo	gypsum CaSO4·2(H2O); plaster; plaster cast (for a broken bone)	8	3
战败	zhàn bài	to lose a war	8	3
冲出	chōng chū	to rush out	8	3
调和	tiáo hé	harmonious; to mediate; to reconcile; mediation	8	3
绕过	rào guò	to detour; to bypass; to circumvent	8	3
纵贯	zòng guàn	lit. warp string in weaving; fig. vertical or north-south lines	8	3
毫克	háo kè	milligram	8	3
部族	bù zú	tribe; clan	8	3
增殖	zēng zhí	growth; increase	8	3
殖民者	zhí mín zhě	colonizer; colonist; settler	8	3
构件	gòu jiàn	member; component; part	8	3
唯有	wéi yǒu	only	8	3
几经	jǐ jīng	to go through numerous (setbacks, revisions etc)	8	3
驻足	zhù zú	to stop (walking); to halt	8	3
赏赐	shǎng cì	to bestow a reward; a reward	8	3
甲板	jiǎ bǎn	deck (of a ship or boat)	8	3
并肩	bìng jiān	alongside; shoulder to shoulder; side by side	8	3
写信	xiě xìn	to write a letter	8	3
俯身	fǔ shēn	to lean over; to bend over; to stoop	8	3
看清	kàn qīng	to see clearly	8	3
电磁	diàn cí	electromagnetism	8	3
无从	wú cóng	not to have access; beyond one's authority or capability	8	3
打入	dǎ rù	to penetrate; to break into (a market, social group etc); to infiltrate (enemy ranks etc)	8	3
太守	tài shǒu	governor of a province	8	3
无处	wú chù	nowhere	8	3
乐于	lè yú	willing (to do sth); to take pleasure in	8	3
暴动	bào dòng	insurrection; rebellion	8	3
折子	zhé zi	folding notebook; accounts book	8	3
身形	shēn xíng	figure (esp. a woman's)	8	3
规范化	guī fàn huà	to standardize; standardization	8	3
若非	ruò fēi	were it not for; if not for	8	3
繁多	fán duō	many and varied; of many different kinds	8	3
后方	hòu fāng	the rear; far behind the front line	8	3
借款	jiè kuǎn	to lend money; to borrow money; loan	8	3
任用	rèn yòng	to appoint; to assign	8	3
书生	shū shēng	scholar; intellectual; egghead	8	3
电路	diàn lù	electric circuit	8	3
数年	shù nián	several years; many years	8	3
利于	lì yú	to be beneficial to; to be conducive to	8	3
军团	jūn tuán	corps; legion	8	3
威严	wēi yán	dignified; imposing; august	8	3
诗篇	shī piān	a poem; a composition in verse	8	3
胡乱	hú luàn	careless; reckless; casually	8	3
武官	wǔ guān	military official; military attaché	8	3
面色	miàn sè	complexion	8	3
半径	bàn jìng	radius	8	3
内政	nèi zhèng	internal affairs (of a country)	8	3
排长	pái zhǎng	platoon leader; sergeant	8	3
航空母舰	háng kōng mǔ jiàn	aircraft carrier (CL:艘); (fig.) juggernaut	8	3
使出	shǐ chū	to use; to exert	8	3
战马	zhàn mǎ	warhorse	8	3
形似	xíng sì	similar in shape and appearance	8	3
市政	shì zhèng	municipal administration	8	3
一员	yī yuán	a member (of an organization)	8	3
生产者	shēng chǎn zhě	producer (of goods, commodities or farm produce etc); manufacturer	8	3
水生	shuǐ shēng	aquatic (plant, animal)	8	3
掠过	lüè guò	to flit across; to sweep past; to glance (strike at an angle)	8	3
医师	yī shī	doctor; physician	8	3
细细	xì xì	attentive; careful	8	3
神功	shén gōng	amazing powers; miraculous skill	8	3
教徒	jiào tú	disciple; follower of a religion	8	3
不忍	bù rěn	cannot bear to	8	3
罪名	zuì míng	charge; accusation; stigma; bad name; stained reputation	8	3
甲鱼	jiǎ yú	softshell turtle	8	3
喊声	hǎn shēng	to yell; hubbub	8	3
十七	shí qī	seventeen; 17	8	3
捕食	bǔ shí	to prey on; to catch and feed on; to hunt for food	8	3
突围	tū wéi	to break a siege; to break out of an enclosure	8	3
径直	jìng zhí	directly	8	3
寺院	sì yuàn	cloister; temple; monastery	8	3
固有	gù yǒu	intrinsic to sth; inherent; native	8	3
产权	chǎn quán	property right	8	3
石器	shí qì	stone tool; stone implement	8	3
有无	yǒu wú	to have or have not; surplus and shortfall; tangible and intangible	8	3
客店	kè diàn	small hotel; inn	8	3
动力学	dòng lì xué	dynamics (math.); kinetics	8	3
焕然一新	huàn rán yī xīn	to look completely new (idiom); brand new; changed beyond recognition	8	3
右侧	yòu cè	right side	8	3
为着	wèi zhe	in order to; because of; for the sake of	8	3
紫色	zǐ sè	purple; violet (color)	8	3
气流	qì liú	stream of air; airflow; slipstream	8	3
日照	rì zhào	sunshine	8	3
仅供参考	jǐn gōng cān kǎo	for reference only	8	3
钢材	gāng cái	steel (as raw material); steel sheets, bars, tubes, ingots, wire etc	8	3
天下第一	tiān xià dì yī	first under heaven; number one in the country	8	3
呼叫	hū jiào	to shout; to yell; (telecommunications) to call	8	3
初年	chū nián	early years	8	3
官话	guān huà	"officialese"; bureaucratic language; Mandarin	8	3
户籍	hù jí	census register; household register	8	3
居多	jū duō	to be in the majority	8	3
奈何	nài hé	to do something to sb; to deal with; to cope	8	3
反攻	fǎn gōng	to counterattack; a counteroffensive	8	3
农田	nóng tián	farmland; cultivated land	8	3
量子	liàng zǐ	(physics) quantum	8	3
理应	lǐ yīng	should; ought to	8	3
漆黑	qī hēi	pitch-black	8	3
排出	pái chū	to discharge	8	3
前一天	qián yī tiān	the day before (an event)	8	3
三军	sān jūn	(in former times) upper, middle and lower army	8	3
驻军	zhù jūn	to station or garrison troops; garrison	8	3
近年	jìn nián	recent year(s)	8	3
光电	guāng diàn	photoelectric	8	3
销售额	xiāo shòu é	sales figure; total income from sales; turnover	8	3
请安	qǐng ān	to pay respects; to wish good health	8	3
空运	kōng yùn	air transport	8	3
水底	shuǐ dǐ	the bottom of a body of water	8	3
新风	xīn fēng	new trend; new custom	8	3
官署	guān shǔ	official institution; state bureau	8	3
摆手	bǎi shǒu	to wave one's hand	8	3
分水岭	fēn shuǐ lǐng	dividing range; drainage divide; (fig.) dividing line	8	3
亡国	wáng guó	(of a nation) to be destroyed; to be subjugated; a fallen nation	8	3
炒菜	chǎo cài	to stir-fry; to do the cooking; stir-fried dish	8	3
捕鱼	bǔ yú	to catch fish; to fish	8	3
勇士	yǒng shì	a warrior; a brave person	8	3
衣袖	yī xiù	the sleeve of a garment	8	3
薪酬	xīn chóu	pay; remuneration; salary	8	3
小船	xiǎo chuán	boat	8	3
太师	tài shī	imperial tutor	8	3
全称	quán chēng	full name	8	3
自治权	zì zhì quán	the right to autonomy; autonomy	8	3
病因	bìng yīn	cause of disease; pathogen	8	3
惊动	jīng dòng	to alarm; to startle; to disturb	8	3
选定	xuǎn dìng	to select; to choose; to settle on	8	3
租界	zū jiè	foreign concession, an enclave occupied by a foreign power (in China in the 19th and 20th centuries)	8	3
国人	guó rén	compatriots (literary); fellow countrymen	8	3
二来	èr lái	secondly, ...	8	3
情势	qíng shì	situation; circumstance	8	3
常住	cháng zhù	long-term resident; permanent residence	8	3
好不好	hǎo bu hǎo	(coll.) all right?; OK?	8	3
城池	chéng chí	city	8	3
农奴	nóng nú	serf	8	3
紧急状态	jǐn jí zhuàng tài	state of emergency	8	3
媒介	méi jiè	intermediary; vehicle; vector	8	3
取名	qǔ míng	to name; to be named; to christen	8	3
适应性	shì yìng xìng	adaptability; flexibility	8	3
迎面	yíng miàn	directly; head-on (collision); (of wind) in one's face	8	3
被选举权	bèi xuǎn jǔ quán	the right to be elected; the right to stand for election	8	3
积雪	jī xuě	snow; snow cover; snow mantle	8	3
小儿	xiǎo ér	young child; (humble) my son	8	3
寄生	jì shēng	to live in or on another organism as a parasite	8	3
庄重	zhuāng zhòng	grave; solemn; dignified	8	3
两头	liǎng tóu	both ends; both parties to a deal	8	3
做人	zuò rén	to conduct oneself; to behave with integrity	8	3
辈出	bèi chū	to come forth in large numbers	8	3
省城	shěng chéng	provincial capital	8	3
轻声	qīng shēng	in a quiet voice; softly; (linguistics) neutral tone	8	3
官场	guān chǎng	officialdom; bureaucracy	8	3
规章	guī zhāng	rule; regulation	8	3
油脂	yóu zhī	grease; oil; fat	8	3
四级	sì jí	grade 4; fourth class; category D	8	3
可可	kě kě	(loanword) cocoa	8	3
叫卖	jiào mài	to hawk (one's wares); to peddle	8	3
刺刀	cì dāo	bayonet	8	3
腊肉	là ròu	meat that has been cured and air-dried in the cold (esp. during the 12th lunar month)	8	3
石碑	shí bēi	stele; stone tablet (for inscription)	8	3
水路	shuǐ lù	waterway	8	3
整修	zhěng xiū	to repair; to refurbish; to renovate	8	3
大专	dà zhuān	three-year college; junior college; professional training college	8	3
海岸线	hǎi àn xiàn	coastline; seaboard; shoreline	8	3
极好	jí hǎo	fabulous; superb; excellent	8	3
教导	jiào dǎo	to instruct; to teach; guidance	8	3
战俘	zhàn fú	prisoner of war	8	3
恭敬	gōng jìng	deferential; respectful	8	3
奋起	fèn qǐ	to rise vigorously; a spirited start	8	3
邮政编码	yóu zhèng biān mǎ	postal code; zip code	8	3
跨度	kuà dù	span; horizontal distance between vertical supports	8	3
赛事	sài shì	competition (e.g. sporting)	8	3
烟雾	yān wù	smoke; mist; vapor	8	3
富贵	fù guì	riches and honor	8	3
仙人	xiān rén	Daoist immortal; celestial being	8	3
国立	guó lì	national; state-run; public	8	3
全权代表	quán quán dài biǎo	plenipotentiary; fully authorized representative	8	3
定理	dìng lǐ	theorem	8	3
企业家	qǐ yè jiā	entrepreneur	8	3
转念	zhuǎn niàn	to have second thoughts about sth; to think better of	8	3
最先	zuì xiān	(the) very first	8	3
招商	zhāo shāng	to seek investment or funding; investment promotion	8	3
刀子	dāo zi	knife	8	3
全城	quán chéng	whole city	8	3
秀才	xiù cai	a person who has passed the county level imperial exam (historical)	8	3
数值	shù zhí	numerical value	8	3
恶人	è rén	evil person; vile creature; villain; (archaic) ugly person	8	3
会议室	huì yì shì	meeting room; conference room	8	3
事变	shì biàn	incident; unforeseen event; events (in general)	8	3
轿子	jiào zi	sedan chair; palanquin; litter	8	3
营地	yíng dì	camp	8	3
僵尸	jiāng shī	gyonshi; jiang shi; Chinese vampire	8	3
文责自负	wén zé zì fù	the author takes sole responsibility for the views expressed here (disclaimer)	8	3
指导员	zhǐ dǎo yuán	instructor; coach; political instructor (in the PLA)	8	3
子公司	zǐ gōng sī	subsidiary company; subsidiary corporation	8	3
半截	bàn jié	half (of sth); halfway through	8	3
凝神	níng shén	with rapt attention	8	3
转运	zhuǎn yùn	to forward; to transfer; to transship; to have luck turn in one's favor	8	3
掀开	xiān kāi	to lift open; to tear open	8	3
土特产	tǔ tè chǎn	local specialty	8	3
不久前	bù jiǔ qián	not long ago	8	3
末期	mò qī	end (of a period); last part; final phase	8	3
工农业	gōng nóng yè	industry and agriculture	8	3
国务	guó wù	affairs of state	8	3
重力	zhòng lì	gravity	8	3
献策	xiàn cè	to offer advice; to make a suggestion	8	3
欺侮	qī wǔ	to bully	8	3
两方	liǎng fāng	both sides (in contract); the two opposing sides (in a dispute)	8	3
群众性	qún zhòng xìng	to do with the masses; mass (meeting, movement etc)	8	3
移居	yí jū	to migrate; to move to a new place of residence	8	3
独裁	dú cái	dictatorship	8	3
烧饼	shāo bing	baked sesame seed-coated cake	8	3
外交部长	wài jiāo bù zhǎng	minister of foreign affairs	8	3
蛋壳	dàn ké	eggshell	8	3
数万	shù wàn	several tens of thousands; many thousand	8	3
归于	guī yú	to belong to; affiliated to; to result in sth	8	3
尸首	shī shou	dead body; corpse (Note: In expressions like 屍首分離 or 屍首異處, decapitation is implied.)	8	3
权限	quán xiàn	scope of authority; extent of power; (access etc) privileges	8	3
大功	dà gōng	great merit; great service	8	3
乳房	rǔ fáng	breast; udder	8	3
飞舞	fēi wǔ	to flutter; to dance in the breeze	8	3
野人	yě rén	a savage; uncivilized person	8	3
算术	suàn shù	arithmetic	8	3
社长	shè zhǎng	president or director (of association etc)	8	3
知晓	zhī xiǎo	to know; to understand	8	3
喊道	hǎn dào	to yell	8	3
粮食作物	liáng shi zuò wù	grain crops; cereals	8	3
扩充	kuò chōng	to expand	8	3
星云	xīng yún	nebula	8	3
总和	zǒng hé	sum	8	3
奉行	fèng xíng	to pursue (a course, a policy)	8	3
罪行	zuì xíng	crime; offense	8	3
显露	xiǎn lù	to become visible; to reveal	8	3
字样	zì yàng	model or template character; written slogan or phrase	8	3
回旋	huí xuán	to circle; to wheel; to go around	8	3
危难	wēi nàn	calamity	8	3
苦苦	kǔ kǔ	strenuously; persistently; hard	8	3
腹地	fù dì	hinterland; interior; outback	8	3
有钱	yǒu qián	well-off; wealthy	8	3
岩浆	yán jiāng	(geology) magma	8	3
事例	shì lì	example; exemplar; typical case	8	3
贫民	pín mín	poor people	8	3
袖子	xiù zi	sleeve	8	3
牌楼	pái lou	decorated archway	8	3
幕僚	mù liáo	aides and advisors of top officials	8	3
完工	wán gōng	to finish work; to complete a project	8	3
党组	dǎng zǔ	party leadership group	8	3
畜牧	xù mù	to raise animals	8	3
派兵	pài bīng	to dispatch troops	8	3
护卫舰	hù wèi jiàn	escort vessel; frigate; corvette	8	3
批量	pī liàng	batch; lot	8	3
光谱	guāng pǔ	spectrum	8	3
乖乖	guāi guāi	(of a child) well-behaved; obediently	8	3
老兄	lǎo xiōng	elder brother (often used self-referentially)	8	3
点着	diǎn zháo	to light (a candle, cigarette etc)	8	3
死伤	sǐ shāng	casualties; dead and injured	8	3
姑妈	gū mā	(coll.) father's married sister; paternal aunt	8	3
圣水	shèng shuǐ	holy water	8	3
参赞	cān zàn	to serve as an adviser; (diplomatic rank) attaché; counselor	8	3
灌木	guàn mù	bush; shrub	8	3
旗下	qí xià	under the banner of	8	3
田地	tián dì	field; farmland; cropland	8	3
甚为	shèn wéi	very; extremely	8	3
无异	wú yì	nothing other than; to differ in no way from; the same as	8	3
减小	jiǎn xiǎo	to reduce; to decrease; to diminish	8	3
诗集	shī jí	poetry anthology	8	3
民族主义	mín zú zhǔ yì	nationalism; national self-determination	8	3
故居	gù jū	former residence	8	3
小将	xiǎo jiàng	(in classical literature) young military officer of high rank for his age	8	3
基金会	jī jīn huì	foundation (institution supported by an endowment)	8	3
人民团体	rén mín tuán tǐ	people's organization (e.g. labor unions, peasant associations, scholarly associations etc)	8	3
零星	líng xīng	fragmentary; piecemeal; in bits and pieces; sporadic; scattered	8	3
走访	zǒu fǎng	to visit; to go around visiting (people or places)	8	3
平地	píng dì	to level the land; level ground; plain	8	3
中产阶级	zhōng chǎn jiē jí	middle class	8	3
鬼子	guǐ zi	devil (derog. term for foreign invaders)	8	3
钢筋	gāng jīn	steel reinforcing bar	8	3
聚合	jù hé	to bring together; to combine into a whole; (chemistry) to polymerize	8	3
筑城	zhù chéng	fortification	8	3
俗名	sú míng	vernacular name; lay name (of a priest)	8	3
翻修	fān xiū	to rebuild (house or road); to overhaul	8	3
灯火	dēng huǒ	lights	8	3
实事	shí shì	fact; actual thing; practical matter	8	3
守卫	shǒu wèi	to guard; to defend	8	3
处死	chǔ sǐ	an execution; to put sb to death	8	3
针对性	zhēn duì xìng	focus; direction; purpose	8	3
绵延	mián yán	(esp. of a mountain range) to be continuous; to stretch long and unbroken	8	3
烹制	pēng zhì	to cook; to prepare (food)	8	3
失调	shī diào	out of tune (music)	8	3
发信	fā xìn	to post a letter	8	3
十万	shí wàn	hundred thousand	8	3
再生产	zài shēng chǎn	to reproduce; reproduction	8	3
顶部	dǐng bù	roof; topmost part; top (of tree, wall etc)	8	3
比作	bǐ zuò	to liken to; to compare to	8	3
毒蛇	dú shé	viper	8	3
排水量	pái shuǐ liàng	displacement	8	3
名优	míng yōu	excellent quality; outstanding (product)	8	3
一排	yī pái	row	8	3
转而	zhuǎn ér	to turn to (sth else); to switch to	8	3
精锐	jīng ruì	elite (e.g. troops); crack; best quality personnel	8	3
呼呼	hū hū	(onom.) sound of the wind or the breathing of sb who is sound asleep	8	3
分数线	fēn shù xiàn	horizontal line (in a fraction); minimum passing score	8	3
跪倒	guì dǎo	to kneel down; to sink to one's knees; to grovel	8	3
职称	zhí chēng	one's professional position; title; job title	8	3
求职者	qiú zhí zhě	job applicant	8	3
怒气	nù qì	anger	8	3
图谋	tú móu	to conspire	8	3
厌恶	yàn wù	to loathe; to hate; disgusted with sth	8	3
不屈	bù qū	unyielding; unbending	8	3
会计师	kuài jì shī	accountant	8	3
为准	wéi zhǔn	to serve as the norm	8	3
丰产	fēng chǎn	high yield; bumper crop	8	3
世俗	shì sú	profane; secular; worldly	8	3
甜酒	tián jiǔ	sweet liquor	8	3
树干	shù gàn	tree trunk	8	3
意味	yì wèi	meaning; implication; flavor	8	3
急流	jí liú	torrent	8	3
剧社	jù shè	theater company	8	3
颗粒	kē lì	kernel; granule; granulated (sugar, chemical product)	8	3
未知	wèi zhī	unknown	8	3
家门	jiā mén	house door; family clan	8	3
伸展	shēn zhǎn	stretching; extension	8	3
下锅	xià guō	to put into the pot (to cook)	8	3
飞扬	fēi yáng	to rise; to fly upward	8	3
纤维素	xiān wéi sù	cellulose	8	3
书本	shū běn	book (chiefly used to refer to a plurality of books or books in general)	8	3
自尽	zì jìn	to kill oneself; to commit suicide	8	3
持股	chí gǔ	to hold shares	8	3
线性	xiàn xìng	linear; linearity	8	3
繁衍	fán yǎn	to multiply; to reproduce; to increase gradually in number or quantity	8	3
粗大	cū dà	thick; bulky; loud	8	3
气概	qì gài	lofty quality; mettle; spirit	8	3
合力	hé lì	to join forces; concerted effort; (physics) resultant force	8	3
冲积平原	chōng jī píng yuán	alluvial plain	8	3
余下	yú xià	remaining	8	3
联队	lián duì	wing (of an air force)	8	3
喷出	pēn chū	spout; spray; belch	8	3
史书	shǐ shū	history book	8	3
非同小可	fēi tóng xiǎo kě	extremely important; no small matter	8	3
空降	kōng jiàng	to drop from the sky; (fig.) to appear out of nowhere	8	3
相会	xiāng huì	to meet together	8	3
心腹	xīn fù	trusted aide; confidant	8	3
茫茫	máng máng	boundless; vast and obscure	8	3
股本	gǔ běn	capital stock; investment	8	3
精密	jīng mì	accuracy; exact; precise	8	3
眼球	yǎn qiú	eyeball; (fig.) attention	8	3
现实主义	xiàn shí zhǔ yì	realism	8	3
涂料	tú liào	paint	8	3
活性	huó xìng	(chemistry) activity; active; activated	8	3
强力	qiáng lì	powerful	8	3
吃法	chī fǎ	way of eating; how something is eaten; how a dish is prepared	8	3
摘要	zhāi yào	summary; abstract	8	3
奔驰	bēn chí	to run quickly; to speed; to gallop	8	3
奔腾	bēn téng	(of waves) to surge forward; to roll on in waves; to gallop	8	3
品级	pǐn jí	workmanship	8	3
借以	jiè yǐ	so as to; for the purpose of; in order to	8	3
清蒸	qīng zhēng	steamed in broth	8	3
流亡	liú wáng	to go into exile; to be in exile	8	3
核试验	hé shì yàn	nuclear test	8	3
改成	gǎi chéng	to convert; to turn into (sth else)	8	3
大火	dà huǒ	conflagration; large fire	8	3
招聘会	zhāo pìn huì	recruitment meeting; job fair	8	3
学到	xué dào	to learn (sth); to learn about	8	3
肆意	sì yì	wantonly; recklessly; willfully	8	3
火器	huǒ qì	gunpowder weapon (esp. firearm)	8	3
圣人	shèng rén	sage; the Sage (i.e. Confucius); (religion) saint	8	3
电机	diàn jī	electrical machinery	8	3
毒药	dú yào	poison	8	3
放声	fàng shēng	very loudly; at the top of one's voice	8	3
班子	bān zi	organized group; theatrical troupe	8	3
得来	dé lái	to come by; to obtain through some means	8	3
驾驶员	jià shǐ yuán	pilot; driver	8	3
无记名	wú jì míng	(of a document) not bearing a name	8	3
混战	hùn zhàn	chaotic warfare; confused fighting; melee; to join in such fighting	8	3
注释	zhù shì	to annotate; to add a comment; explanatory note; annotation	8	3
河边	hé biān	river bank	8	3
有余	yǒu yú	to have an abundance	8	3
星宿	xīng xiù	constellation (arch., now 星座)	8	3
护送	hù sòng	to escort; to accompany	8	3
弧形	hú xíng	curve; arc	8	3
外皮	wài pí	outer skin; carapace	8	3
割据	gē jù	to set up an independent regime; to secede; segmentation	8	3
会合	huì hé	to meet; to rendezvous; to merge	8	3
高位	gāo wèi	high position; eminent status; top job	8	3
螺旋	luó xuán	spiral; helix; screw	8	3
战事	zhàn shì	war; hostilities; fighting	8	3
想像	xiǎng xiàng	to imagine; to envision; imagination	8	3
思想家	sī xiǎng jiā	thinker	8	3
双腿	shuāng tuǐ	legs; both legs; two legs	8	3
鱼池	yú chí	fishpond	8	3
猴子	hóu zi	monkey	8	3
毛尖	máo jiān	maojian (a type of Chinese green tea made from young leaves and buds)	8	3
昨夜	zuó yè	last night	8	3
推举	tuī jǔ	to nominate as a worthy candidate; to recommend; to elect; to choose	8	3
探花	tàn huā	candidate who came third in the Hanlin examination (cf. 狀元)	8	3
宽大	kuān dà	spacious; wide; lenient	8	3
咬牙	yǎo yá	to clench one's teeth; to grind the teeth; gnaw	8	3
钦差	qīn chāi	imperial envoy	8	3
民航	mín háng	civil aviation	8	3
正值	zhèng zhí	just at the time of; honest; upright	8	3
名家	míng jiā	renowned expert; master (of an art or craft)	8	3
净利润	jìng lì rùn	net profit	8	3
军营	jūn yíng	barracks; army camp	8	3
居于	jū yú	to occupy (a position)	8	3
化疗	huà liáo	chemotherapy	8	3
勾当	gòu dàng	shady business	8	3
劲力	jìn lì	physical strength; power	8	3
凶险	xiōng xiǎn	dangerous; ruthless; treacherous	8	3
传世	chuán shì	handed down from ancient times; family heirloom	8	3
为数	wéi shù	(used before 不少 or 不多) in terms of quantity; (before a number) numbering; amounting to	8	3
边防	biān fáng	frontier defense	8	3
常数	cháng shù	(math.) a constant	8	3
厢房	xiāng fáng	wing (of a traditional house); side room	8	3
美学	měi xué	aesthetics	8	3
流芳	liú fāng	to leave a good reputation	8	3
削减	xuē jiǎn	to cut down; to reduce; to lower	8	3
一发	yī fā	(Japanese mahjong) to complete one's hand within a single turn after declaring riichi (orthographic borrowing from Japanese 一発 "ippatsu")	8	3
酸性	suān xìng	acidity	8	3
榨菜	zhà cài	hot pickled mustard tuber	8	3
日元	rì yuán	yen (currency of Japan)	8	3
到时候	dào shí hòu	when the moment comes; at that time	8	3
防备	fáng bèi	to guard against	8	3
调剂	tiáo jì	to adjust; to redistribute (resources etc)	8	3
落成	luò chéng	to complete a construction project	8	3
知县	zhī xiàn	county head magistrate (old)	8	3
玩笑	wán xiào	to joke; joke; jest	8	3
傻子	shǎ zi	idiot; fool	8	3
书院	shū yuàn	academy of classical learning (Tang Dynasty - Qing Dynasty)	8	3
酒家	jiǔ jiā	restaurant; bartender; tavern	8	3
立下	lì xià	to set up; to establish	8	3
顽童	wán tóng	urchin	8	3
接管	jiē guǎn	to take over; to assume control	8	3
长叹	cháng tàn	long sigh; deep sigh	8	3
著述	zhù shù	writing; to write; to compile	8	3
第一步	dì yī bù	step one; first step	8	3
民营	mín yíng	privately run (i.e. by a company, not the state)	8	3
个头	gè tóu	size; height	8	3
见得	jiàn dé	to seem; to appear; (in a negative or interrogative sentence) to be sure	8	3
流芳百世	liú fāng bǎi shì	(of one's name, reputation etc) to be immortalized (idiom)	8	3
鲜红	xiān hóng	scarlet; bright red	8	3
边区	biān qū	border area	8	3
篮板	lán bǎn	backboard	8	3
沿江	yán jiāng	along the river; the region around the river	8	3
榜眼	bǎng yǎn	candidate who came second in the Han-lin examination	8	3
药师	yào shī	pharmacist	8	3
舰船	jiàn chuán	warship	8	3
自卫队	zì wèi duì	self-defense force; the Japanese armed forces	8	3
淡淡	dàn dàn	faint; dim; dull	8	3
利息率	lì xi lǜ	interest rate	8	3
运力	yùn lì	transport capacity	8	3
激昂	jī áng	impassioned; worked up	8	3
服务业	fú wù yè	service industry	8	3
政局	zhèng jú	political situation	8	3
愤慨	fèn kǎi	to resent; resentment	8	3
总称	zǒng chēng	generic term	8	3
退化	tuì huà	to degenerate; atrophy	8	3
耕种	gēng zhòng	to till; to cultivate	8	3
明儿	míng r	(coll.) tomorrow; one of these days; some day	8	3
尸身	shī shēn	corpse; dead body	8	3
先驱	xiān qū	to pioneer; pioneer; trailblazer	8	3
要死	yào sǐ	extremely; awfully	8	3
船头	chuán tóu	the bow or prow of a ship	8	3
矿石	kuàng shí	ore	8	3
清炖	qīng dùn	to stew meat without seasoning	8	3
暗想	àn xiǎng	think to oneself	8	3
反手	fǎn shǒu	to turn a hand over; to put one's hand behind one's back	8	3
关切	guān qiè	to be deeply concerned; to be troubled (by)	8	3
偏重	piān zhòng	to stress in a prejudiced way; to emphasize sth unduly	8	3
产能	chǎn néng	production capacity	8	3
急速	jí sù	hurried; at a great speed; rapid (development)	8	3
优于	yōu yú	to surpass	8	3
远征	yuǎn zhēng	an expedition, esp. military; march to remote regions	8	3
理学	lǐ xué	science	8	3
走狗	zǒu gǒu	hunting dog; hound; (fig.) running dog	8	3
警卫	jǐng wèi	to stand guard over; (security) guard	8	3
稀有	xī yǒu	uncommon; rare	8	3
炒米	chǎo mǐ	fried rice; millet stir-fried in butter	8	3
市容	shì róng	appearance of a city	8	3
公有	gōng yǒu	publicly owned; communal; held in common	8	3
法治	fǎ zhì	rule of law; to rule by law	8	3
增高	zēng gāo	to heighten; to raise; to increase	8	3
卫兵	wèi bīng	guard; bodyguard	8	3
内分泌	nèi fēn mì	endocrine (internal secretion, e.g. hormone)	8	3
汽配	qì pèi	auto parts	8	3
抬高	tái gāo	to raise (price etc)	8	3
咱俩	zán liǎ	the two of us	8	3
南下	nán xià	to go down south	8	3
高亢	gāo kàng	high-pitched and penetrating (musical instrument, voice etc)	8	3
第一产业	dì yī chǎn yè	primary sector of industry	8	3
汇票	huì piào	bill of exchange; bank draft	8	3
教义	jiào yì	creed; doctrine; teachings	8	3
年头	nián tóu	start of the year; whole year; a particular year	8	3
刻画	kè huà	to portray	8	3
关门	guān mén	to close a door; to lock a door	8	3
传令	chuán lìng	to transmit an order	8	3
计量	jì liàng	measurement; to calculate	8	3
班主任	bān zhǔ rèn	teacher in charge of a class	8	3
客商	kè shāng	nonlocal merchant; trader from another area	8	3
蕴藏量	yùn cáng liàng	reserves; amount still in store	8	3
体表	tǐ biǎo	surface of the body; periphery of the body; body thermometer	8	3
交配	jiāo pèi	mating; copulation (esp. of animals)	8	3
首届	shǒu jiè	first session (of a conference etc)	8	3
瓦解	wǎ jiě	to collapse; to disintegrate; to crumble; to disrupt; to break up	8	3
淹没	yān mò	to submerge; to drown; to flood	8	3
推拿	tuī ná	tui na (form of Chinese manual therapy)	8	3
奏折	zòu zhé	memorial to the emperor (folded in accordion form)	8	3
功绩	gōng jì	feat; contribution; merits and achievements	8	3
质询	zhì xún	to question; to enquire; interrogatory	8	3
绘制	huì zhì	to draw; to draft (a map, blueprint, diagram, illustration etc)	8	3
神往	shén wǎng	to be fascinated; to be rapt; to long for	8	3
水能	shuǐ néng	hydroelectric power	8	3
村长	cūn zhǎng	village chief; village head	8	3
放手	fàng shǒu	to let go one's hold; to give up; to have a free hand	8	3
提案	tí àn	proposal; draft resolution; motion (to be debated)	8	3
何在	hé zài	where?; what place?	8	3
连长	lián zhǎng	company commander	8	3
红土	hóng tǔ	red soil; laterite	8	3
法则	fǎ zé	law; rule; code	8	3
同工同酬	tóng gōng tóng chóu	equal pay for equal work	8	3
生产线	shēng chǎn xiàn	assembly line; production line	8	3
转发	zhuǎn fā	to transmit; to forward (mail, SMS, packets of data); to pass on	8	3
莲花	lián huā	lotus flower (Nelumbo nucifera Gaertn, among others); water-lily	8	3
端的	duān dì	really; after all; details	8	3
提及	tí jí	to mention; to raise (a subject); to bring to sb's attention	8	3
土层	tǔ céng	layer of soil; ground level	8	3
剧毒	jù dú	highly toxic; extremely poisonous	8	3
领导班子	lǐng dǎo bān zi	leadership group; the leadership	8	3
钱币	qián bì	money (esp. coins)	8	3
经济体制	jīng jì tǐ zhì	economic system	8	3
断层	duàn céng	(geology) fault (CL:道)	8	3
寒意	hán yì	a nip in the air; chilliness	8	3
女王	nǚ wáng	queen	8	3
调制	tiáo zhì	to modulate; modulation	8	3
读书人	dú shū rén	scholar; intellectual	8	3
自给	zì jǐ	self-reliant	8	3
特级	tè jí	special grade; top quality	8	3
暂且	zàn qiě	for now; for the time being; temporarily	8	3
恼怒	nǎo nù	resentful; angry; to enrage sb	8	3
应聘者	yìng pìn zhě	person taking a job; job applicant	8	3
圣母	shèng mǔ	goddess	8	3
何故	hé gù	what for?; what's the reason?	8	3
争相	zhēng xiāng	to fall over each other in their eagerness to ...	8	3
选集	xuǎn jí	anthology	8	3
祖师	zǔ shī	founder (of a craft, religious sect etc)	8	3
石墨	shí mò	black lead; graphite; plumbago	8	3
没事	méi shì	it's not important; it's nothing; never mind	8	3
死亡率	sǐ wáng lǜ	mortality rate	8	3
末端	mò duān	tip; extremity	8	3
朝天椒	cháo tiān jiāo	chili pepper (Capsicum frutescens var)	8	3
径流	jìng liú	runoff	8	3
应力	yìng lì	stress (physics)	8	3
国营	guó yíng	state-run (company etc); nationalized	8	3
追击	zhuī jī	to pursue and attack	8	3
老年人	lǎo nián rén	old people; the elderly	8	3
瞧见	qiáo jiàn	to see	8	3
卫队	wèi duì	guard (i.e. group of soldiers)	8	3
书目	shū mù	booklist; bibliography; title catalogue	8	3
邮电	yóu diàn	post and telecommunications	8	3
轮番	lún fān	in turn; one after another	8	3
学界	xué jiè	academic world; academic circles; academia	8	3
周长	zhōu cháng	perimeter; circumference	8	3
闻到	wén dào	to smell; to sniff sth out; to perceive by smelling	8	3
说好	shuō hǎo	to come to an agreement; to complete negotiations	8	3
晃动	huàng dòng	to shake; to sway; to rock	8	3
以防	yǐ fáng	(so as) to avoid; to prevent; (just) in case	8	3
严寒	yán hán	bitter cold; severe winter	8	3
物种	wù zhǒng	species	8	3
感应	gǎn yìng	response; reaction; interaction	8	3
审讯	shěn xùn	inquest; trial; interrogation	8	3
裁员	cái yuán	to cut staff; to lay off employees	8	3
油漆	yóu qī	oil paints; lacquer; to paint	8	3
无耻	wú chǐ	without any sense of shame; unembarrassed; shameless	8	3
战备	zhàn bèi	war readiness; military preparedness	8	3
分析师	fēn xī shī	analyst; commentator	8	3
随从	suí cóng	to accompany; to follow; to attend	8	3
陆上	lù shàng	land-based; on land	8	3
铭文	míng wén	inscription	8	3
温差	wēn chā	difference in temperature	8	3
武将	wǔ jiàng	general; military leader; fierce man	8	3
原子弹	yuán zǐ dàn	atomic bomb; A-bomb	8	3
光亮	guāng liàng	bright	8	3
下层	xià céng	underlayer; lower class; lower strata	8	3
肃穆	sù mù	solemn and respectful; serene	8	3
热泪	rè lèi	hot tears	8	3
概述	gài shù	overview	8	3
有色金属	yǒu sè jīn shǔ	non-ferrous metals (all metals excluding iron, chromium, manganese and their alloys)	8	3
抗原	kàng yuán	(immunology) antigen	8	3
大雨	dà yǔ	heavy rain	8	3
代数	dài shù	algebra	8	3
法案	fǎ àn	bill; proposed law	8	3
弹头	dàn tóu	warhead	8	3
吞吐量	tūn tǔ liàng	throughput	8	3
前人	qián rén	predecessor; forebears; the person facing you	8	3
不合	bù hé	to not conform to; to be unsuited to; to be out of keeping with	8	3
电气	diàn qì	electricity; electric; electrical	8	3
本文	běn wén	this text; article; the main body of a book	8	3
总公司	zǒng gōng sī	parent company; head office	8	3
岸边	àn biān	shore	8	3
多方	duō fāng	in many ways; from all sides	8	3
编队	biān duì	to form into columns; to organize into teams	8	3
粉红色	fěn hóng sè	pink	8	3
窑洞	yáo dòng	yaodong (a kind of cave dwelling in the Loess Plateau in northwest China)	8	3
稻谷	dào gǔ	unhusked rice; paddy	8	3
真个	zhēn gè	(dialect) really; truly; indeed	8	3
娘家	niáng jiā	wife's family (before marriage)	8	3
委派	wěi pài	to appoint	8	3
鞭子	biān zi	whip	8	3
警戒	jǐng jiè	to warn; to alert; to be on the alert	8	3
浑厚	hún hòu	simple and honest; unsophisticated; (music etc) deep and resounding	8	3
奔走	bēn zǒu	to run; to rush about; to be on the go	8	3
剂量	jì liàng	dosage; prescribed dose of medicine	8	3
不必要	bù bì yào	needless; unnecessary	8	3
击落	jī luò	to shoot down (a plane)	8	3
主子	zhǔ zi	Master (term used by servant); Your Majesty; operator (of machine)	8	3
阴道	yīn dào	vagina	8	3
真人	zhēn rén	a real person; Daoist spiritual master	8	3
制剂	zhì jì	(chemical or pharmaceutical) preparation	8	3
会战	huì zhàn	(military) to meet for a decisive battle; (military) battle	8	3
设计者	shè jì zhě	designer; architect (of a project)	8	3
行进	xíng jìn	to advance; forward motion	8	3
石子	shí zǐ	small stone; gravel	8	3
盘旋	pán xuán	to spiral; to circle; to go around	8	3
案子	àn zi	long table; counter	8	3
参战	cān zhàn	to go to war; to engage in war	8	3
生息	shēng xī	to inhabit; to live (in a habitat)	8	3
志愿军	zhì yuàn jūn	volunteer army	8	3
口岸	kǒu àn	a port for external trade	8	3
高端	gāo duān	high-end	8	2
细看	xì kàn	to peer; to scan; to examine carefully	8	2
大旗	dà qí	banner	8	2
召回	zhào huí	to recall (a product, an ambassador etc)	8	2
丛书	cóng shū	a series of books; a collection of books	8	2
酿成	niàng chéng	to make (wine or spirits); (fig.) to lead to (a bad result)	8	2
通货膨胀	tōng huò péng zhàng	inflation	8	2
蒸发	zhēng fā	to evaporate; (fig.) to vanish; to disappear	8	2
着地	zháo dì	to land; to touch the ground; also pr.	8	2
病理	bìng lǐ	pathology	8	2
理事会	lǐ shì huì	council	8	2
毒手	dú shǒu	deadly blow; vicious attack; treacherous assault	8	2
当儿	dāng r	the very moment; just then; during (that brief interval)	8	2
寒风	hán fēng	cold wind	8	2
半月	bàn yuè	half-moon; fortnight	8	2
精选	jīng xuǎn	carefully chosen; handpicked; best of the bunch	8	2
火星	huǒ xīng	spark (from a fire)	8	2
意识形态	yì shí xíng tài	ideology	8	2
山体	shān tǐ	form of a mountain	8	2
使节	shǐ jié	(diplomatic) envoy	8	2
请示	qǐng shì	to ask for instructions	8	2
开局	kāi jú	opening (chess etc); early stage of game, match, work, activity etc	8	2
周岁	zhōu suì	one full year (e.g. on child's first birthday)	8	2
伙计	huǒ ji	partner; fellow; mate	8	2
下水	xià shuǐ	downstream; to go into the water; to put into water	8	2
进发	jìn fā	(of a group of people or a convoy of vehicles) to set off	8	2
皮革	pí gé	leather	8	2
深感	shēn gǎn	to feel deeply	8	2
放射	fàng shè	to radiate; radioactive	8	2
拨乱反正	bō luàn fǎn zhèng	bring order out of chaos	8	2
小城	xiǎo chéng	small town	8	2
他用	tā yòng	other use; other purpose	8	2
比率	bǐ lǜ	ratio; rate; proportion	8	2
方形	fāng xíng	square; square-shaped	8	2
幼年	yòu nián	childhood; infancy	8	2
四十	sì shí	forty; 40	8	2
商品经济	shāng pǐn jīng jì	commodity economy	8	2
何人	hé rén	who	8	2
传给	chuán gěi	to pass on to; to transfer to; to hand on to	8	2
伴有	bàn yǒu	to be accompanied by	8	2
临死	lín sǐ	facing death; at death's door	8	2
龙袍	lóng páo	dragon robe; emperor's court dress	8	2
闪动	shǎn dòng	to flicker or flash	8	2
老弟	lǎo dì	(affectionate form of address for a male who is not very much younger than oneself) my boy	8	2
精子	jīng zǐ	sperm cell; spermatozoon	8	2
带回	dài huí	to bring back; to take back with one	8	2
小岛	xiǎo dǎo	isle	8	2
呼喊	hū hǎn	to shout (slogans etc)	8	2
涡轮	wō lún	turbine	8	2
月薪	yuè xīn	monthly income (in kind)	8	2
指明	zhǐ míng	to show clearly; to designate; to indicate	8	2
后卫	hòu wèi	rear guard; backfield; fullback	8	2
刺客	cì kè	assassin	8	2
侧身	cè shēn	(to stand or move) sideways	8	2
为重	wéi zhòng	to attach most importance to	8	2
等离子体	děng lí zǐ tǐ	plasma (physics)	8	2
理工	lǐ gōng	science and engineering as academic subjects	8	2
涨停	zhǎng tíng	(of a stock price) to rise to the daily upper limit (resulting in a temporary halt in trading of the stock)	8	2
案情	àn qíng	details of a legal case; facts and circumstances of a case (as established in investigation)	8	2
奇异	qí yì	fantastic; bizarre; odd	8	2
可靠性	kě kào xìng	reliability	8	2
几时	jǐ shí	at what time?; when?	8	2
高分子	gāo fēn zǐ	macromolecule; polymer	8	2
装甲车	zhuāng jiǎ chē	armored car	8	2
牧业	mù yè	livestock husbandry; animal product industry	8	2
早知	zǎo zhī	to know in advance	8	2
摄政王	shè zhèng wáng	regent	8	2
享用	xiǎng yòng	to enjoy (i.e. have the use or benefit of)	8	2
经营者	jīng yíng zhě	executive; manager; transactor	8	2
皱眉	zhòu méi	to frown; to knit one's brow	8	2
活人	huó rén	living person	8	2
无人机	wú rén jī	drone; unmanned aerial vehicle	8	2
工学院	gōng xué yuàn	school of engineering; college of engineering	8	2
夜景	yè jǐng	nightscape	8	2
四维	sì wéi	the four social bonds: propriety, justice, integrity and honor	8	2
渔场	yú chǎng	fishing ground	8	2
挺进	tǐng jìn	progress; to advance	8	2
呆子	dāi zi	fool; sucker	8	2
募集	mù jí	to raise; to collect	8	2
偏离	piān lí	to deviate; to diverge; to wander	8	2
传感器	chuán gǎn qì	sensor; transducer	8	2
路径	lù jìng	path; route; method	8	2
神庙	shén miào	temple	8	2
生猪	shēng zhū	live pig; pig on the hoof	8	2
玉音	yù yīn	(deferential) your letter	8	2
机翼	jī yì	wing (of an aircraft)	8	2
敌手	dí shǒu	opponent; substantial adversary; worthy match	8	2
战舰	zhàn jiàn	battleship; warship	8	2
不妥	bù tuǒ	not proper; inappropriate	8	2
逃脱	táo tuō	to run away; to escape	8	2
老妇	lǎo fù	elderly woman; I; me (used by elderly women)	8	2
绝情	jué qíng	heartless; without regard for others' feelings	8	2
标记	biāo jì	sign; mark; symbol	8	2
悲愤	bēi fèn	grief and indignation	8	2
奴隶制	nú lì zhì	slavery	8	2
因子	yīn zǐ	factor; (genetic) trait; (math.) factor; divisor	8	2
名次	míng cì	position in a ranking of names; place; rank	8	2
人称	rén chēng	(grammar) person (first person etc); called; known as	8	2
细长	xì cháng	slender	8	2
市镇	shì zhèn	small town	8	2
外侧	wài cè	outer side	8	2
冰冷	bīng lěng	ice-cold	8	2
为害	wéi hài	to cause harm	8	2
考上	kǎo shàng	to gain admission or secure a position by passing an exam	8	2
惊叫	jīng jiào	to cry out in fear	8	2
发给	fā gěi	to issue; to grant; to distribute	8	2
详情	xiáng qíng	details; particulars	8	2
石板	shí bǎn	slab; flagstone; slate	8	2
最少	zuì shǎo	at least; minimum; lowest (amount)	8	2
物产	wù chǎn	products; produce; natural resources	8	2
毫无疑问	háo wú yí wèn	certainty; without a doubt	8	2
植株	zhí zhū	(agriculture) plant	8	2
录用	lù yòng	to hire (an employee); to accept (a manuscript) for publication	8	2
大户	dà hù	great family; rich family; large landlord	8	2
高程	gāo chéng	altitude (e.g. above street level); elevation	8	2
长袍	cháng páo	chang pao (traditional Chinese men's robe); gown; robe	8	2
统辖	tǒng xiá	to govern; to have complete control over; to be in command of	8	2
相邻	xiāng lín	neighbor; adjacent	8	2
皇族	huáng zú	the imperial family; royal kin	8	2
激流	jī liú	torrent; torrential current; whitewater	8	2
深知	shēn zhī	to know well; to be fully aware of	8	2
残余	cán yú	remnant; relic; residue	8	2
惊异	jīng yì	amazed	8	2
应试	yìng shì	to take an exam; (of an education system) to be exam-oriented	8	2
列表	liè biǎo	to tabulate; to list; table; list	8	2
面具	miàn jù	mask	8	2
牲口	shēng kou	animals used for their physical strength (mules, oxen etc)	8	2
数百	shù bǎi	several hundred	8	2
总局	zǒng jú	head office; general office; central office	8	2
大理石	dà lǐ shí	marble	8	2
大大小小	dà dà xiǎo xiǎo	large and small; of all sizes	8	2
咬牙切齿	yǎo yá qiè chǐ	(idiom) to gnash one's teeth; to fume with rage	8	2
不胜	bù shèng	cannot bear or stand; be unequal to; very	8	2
三角形	sān jiǎo xíng	triangle	8	2
抗体	kàng tǐ	(immunology) antibody	8	2
战绩	zhàn jì	military achievements; (fig.) record of performance in a competitive field (esp. win-loss record in sports)	8	2
原子核	yuán zǐ hé	atomic nucleus	8	2
剧痛	jù tòng	acute pain; sharp pain; twinge	8	2
险恶	xiǎn è	dangerous; sinister; vicious	8	2
特种部队	tè zhǒng bù duì	(military) special forces	8	2
机身	jī shēn	body of a vehicle or machine; fuselage of a plane	8	2
本部	běn bù	headquarters; head office	8	2
投放	tóu fàng	to input; to throw in; to unload	8	2
全线	quán xiàn	the whole front (in a war); the whole length (of a road or railway line)	8	2
机床	jī chuáng	machine tool; a lathe	8	2
单人	dān rén	one person; single (room, bed etc)	8	2
传动	chuán dòng	drive (transmission in an engine)	8	2
会试	huì shì	metropolitan examination (imperial civil service examination)	8	2
不快	bù kuài	unhappy; in low spirits; (of a knife) not sharp	8	2
相对论	xiāng duì lùn	(physics) theory of relativity	8	2
毒物	dú wù	poisonous substance; poison	8	2
日用	rì yòng	daily expenses; of everyday use	8	2
压低	yā dī	to lower (one's voice)	8	2
动植物	dòng zhí wù	plants and animals; flora and fauna	8	2
催化	cuī huà	to catalyze (a reaction); catalysis	8	2
三项	sān xiàng	three items; three events; three terms	8	2
齐名	qí míng	equally famous	8	2
麻袋	má dài	sack; burlap bag	8	2
食指	shí zhǐ	index finger; (literary) mouths to feed	8	2
该当	gāi dāng	should; to deserve	8	2
海口	hǎi kǒu	estuary; coastal inlet; river mouth	8	2
提督	tí dū	the local commander; provincial governor (in Qing and Ming times)	8	2
批复	pī fù	to issue an official written reply (in response to a subordinate's report or request)	8	2
各别	gè bié	distinct; different; separately; individually; unusual; novel	8	2
右翼	yòu yì	the right flank; (politically) right-wing	8	2
刀剑	dāo jiàn	sword	8	2
随口	suí kǒu	(speak) without thinking the matter through	8	2
近乎	jìn hu	close to; intimate	8	2
妄图	wàng tú	to try in vain; futile attempt	8	2
围棋	wéi qí	the game of Go	8	2
冠以	guàn yǐ	to label; to call	8	2
人际关系	rén jì guān xì	interpersonal relationship	8	2
院落	yuàn luò	courtyard	8	2
铁棒	tiě bàng	iron club; steel rod	8	2
轻视	qīng shì	contempt; contemptuous; to despise	8	2
解放后	jiě fàng hòu	after liberation (i.e. after the Communist's victory)	8	2
施主	shī zhǔ	benefactor (term used by a monk to address a layperson)	8	2
放火	fàng huǒ	to set on fire; to commit arson; to create a disturbance	8	2
决意	jué yì	to be determined	8	2
两翼	liǎng yì	both wings (of a bird, aircraft or building); (military) both flanks	8	2
业已	yè yǐ	already	8	2
陡然	dǒu rán	suddenly; unexpectedly; abruptly	8	2
理事长	lǐ shì zhǎng	director general	8	2
农家	nóng jiā	peasant family	8	2
闲话	xián huà	casual conversation; chat; gossip	8	2
议和	yì hé	to negotiate peace	8	2
生母	shēng mǔ	natural mother; birth mother	8	2
柴油	chái yóu	diesel fuel	8	2
开端	kāi duān	start; beginning	8	2
呼啸	hū xiào	to whistle; to scream; to whiz	8	2
助学	zhù xué	to support a student's education (often financially)	8	2
公私	gōng sī	public and private (interests, initiative etc)	8	2
乙醇	yǐ chún	ethanol; ethyl alcohol	8	2
不合理	bù hé lǐ	unreasonable	8	2
树皮	shù pí	tree bark	8	2
招办	zhāo bàn	admissions office (for enrolling students) (abbr. for 招生辦公室)	8	2
叶片	yè piàn	blade (of propellor); vane; leaf	8	2
一时间	yī shí jiān	for a moment; momentarily	8	2
论题	lùn tí	topic	8	2
电荷	diàn hè	electric charge	8	2
安放	ān fàng	to lay; to place; to put in a certain place	8	2
办公厅	bàn gōng tīng	general office	8	2
严守	yán shǒu	to strictly maintain	8	2
郁闷	yù mèn	gloomy; depressed	8	2
输电	shū diàn	electricity transmission; to transmit electricity	8	2
轻重	qīng zhòng	severity (of the case); degree of seriousness	8	2
自来	zì lái	from the beginning; always; to come of one's own accord	8	2
看守	kān shǒu	to guard; to watch over	8	2
复辟	fù bì	to recover one's power or authority; restoration (of a past regime)	8	2
双脚	shuāng jiǎo	two legs; both feet	8	2
农药	nóng yào	agricultural chemical; farm chemical; pesticide	8	2
争斗	zhēng dòu	to struggle; to fight; struggle	8	2
磁性	cí xìng	magnetic; magnetism	8	2
电极	diàn jí	electrode	8	2
叛徒	pàn tú	traitor; turncoat; rebel	8	2
关口	guān kǒu	pass; gateway; (fig.) juncture	8	2
依附	yī fù	to adhere; to attach oneself to; to append	8	2
余年	yú nián	one's remaining years	8	2
交易日	jiāo yì rì	(finance) trading day	8	2
世家	shì jiā	family influential for generations; aristocratic family	8	2
适中	shì zhōng	moderate; reasonable; conveniently situated	8	2
贤良	xián liáng	(of a man) able and virtuous	8	2
眼皮	yǎn pí	eyelid	8	2
巡洋舰	xún yáng jiàn	cruiser (warship); battle cruiser	8	2
奖章	jiǎng zhāng	medal	8	2
非但	fēi dàn	not only	8	2
考古学	kǎo gǔ xué	archaeology	8	2
炮火	pào huǒ	artillery barrage; gunfire	8	2
大喜	dà xǐ	exultation	8	2
半分	bàn fēn	a little bit	8	2
相望	xiāng wàng	to look at one another; to face each other	8	2
直通	zhí tōng	to lead directly to	8	2
深沉	shēn chén	deep; profound; (of a person) reserved	8	2
微小	wēi xiǎo	minute (i.e. extremely small); infinitesimal	8	2
士官	shì guān	warrant officer; petty officer; noncommissioned officer (NCO)	8	2
喝茶	hē chá	to drink tea; to get engaged; to have a serious conversation	8	2
及至	jí zhì	by the time that	8	2
升降	shēng jiàng	rising and falling	8	2
偷袭	tōu xí	to mount a sneak attack; to raid	8	2
中央集权	zhōng yāng jí quán	centralized state power	8	2
航程	háng chéng	flight; voyage; distance traveled; range (of an airplane or ship)	8	2
肉体	ròu tǐ	physical body	8	2
神学	shén xué	theological; theology	8	2
横扫	héng sǎo	to sweep away; to sweep across	8	2
机理	jī lǐ	mechanism	8	2
敌对	dí duì	hostile; enemy (factions); combative	8	2
常驻	cháng zhù	resident; permanent (representative)	8	2
侦察机	zhēn chá jī	surveillance aircraft; spy plane	8	2
低级	dī jí	low level; rudimentary; vulgar	8	2
为生	wéi shēng	to make a living	8	2
跳出	tiào chū	to jump out; fig. to appear suddenly	8	2
论断	lùn duàn	to infer; to judge; inference	8	2
表层	biǎo céng	surface layer	8	2
涌出	yǒng chū	to gush; to gush out; to pour out	8	2
浪潮	làng cháo	wave; tides	8	2
宴请	yàn qǐng	to entertain (for dinner); to invite to dinner	8	2
三代	sān dài	three generations of a family	8	2
高地	gāo dì	highland; upland	8	2
胆敢	dǎn gǎn	to dare (negative connotation); to have the audacity to (do sth)	8	2
未有	wèi yǒu	is not; has never been; never occurring	8	2
地雷	dì léi	land mine (CL:顆); (fig.) sore point; weak spot	8	2
四次	sì cì	fourth; four times; quartic	8	2
前行	qián xíng	(literary) to go forward	8	2
制度化	zhì dù huà	systematization	8	2
答话	dá huà	to reply; to answer	8	2
畜生	chù sheng	domestic animal; brute; bastard	8	2
工兵	gōng bīng	military engineer	8	2
对口	duì kǒu	(of two performers) to speak or sing alternately	8	2
多样化	duō yàng huà	diversification; to diversify	8	2
踪迹	zōng jì	tracks; trail; footprint	8	2
精兵	jīng bīng	elite troops	8	2
化妆品	huà zhuāng pǐn	cosmetic; makeup product	8	2
借着	jiè zhe	by means of; through; with the help of	8	2
伪军	wěi jūn	puppet army	8	2
领导者	lǐng dǎo zhě	leader	8	2
满腔	mǎn qiāng	one's heart filled with; full of (joy)	8	2
模块	mó kuài	module (in software); functional unit; component part	8	2
有理	yǒu lǐ	reasonable; justified; right	8	2
坐骑	zuò qí	saddle horse; mount	8	2
名山	míng shān	famous mountain	8	2
乳腺癌	rǔ xiàn ái	breast cancer	8	2
震荡	zhèn dàng	to shake up; to jolt; to vibrate	8	2
缘由	yuán yóu	reason; cause	8	2
突变	tū biàn	sudden change; mutation	8	2
星级	xīng jí	star rating; top-class; highly rated	8	2
不动声色	bù dòng shēng sè	not a word or movement (idiom); remaining calm and collected	8	2
迫击炮	pǎi jī pào	mortar (weapon); Taiwan pr.	8	2
股份公司	gǔ fèn gōng sī	joint-stock company	8	2
算法	suàn fǎ	arithmetic; algorithm; method of calculation	8	2
石块	shí kuài	stone; rock	8	2
死活	sǐ huó	life or death; fate; no matter what	8	2
族人	zú rén	clansman; clan members; relatives	8	2
应变	yìng biàn	to meet a contingency; to adapt oneself to changes	8	2
巨幅	jù fú	extremely large (of paintings, photographs etc)	8	2
定额	dìng é	fixed amount; quota	8	2
多元化	duō yuán huà	diversification; pluralism; to diversify	8	2
动乱	dòng luàn	turmoil; upheaval; unrest	8	2
羊毛	yáng máo	wool; fleece	8	2
硬是	yìng shì	just; simply; stubbornly	8	2
枪声	qiāng shēng	crack; shooting sound; gunshot	8	2
大豆	dà dòu	soybean	8	2
停战	tíng zhàn	to cease fire; to stop fighting; armistice; truce	8	2
伤人	shāng rén	to injure sb	8	2
不妙	bù miào	(of a turn of events) not too encouraging; far from good	8	2
鼻孔	bí kǒng	nostril	8	2
静电	jìng diàn	static electricity	8	2
遣使	qiǎn shǐ	to dispatch an envoy	8	2
身手	shēn shǒu	skill; talent; agility	8	2
茅屋	máo wū	thatched cottage	8	2
时任	shí rèn	then (as in "the then chairman")	8	2
制式	zhì shì	standardized; standard (service, method etc); regulation (clothing etc)	8	2
考卷	kǎo juàn	exam paper	8	2
留守	liú shǒu	to stay behind to take care of things	8	2
民生	mín shēng	people's livelihood; people's welfare	8	2
指挥官	zhǐ huī guān	commander	8	2
三条	sān tiáo	three of a kind (poker)	8	2
贫血	pín xuè	anemia	8	2
节点	jié diǎn	node	8	2
硬度	yìng dù	hardness	8	2
电子商务	diàn zǐ shāng wù	e-commerce	8	2
术语	shù yǔ	term; terminology	8	2
拍手	pāi shǒu	to clap one's hands	8	2
折断	zhé duàn	to snap sth off; to break	8	2
战火	zhàn huǒ	the flames of war; the ravages of war	8	2
平米	píng mǐ	square meter (abbr. for 平方米)	8	2
不期	bù qī	unexpectedly; to one's surprise	8	2
一国两制	yī guó liǎng zhì	one country, two systems (PRC proposal regarding Hong Kong, Macau and Taiwan)	8	2
高分	gāo fēn	high marks; high score	8	2
食盐	shí yán	edible salt; table salt	8	2
领导权	lǐng dǎo quán	leadership authority	8	2
隆起	lóng qǐ	to swell; to bulge	8	2
迅猛	xùn měng	quick and violent	8	2
公文	gōng wén	official document	8	2
借贷	jiè dài	to borrow or lend money; debit and credit items on a balance sheet	8	2
铁路线	tiě lù xiàn	railway line	8	2
经脉	jīng mài	channel of TCM	8	2
技工	jì gōng	skilled worker	8	2
彩画	cǎi huà	color painting	8	2
带给	dài gěi	to give to; to provide to; to bring to	8	2
小腹	xiǎo fù	underbelly; lower abdomen	8	2
同级	tóng jí	on the same level; ranking equally	8	2
前部	qián bù	front part; front section	8	2
荒唐	huāng táng	beyond belief; preposterous; absurd	8	2
花朵	huā duǒ	flower	8	2
生物体	shēng wù tǐ	organism	8	2
教皇	jiào huáng	(Catholicism) pope; pontiff	8	2
级差	jí chā	differential (between grades); salary differential	8	2
生性	shēng xìng	natural disposition	8	2
潮水	cháo shuǐ	tide	8	2
水乡	shuǐ xiāng	patchwork of waterways, esp. in Jiangsu; same as 江南水鄉	8	2
另行	lìng xíng	(to do sth) separately; as a separate action	8	2
变质岩	biàn zhì yán	metamorphic rock (geology)	8	2
冶炼	yě liàn	to smelt metal	8	2
主公	zhǔ gōng	Your Highness; Your Majesty	8	2
责任制	zé rèn zhì	system of job responsibility	8	2
财年	cái nián	fiscal year; financial year	8	2
筋斗	jīn dǒu	tumble; somersault	8	2
生产率	shēng chǎn lǜ	productivity; efficiency of production	8	2
对敌	duì dí	to confront; to face the enemy	8	2
闪闪	shǎn shǎn	flickering; sparkling; glistening; glittering	8	2
航速	háng sù	speed (of ship or plane)	8	2
缝隙	fèng xì	small crack; chink	8	2
爱好者	ài hào zhě	lover (of art, sports etc); amateur; enthusiast; fan	8	2
方略	fāng lüè	strategy; overall plan (esp. high-level or policy)	8	2
平反	píng fǎn	to redress (an injustice); to rehabilitate (sb whose reputation was unjustly sullied)	8	2
国道	guó dào	national highway	8	2
君臣	jūn chén	a ruler and his ministers (old)	8	2
主机	zhǔ jī	main engine; (military) lead aircraft; (computing) host computer	8	2
监禁	jiān jìn	to imprison; to jail; to take into custody	8	2
独有	dú yǒu	to own exclusively; unique to; specific; there is only	8	2
在建	zài jiàn	under construction	8	2
围住	wéi zhù	to surround; to gird	8	2
事关	shì guān	to concern; on (some topic); about	8	2
高处	gāo chù	high place; elevation	8	2
翻过	fān guò	to turn over; to transform	8	2
电气化	diàn qì huà	electrification; to convert to electrical power (esp. for railways, factories or other infrastructure)	8	2
毒素	dú sù	toxin; (fig.) pernicious influence	8	2
权势	quán shì	power; influence	8	2
医学院	yī xué yuàn	medical school	8	2
一等奖	yī děng jiǎng	first prize	8	2
鞋子	xié zi	shoe	8	2
阵势	zhèn shì	battle array; disposition of forces; situation	8	2
贴金	tiē jīn	to cover (a statue) with gold leaf; to gild	8	2
脱手	tuō shǒu	(not of regular commerce) to sell or dispose of (goods etc)	8	2
羽毛	yǔ máo	feather; plumage; plume	8	2
白人	bái rén	white man or woman; Caucasian	8	2
浅水	qiǎn shuǐ	shallow water	8	2
庄家	zhuāng jiā	farmhouse; banker (gambling)	8	2
市里	shì lǐ	li (Chinese unit of length equal to 500 meters)	8	2
少妇	shào fù	young married woman	8	2
出产	chū chǎn	to produce (by natural growth, or by manufacture, mining etc); to yield	8	2
主席台	zhǔ xí tái	rostrum; platform	8	2
重工业	zhòng gōng yè	heavy industry; manufacturing	8	2
细小	xì xiǎo	tiny; fine; minute	8	2
素来	sù lái	consistently; always (in the past and now)	8	2
省市	shěng shì	provinces and cities	8	2
心跳	xīn tiào	heartbeat; pulse	8	2
帝制	dì zhì	autocratic monarchy; imperial regime	8	2
孝子	xiào zǐ	filial son	8	2
土著	tǔ zhù	aboriginal	8	2
游离	yóu lí	to disassociate; to drift away; to leave (a collective)	8	2
殊死	shū sǐ	to behead; capital punishment; desperate struggle	8	2
损耗	sǔn hào	loss; depletion; wastage; wear and tear	8	2
发源	fā yuán	to rise; to originate; source	8	2
领教	lǐng jiào	much obliged; thank you; to ask advice	8	2
过人	guò rén	to surpass others; outstanding	8	2
译成	yì chéng	to translate into (Chinese, English etc)	8	2
沸点	fèi diǎn	boiling point	8	2
气血	qì xuè	qi and blood (two basic bodily fluids of Chinese medicine)	8	2
驯鹿	xùn lù	reindeer	8	2
通讯员	tōng xùn yuán	correspondent; reporter; messenger boy	8	2
跨国公司	kuà guó gōng sī	transnational corporation; multinational corporation	8	2
肉类	ròu lèi	meat	8	2
次之	cì zhī	to rank second (in terms of some attribute: size, frequency, quality etc)	8	2
杂种	zá zhǒng	hybrid; mixed breed; bastard	8	2
暴行	bào xíng	savage act; outrage; atrocity	8	2
旨意	zhǐ yì	decree; order; will; intent	8	2
拖拉机	tuō lā jī	tractor	8	2
惊恐	jīng kǒng	to be alarmed; to be frightened	8	2
师范大学	shī fàn dà xué	normal university; teacher training college	8	2
东面	dōng miàn	east side (of sth)	8	2
遗漏	yí lòu	to overlook; to miss; to omit	8	2
粉末	fěn mò	fine powder; dust	8	2
神位	shén wèi	spirit tablet; ancestral tablet	8	2
新婚	xīn hūn	newly married	8	2
大公	dà gōng	grand duke; impartial	8	2
堂堂	táng táng	grand; magnificent; stately	8	2
国门	guó mén	(archaic) capital's gate; country's border	8	2
即日	jí rì	this or that very day; in the next few days	8	2
十倍	shí bèi	tenfold; ten times (sth)	8	2
分行	fēn háng	branch of bank or store; subsidiary bank	8	2
内脏	nèi zàng	internal organs; viscera	8	2
一阵子	yī zhèn zi	a while; a spell; a short time	8	2
草甸	cǎo diàn	meadow	8	2
舰载	jiàn zài	shipboard (radar system etc); ship-based; carrier-based (aircraft)	8	2
纳闷	nà mèn	puzzled; bewildered	8	2
意境	yì jìng	artistic mood or conception; creative concept	8	2
名位	míng wèi	fame and position; official rank	8	2
分会	fēn huì	branch	8	2
驻守	zhù shǒu	(man a post and) defend	8	2
飞奔	fēi bēn	to dash (run fast); to rush; to dart	8	2
零点	líng diǎn	midnight; to order à la carte; (math.) zero of a function	8	2
迈出	mài chū	to step out; to take a (first) step	8	2
综合征	zōng hé zhēng	syndrome	8	2
干流	gàn liú	main stream (of a river)	8	2
大作	dà zuò	your work (book, musical composition etc) (honorific); to erupt	8	2
大丈夫	dà zhàng fu	a manly man; a man of character	8	2
合营	hé yíng	to operate jointly; a joint venture; cooperative	8	2
厚重	hòu zhòng	thick; heavy; thickset (body)	8	2
不负	bù fù	to live up to	8	2
金色	jīn sè	golden; gold (color)	8	2
遗传学	yí chuán xué	genetics	8	2
逃命	táo mìng	to escape; to flee; to run for one's life	8	2
至高无上	zhì gāo wú shàng	supreme; paramount; unsurpassed	8	2
联姻	lián yīn	related by marriage; to connect by marriage (families, work units)	8	2
公有制	gōng yǒu zhì	public ownership	8	2
星球	xīng qiú	celestial body (e.g. planet, satellite etc); heavenly body	8	2
容器	róng qì	receptacle; vessel; (computing) container	8	2
型式	xíng shì	type; pattern; version	8	2
卷起	juǎn qǐ	to roll up; to curl up; (of dust etc) to swirl up	8	2
即刻	jí kè	immediately; instant; instantly	8	2
上行	shàng xíng	(of trains) up (i.e. towards the capital)	8	2
香气	xiāng qì	fragrance; aroma; incense	8	2
笼络	lǒng luò	to coax; to beguile; to win over	8	2
正经	zhèng jīng	decent; honorable; proper	8	2
柴油机	chái yóu jī	diesel engine	8	2
季风	jì fēng	monsoon	8	2
大祸	dà huò	disaster; calamity	8	2
同位素	tóng wèi sù	isotope	8	2
交货	jiāo huò	to deliver goods	8	2
长廊	cháng láng	promenade; long hallway	8	2
轰轰烈烈	hōng hōng liè liè	strong; vigorous; large-scale	8	2
语系	yǔ xì	language family	8	2
船队	chuán duì	fleet (of ships)	8	2
极致	jí zhì	peak; pinnacle; ultimate	8	2
无用	wú yòng	useless; worthless	8	2
文体	wén tǐ	genre of writing; literary form; style	8	2
当兵	dāng bīng	to serve in the army; to be a soldier	8	2
引桥	yǐn qiáo	bridge approach	8	2
守军	shǒu jūn	defenders	8	2
几何学	jǐ hé xué	geometry	8	2
军情	jūn qíng	military situation; military intelligence	8	2
载荷	zài hè	load	8	2
架设	jià shè	to construct; to erect	8	2
构筑	gòu zhù	to build; to construct	8	2
挥动	huī dòng	to wave sth; to brandish	8	2
成虫	chéng chóng	imago (adult, sexually mature insect, the final stage of its development)	8	2
兵法	bīng fǎ	art of war; military strategy and tactics	8	2
上乘	shàng chéng	first-class; best quality; also pr.	8	2
身法	shēn fǎ	pose or motion of one's body in martial arts	8	2
经书	jīng shū	classic books in Confucianism; scriptures; sutras	8	2
笔直	bǐ zhí	perfectly straight; straight as a ramrod; bolt upright	8	2
着陆	zhuó lù	landing; touchdown; to land	8	2
拆开	chāi kāi	to dismantle; to disassemble; to open up (sth sealed)	8	2
坑道	kēng dào	mine shaft; gallery; tunnel	8	2
见方	jiàn fāng	(measurement) (after a length) square (as in "10 feet square")	8	2
真菌	zhēn jūn	fungi; fungus	8	2
屏障	píng zhàng	barrier	8	2
小屋	xiǎo wū	cabin; lodge; cottage	8	2
即时	jí shí	immediate	8	2
北端	běi duān	northern extremity	8	2
推力	tuī lì	driving force; impetus; thrust (of a boat or airplane engine); repelling force	8	2
围困	wéi kùn	to besiege	8	2
判官	pàn guān	magistrate (during Tang and Song dynasties)	8	2
不乏	bù fá	there is no lack of	8	2
贮存	zhù cún	to store; to deposit	8	2
答问	dá wèn	to answer a question; question and answer	8	2
成因	chéng yīn	cause; factor; cause of formation	8	2
意旨	yì zhǐ	intent; intention; will	8	2
惧怕	jù pà	to be afraid	8	2
强有力	qiáng yǒu lì	strong; forceful	8	2
地产	dì chǎn	real estate; landed estate; landed property	8	2
面容	miàn róng	appearance; facial features	8	2
连年	lián nián	successive years; over many years	8	2
左派	zuǒ pài	(political) left; left wing; leftist	8	2
传销	chuán xiāo	multi-level marketing	8	2
中子	zhōng zǐ	neutron	8	2
纪念品	jì niàn pǐn	souvenir; memento	8	2
直立	zhí lì	erect; upright; vertical	8	2
电场	diàn chǎng	electric field	8	2
杂质	zá zhì	impurity	8	2
保护区	bǎo hù qū	conservation district	8	2
顷刻间	qǐng kè jiān	in an instant	8	2
病死	bìng sǐ	to fall ill and die; to die of illness	8	2
松软	sōng ruǎn	flexible; not rigid; spongy	8	2
旋风	xuàn fēng	whirlwind; tornado	8	2
总得	zǒng děi	must; have to; be bound to	8	2
夹击	jiā jī	pincer attack; attack from two or more sides; converging attack	8	2
前日	qián rì	day before yesterday	8	2
内乱	nèi luàn	internal disorder; civil strife; civil unrest	8	2
六十	liù shí	sixty; 60	8	2
产妇	chǎn fù	woman recuperating after childbirth; woman in childbirth	8	2
重兵	zhòng bīng	massive military force	8	2
酿酒	niàng jiǔ	to make a fermented drink (i.e. to brew beer, make wine etc)	8	2
树脂	shù zhī	resin	8	2
急切	jí qiè	eager; impatient	8	2
弓箭	gōng jiàn	bow and arrow	8	2
好些	hǎo xiē	a good deal of; quite a lot	8	2
大嫂	dà sǎo	older brother's wife; sister-in-law	8	2
合一	hé yī	to unite	8	2
六角	liù jiǎo	hexagon	8	2
骂人	mà rén	to swear or curse (at people); to scold or yell at someone	8	2
制备	zhì bèi	to prepare; preparation (chemistry)	8	2
六合	liù hé	the six directions (north, south, east, west, up, down)	8	2
世事	shì shì	affairs of life; things of the world	8	2
阵亡	zhèn wáng	to die in battle	8	2
汛期	xùn qī	flood season	8	2
曲调	qǔ diào	tune; melody	8	2
引力	yǐn lì	gravitation (force); attraction	8	2
家畜	jiā chù	domestic animal; livestock; cattle	8	2
历年	lì nián	calendar year	8	2
包机	bāo jī	chartered plane; to charter a plane	8	2
公理	gōng lǐ	self-evident truth; (math.) axiom	8	2
风化	fēng huà	decency; public morals; to weather (rocks)	8	2
贫寒	pín hán	poor; poverty-stricken; impoverished	8	2
行长	háng zhǎng	bank president	8	2
获准	huò zhǔn	to obtain permission	8	2
立项	lì xiàng	to launch a project	8	2
石灰	shí huī	lime (calcium oxide)	8	2
拥戴	yōng dài	to give one's allegiance; (popular) support	8	2
先期	xiān qī	the time before a certain date; in advance; beforehand; premature	8	2
麻布	má bù	sackcloth	8	2
速率	sù lǜ	speed; rate	8	2
纹饰	wén shì	decorative motif; figure	8	2
机动性	jī dòng xìng	flexibility	8	2
制造商	zhì zào shāng	manufacturing company	8	2
停滞	tíng zhì	stagnation; at a standstill; bogged down	8	2
迎战	yíng zhàn	to meet the enemy head-on	8	2
脸红	liǎn hóng	to blush; to redden (with shame, indignation etc)	8	2
石刻	shí kè	stone inscription; carved stone	8	2
抢先	qiǎng xiān	to rush (to do sth urgent); to try to be the first; to forestall	8	2
导管	dǎo guǎn	duct; pipe; conduit; (botany) vessel; (medicine) catheter	8	2
分校	fēn xiào	branch of a school	8	2
二分	èr fēn	second part; the equinox	8	2
东征	dōng zhēng	punitive expedition to the east	8	2
铁链	tiě liàn	iron chain	8	2
话音	huà yīn	one's speaking voice; tone; implication	8	2
表哥	biǎo gē	older male cousin through a female relative	8	2
考取	kǎo qǔ	to pass an entrance exam; to be admitted to	8	2
称谓	chēng wèi	title; appellation; form of address	8	2
激怒	jī nù	to infuriate; to enrage; to exasperate	8	2
检举	jiǎn jǔ	to report (an offense to the authorities); to inform against sb	8	2
某某	mǒu mǒu	so-and-so; such-and-such	8	2
某人	mǒu rén	someone; a certain person; some people	8	2
定型	dìng xíng	to finalize (a design etc); stereotype	8	2
大踏步	dà tà bù	in big strides; (fig.) in giant steps	8	2
器件	qì jiàn	device; component	8	2
几点	jǐ diǎn	what time?; when?	8	2
军务	jūn wù	military affairs	8	2
载重	zài zhòng	load; carrying capacity	8	2
浮肿	fú zhǒng	(nonspecialist term for 水腫) to suffer from edema; swollen; bloated; puffy	8	2
全权	quán quán	full powers; total authority; plenipotentiary powers	8	2
入睡	rù shuì	to fall asleep	8	2
贤弟	xián dì	worthy little brother	8	2
解毒	jiě dú	to detoxify; to relieve fever (in Chinese medicine)	8	2
草场	cǎo chǎng	pastureland	8	2
茶馆	chá guǎn	teahouse	8	2
筹建	chóu jiàn	to prepare to build sth	8	2
殿下	diàn xià	Your Majesty (honorific); His or Her Highness	8	2
政法	zhèng fǎ	politics and law	8	2
射门	shè mén	(soccer, handball etc) to kick or shoot the ball towards the goal	8	2
圆圈	yuán quān	circle	8	2
兵士	bīng shì	ordinary soldier	8	2
交汇	jiāo huì	to flow together; confluence (of rivers, airflow, roads)	8	2
贸然	mào rán	rashly; hastily; without careful consideration	8	2
蒸汽	zhēng qì	steam	8	2
花色	huā sè	variety; design and color; suit (cards)	8	2
盗墓	dào mù	to rob a tomb	8	2
狭义	xiá yì	narrow sense; restricted sense	8	2
各异	gè yì	all different; each unto his own	8	2
冲锋枪	chōng fēng qiāng	submachine gun	8	2
校外	xiào wài	off campus	8	2
把头	bǎ tóu	labor contractor; gangmaster	8	2
增速	zēng sù	to speed up; to accelerate; (economics) growth rate	8	2
墓道	mù dào	path leading to a grave; tomb passage	8	2
勇猛	yǒng měng	bold and powerful; brave and fierce	8	2
黄花	huáng huā	yellow flowers (of various types); chrysanthemum; cauliflower	8	2
讯息	xùn xī	information; news; message; text message; SMS	8	2
皱纹	zhòu wén	wrinkle	8	2
横跨	héng kuà	to span; to stretch across; to travel across	8	2
成书	chéng shū	to finish (writing a book); to appear in book form	8	2
女工	nǚ gōng	working woman	8	2
专任	zhuān rèn	full-time; to appoint sb to a specific task	8	2
贵人	guì rén	nobility; person of high rank	8	2
胸中	xiōng zhōng	one's mind	8	2
无需	wú xū	needless	8	2
创汇	chuàng huì	to earn foreign exchange	8	2
分局	fēn jú	branch office; sub-bureau	8	2
结交	jié jiāo	to make friends with	8	2
撇开	piē kāi	to disregard; to leave aside	8	2
战死	zhàn sǐ	to die in combat	8	2
大半	dà bàn	more than half; greater part; most	8	2
国库	guó kù	national treasury	8	2
唯物主义	wéi wù zhǔ yì	materialism, philosophical doctrine that physical matter is the whole of reality	8	2
不善	bù shàn	bad; ill; not good at	8	2
万名	wàn míng	all names	8	2
触及	chù jí	to touch (physically, one's feelings etc); to touch on (a topic)	8	2
相聚	xiāng jù	to meet together; to assemble	8	2
数月	shù yuè	several months	8	2
总统府	zǒng tǒng fǔ	presidential palace	8	2
大风	dà fēng	gale	8	2
外向型	wài xiàng xíng	export-oriented (economic model)	8	2
声学	shēng xué	acoustics	8	2
近海	jìn hǎi	coastal waters; offshore	8	2
纯正	chún zhèng	pure; unadulterated; (of motives etc) honest	8	2
神经系统	shén jīng xì tǒng	(anatomy) nervous system	8	2
生命力	shēng mìng lì	vitality	8	2
星光	xīng guāng	starlight	8	2
招架	zhāo jià	to resist; to ward off; to hold one's own	8	2
急促	jí cù	urgent; hurried and brief; rushing	8	2
平板	píng bǎn	slab; flat board; (engineering) surface plate; flat; level	8	2
史册	shǐ cè	annals	8	2
出言	chū yán	to speak; words	8	2
光纤	guāng xiān	optical fiber; fiber optics	8	2
身亡	shēn wáng	to die	8	2
考查	kǎo chá	to investigate; to study	8	2
组分	zǔ fèn	components; individual parts making up a compound	8	2
版权	bǎn quán	copyright	8	2
死尸	sǐ shī	corpse; dead body	8	2
核电	hé diàn	nuclear power	8	2
心神	xīn shén	mind; state of mind; attention	8	2
带兵	dài bīng	to lead troops	8	2
工业区	gōng yè qū	industrial zone	8	2
家当	jiā dàng	familial property; belongings	8	2
在座	zài zuò	to be present	8	2
名师	míng shī	famous master; great teacher	8	2
厅长	tīng zhǎng	head of provincial PRC government department	8	2
银两	yín liǎng	silver (as currency)	8	2
编织	biān zhī	to weave; to knit; to plait; to braid	8	2
烈火	liè huǒ	raging inferno; blaze	8	2
活活	huó huó	while still alive; simply; totally	8	2
机组	jī zǔ	flight crew (on a plane); unit (apparatus)	8	2
未尝	wèi cháng	not ever; not necessarily	8	2
摸金校尉	mō jīn xiào wèi	(idiom) military title said to have existed in the Han dynasty, allegedly granted to officials tasked with retrieving gold from tombs to fund military campaigns; (in popular fiction) tomb raider	8	2
巨响	jù xiǎng	loud sound	8	2
国债	guó zhài	national debt; government debt	8	2
佛像	fó xiàng	Buddhist image; statue of Buddha or Bodhisattva	8	2
亲临	qīn lín	to visit in person; to personally attend	8	2
中层	zhōng céng	middle-ranking	8	2
股指	gǔ zhǐ	stock market index; share price index	8	2
相符	xiāng fú	to match; to tally	8	2
开挖	kāi wā	to dig out; to excavate; to scoop out; to start digging	8	2
学术界	xué shù jiè	academic circles; academia	8	2
失学	shī xué	unable to go to school; an interruption to one's education	8	2
声息	shēng xī	sound (often with negative, not a sound); whisper	8	2
共生	gòng shēng	symbiosis	8	2
男子汉	nán zǐ hàn	man (i.e. manly, masculine)	8	2
物力	wù lì	physical resources (as opposed to labor resources)	8	2
清亮	qīng liàng	(of sound) clear and resonant; bright; (of eyes) bright	8	2
母本	mǔ běn	(genetics) female parent	8	2
新政	xīn zhèng	new policy	8	2
支部	zhī bù	branch, esp. grass root branches of a political party	8	2
天文学家	tiān wén xué jiā	astronomer	8	2
复仇	fù chóu	to avenge; vengeance	8	2
国际法	guó jì fǎ	international law	8	2
几千	jǐ qiān	several thousand	8	2
优劣	yōu liè	good and bad; merits and drawbacks	8	2
疆域	jiāng yù	territory	8	2
求解	qiú jiě	to require a solution; to seek to solve (an equation)	8	2
断绝	duàn jué	to sever; to break off	8	2
摊开	tān kāi	to spread out; to unfold	8	2
后部	hòu bù	back section	8	2
原定	yuán dìng	originally planned; originally determined	8	2
农户	nóng hù	farmer; farmer household	8	2
人头	rén tóu	person; number of people; (per) capita	8	2
铺设	pū shè	to lay (railroad tracks, carpet, pipeline); to install (wiring, cable)	8	2
苦头	kǔ tou	sufferings	8	2
热力学	rè lì xué	thermodynamics	8	2
洁白	jié bái	spotlessly white; pure white	8	2
标准化	biāo zhǔn huà	standardization	8	2
教派	jiào pài	sect	8	2
得不到	dé bù dào	cannot get; cannot obtain	8	2
国号	guó hào	official name of a nation (includes dynastic names of China: 漢, 唐 etc)	8	2
书信	shū xìn	letter; epistle	8	2
电磁波	diàn cí bō	electromagnetic wave	8	2
撤出	chè chū	to withdraw; to leave; to retreat	8	2
发祥地	fā xiáng dì	the birthplace (of sth good); the cradle (e.g. of art)	8	2
作曲家	zuò qǔ jiā	composer; songwriter	8	2
众星捧月	zhòng xīng pěng yuè	lit. all the stars cup themselves around the moon (idiom, from Analects); fig. to view sb as core figure	8	2
西面	xī miàn	west side; west	8	2
繁茂	fán mào	(of vegetation) lush; luxuriant	8	2
短篇小说	duǎn piān xiǎo shuō	short story	8	2
看书	kàn shū	to read; to study	8	2
旁听	páng tīng	to sit in on (proceedings); to be present at a meeting as an observer	8	2
愈发	yù fā	all the more; increasingly	8	2
性状	xìng zhuàng	nature (i.e. properties of sth); character	8	2
天棚	tiān péng	ceiling; awning	8	2
大漠	dà mò	desert	8	2
传呼	chuán hū	to notify sb of a call; to call sb to the phone	8	2
一般说来	yī bān shuō lái	generally speaking; in general	8	2
铁锅	tiě guō	iron cooking pot	8	2
足协	zú xié	soccer association; soccer federation (abbr. for 足球協會)	8	2
杆菌	gǎn jūn	bacillus (any rod-shaped bacteria)	8	2
戒严	jiè yán	to impose martial law; to impose emergency measures	8	2
废弃	fèi qì	to discard; to abandon (old ways); to invalidate	8	2
姐夫	jiě fu	(coll.) older sister's husband	8	2
名列前茅	míng liè qián máo	to rank among the best	8	2
论点	lùn diǎn	argument; line of reasoning; thesis	8	2
继承人	jì chéng rén	heir; successor	8	2
碎片	suì piàn	chip; fragment; splinter; tatter	8	2
液压	yè yā	hydraulic pressure	8	2
浪漫主义	làng màn zhǔ yì	romanticism	8	2
比拟	bǐ nǐ	to compare; to draw a parallel; to match	8	2
新版	xīn bǎn	new edition; new version	8	2
宪政	xiàn zhèng	constitutional government	8	2
园区	yuán qū	site developed for a group of related enterprises; (industrial or technology) park	8	2
历史学家	lì shǐ xué jiā	historian	8	2
前门	qián mén	front door; main entrance	8	2
军机	jūn jī	military aircraft; secret plan; Privy Council during the Qing dynasty	8	2
信息技术	xìn xī jì shù	information technology; IT	8	2
侦查	zhēn chá	to detect; to investigate	8	2
五更	wǔ gēng	fifth of the five night watch periods 03:00-05:00 (old)	8	2
乡试	xiāng shì	the triennial provincial imperial exam during the Ming and Qing	8	2
镇静	zhèn jìng	calm; cool	8	2
起火	qǐ huǒ	to catch fire; to cook; to get angry	8	2
败坏	bài huài	to ruin; to corrupt; to undermine	8	2
诗词	shī cí	verse	8	2
系主任	xì zhǔ rèn	head of a (university) department; department chair	8	2
稀饭	xī fàn	porridge; gruel; congee	8	2
海产	hǎi chǎn	marine; produced in sea	8	2
小米	xiǎo mǐ	millet	8	2
产出	chǎn chū	to produce (graduates, breast milk, toxic waste, creative ideas etc)	8	2
雪花	xuě huā	snowflake	8	2
觉察	jué chá	to sense; to perceive; to come to realize	8	2
物件	wù jiàn	object	8	2
湖边	hú biān	lakeside	8	2
性生活	xìng shēng huó	sex life	8	2
年内	nián nèi	during the current year	8	2
屏风	píng fēng	(furniture) screen	8	2
首级	shǒu jí	severed head	8	2
辈子	bèi zi	all one's life; lifetime	8	2
病例	bìng lì	(medical) case; occurrence of illness	8	2
牵连	qiān lián	to implicate; implicated; to link together	8	2
日出	rì chū	sunrise	8	2
文化史	wén huà shǐ	cultural history	8	2
掌柜	zhǎng guì	shopkeeper	8	2
心惊	xīn jīng	fearful; apprehensive	8	2
当家作主	dāng jiā zuò zhǔ	to be in charge in one's own house (idiom)	8	2
岩层	yán céng	rock strata	8	2
半殖民地	bàn zhí mín dì	semicolonial	8	2
飞行器	fēi xíng qì	flying craft (airplane, drone, missile, balloon, spacecraft, satellite etc)	8	2
运载	yùn zài	to transport; to carry (goods, materials or people)	8	2
石灰岩	shí huī yán	limestone	8	2
生产关系	shēng chǎn guān xì	relations between levels of production; socio-economic relations	8	2
定量	dìng liàng	quantity; fixed amount; ration	8	2
变故	biàn gù	an unforeseen event; accident; misfortune	8	2
上扬	shàng yáng	(of prices etc) to rise	8	2
自古以来	zì gǔ yǐ lái	since ancient times	8	2
田间	tián jiān	field; farm; farming area	8	2
杀掉	shā diào	to kill	8	2
弯腰	wān yāo	to stoop	8	2
体型	tǐ xíng	build; body type	8	2
会儿	huì r	(coll.) a short while; a moment	8	2
麻雀	má què	sparrow; (dialect) mahjong	8	2
酋长	qiú zhǎng	headman (of primitive people); tribal chief	8	2
通史	tōng shǐ	narrative history; comprehensive history	8	2
质子	zhì zǐ	proton (positively charged nuclear particle)	8	2
纵队	zòng duì	column; file (formation of people) (CL:列,路); PLA army corps (1946–1949)	8	2
纪要	jì yào	minutes; written summary of a meeting	8	2
相待	xiāng dài	to treat	8	2
横穿	héng chuān	to cross; to traverse	8	2
小马	xiǎo mǎ	colt; pony	8	2
威望	wēi wàng	prestige	8	2
分给	fēn gěi	to divide (and give to others)	8	2
下院	xià yuàn	lower house (of parliament)	8	2
连队	lián duì	company (of troops)	8	2
砖头	zhuān tou	brick	8	2
相隔	xiāng gé	separated by (distance or time etc)	8	2
狂风	kuáng fēng	gale; squall; whole gale (meteorology)	8	2
流星	liú xīng	meteor; shooting star; meteor hammer (abbr. for 流星錘)	8	2
村落	cūn luò	village	8	2
改用	gǎi yòng	to change over to; to switch to; to use (sth different)	8	2
央行	yāng háng	central bank (abbr. for 中央銀行)	8	2
增援	zēng yuán	to reinforce	8	2
助攻	zhù gōng	(military) to mount a secondary attack	8	2
剑术	jiàn shù	swordsmanship	8	2
典雅	diǎn yǎ	refined; elegant	8	2
高职	gāo zhí	vocational higher education institution (abbr. for 高等職業技術學校)	8	2
被窝	bèi wō	(traditional bedding) quilt wrapped around the body as a tube	8	2
礼法	lǐ fǎ	etiquette; ceremonial rites	8	2
界面	jiè miàn	contact surface; (computing) interface	8	2
列出	liè chū	to list; to make a list	8	2
出嫁	chū jià	to get married (of woman)	8	2
亿万	yì wàn	millions and millions	8	2
竖起	shù qǐ	to erect (a tent etc); to prick up (one's ears)	8	2
污染物	wū rǎn wù	pollutant	8	2
杂剧	zá jù	a Yuan dynasty form of musical comedy	8	2
排挤	pái jǐ	to crowd out; to push aside; to supplant	8	2
夜色	yè sè	night scene; the dim light of night	8	2
公路网	gōng lù wǎng	road network	8	2
骨髓	gǔ suǐ	bone marrow	8	2
身处	shēn chǔ	in (some place)	8	2
破败	pò bài	to defeat; to crush (in battle); beaten	8	2
普法	pǔ fǎ	to disseminate knowledge of the law	8	2
撤军	chè jūn	to withdraw troops; to retreat	8	2
大陆架	dà lù jià	continental shelf	8	2
地委	dì wěi	prefectural Party committee	8	2
周期性	zhōu qī xìng	periodic; periodicity (math); cyclicity	8	2
古籍	gǔ jí	ancient text; antique books	8	2
兄妹	xiōng mèi	brother(s) and sister(s)	8	2
业界	yè jiè	industry	8	2
镇守	zhèn shǒu	(of troops stationed in a strategic area) to defend	8	2
波段	bō duàn	wave band	8	2
城址	chéng zhǐ	townsite	8	2
长篇	cháng piān	lengthy (report or speech)	8	2
迅捷	xùn jié	fast and nimble	8	2
讨伐	tǎo fá	to suppress by armed force; to send a punitive expedition against	8	2
盟军	méng jūn	allied forces	8	2
放电	fàng diàn	electrical discharge; (coll.) to lure; to entice	8	2
找寻	zhǎo xún	to look for; to seek; to find fault	8	2
心怀	xīn huái	to harbor (thoughts); to cherish; to entertain (illusions)	8	2
形体	xíng tǐ	figure; physique; form and structure	8	2
分治	fēn zhì	separate government; partition	8	2
谷子	gǔ zi	millet	8	2
经由	jīng yóu	via	8	2
红细胞	hóng xì bāo	erythrocyte; red blood cell	8	2
祭祖	jì zǔ	to offer sacrifices to one's ancestors	8	2
民心	mín xīn	popular sentiment	8	2
探头	tàn tóu	to stick one's head out (from behind sth); to pop one's head in (through a window etc)	8	2
换届	huàn jiè	to change personnel upon expiry of a term of office	8	2
拳脚	quán jiǎo	Chinese boxing; fist and feet; punching and kicking	8	2
心境	xīn jìng	mood; mental state; frame of mind	8	2
夺回	duó huí	to take back (forcibly); to recapture; to win back	8	2
可喜	kě xǐ	making one happy; gratifying; heartening	8	2
双双	shuāng shuāng	both; together (used to indicate that two people or things do the same thing simultaneously)	8	2
分头	fēn tóu	separately; severally; parted hair	8	2
云盘	yún pán	(computing) cloud drive; cloud storage service	8	2
严整	yán zhěng	(of troops) in neat formation; (fig.) orderly	8	2
眼角	yǎn jiǎo	outer or inner corner of the eye; canthus	8	2
沉井	chén jǐng	open caisson	8	2
断然	duàn rán	resolute; definitive; categorically	8	2
教育厅	jiào yù tīng	(provincial) department of education	8	2
探测器	tàn cè qì	detector; probe	8	2
市场化	shì chǎng huà	marketization	8	2
居委会	jū wěi huì	neighbourhood committee	8	2
存有	cún yǒu	to hold in storage; to retain; to harbor (feelings)	8	2
阵线	zhèn xiàn	a front (militant group); line of battle	8	2
锋利	fēng lì	sharp (e.g. knife blade); incisive; to the point	8	2
重晶石	zhòng jīng shí	barite (geology)	8	2
逃往	táo wǎng	to run away; to go into exile	8	2
组委会	zǔ wěi huì	organizing committee (abbr. for 組織委員會)	8	2
球形	qiú xíng	spherical; ball-shaped	8	2
点击	diǎn jī	to hit; to press; to strike (on the keyboard)	8	2
推演	tuī yǎn	to deduce; to infer; to derive	8	2
幸而	xìng ér	by good fortune; luckily	8	2
大堂	dà táng	lobby	8	2
多多	duō duō	many; much; a lot	8	2
吭声	kēng shēng	to utter a word	8	2
十九	shí jiǔ	nineteen; 19	8	2
出使	chū shǐ	to go abroad as ambassador; to be sent on a diplomatic mission	8	2
军火	jūn huǒ	weapons and ammunition; munitions; arms	8	2
低沉	dī chén	(of weather) overcast; gloomy; (of a voice) low and deep	8	2
临走	lín zǒu	before leaving; on departure	8	2
超导	chāo dǎo	(physics) superconduction; superconductivity	8	2
木质	mù zhì	wooden	8	2
救出	jiù chū	to rescue; to pluck from danger	8	2
上岸	shàng àn	to go ashore; to climb ashore	8	2
腰带	yāo dài	belt	8	2
掌心	zhǎng xīn	hollow of the palm	8	2
扑通	pū tōng	(onom.) sound of object falling into water; plop	8	2
巡视	xún shì	to inspect (a site); (of a dignitary) to visit; to go on an inspection tour	8	2
小牛	xiǎo niú	calf; (coll.) lower-priced model of Lamborghini	8	2
失常	shī cháng	not normal; an aberration	8	2
备战	bèi zhàn	to prepare for war	8	2
乳白色	rǔ bái sè	milky white	8	2
下发	xià fā	to issue (a memorandum etc) to lower levels	8	2
默然	mò rán	silent; speechless	8	2
费力	fèi lì	to expend a great deal of effort	8	2
许久	xǔ jiǔ	for a long time; for ages	8	2
胜败	shèng bài	victory or defeat; result	8	2
盟国	méng guó	allies; united countries	8	2
沟渠	gōu qú	channel; moat; irrigation canal	8	2
水资源	shuǐ zī yuán	water resource	8	2
正殿	zhèng diàn	main hall of a Buddhist temple	8	2
植树	zhí shù	to plant trees	8	2
有失	yǒu shī	to cause a loss of (decorum, dignity etc) (used in fixed expressions)	8	2
推崇	tuī chóng	to esteem; to think highly of; to accord importance to	8	2
尘土	chén tǔ	dust	8	2
喷发	pēn fā	to erupt; an eruption	8	2
鸣叫	míng jiào	to emit a sound; (of birds, insects etc) to chirp, hoot etc	8	2
霸权	bà quán	hegemony; supremacy	8	2
逐一	zhú yī	one by one	8	2
选取	xuǎn qǔ	to choose	8	2
眼珠	yǎn zhū	one's eyes; eyeball	8	2
病虫害	bìng chóng hài	plant diseases and insect pests	8	2
火控	huǒ kòng	fire control (gunnery)	8	2
战功	zhàn gōng	outstanding military service	8	2
墙角	qiáng jiǎo	corner (junction of two walls)	8	2
兴办	xīng bàn	to begin; to set in motion	8	2
首选	shǒu xuǎn	first choice; premium; to come first in the imperial examinations	8	2
跌倒	diē dǎo	to tumble; to fall; fig. to suffer a reverse (in politics or business)	8	2
调集	diào jí	to summon; to muster; to assemble	8	2
百倍	bǎi bèi	a hundredfold; (fig.) markedly	8	2
游击	yóu jī	guerrilla warfare	8	2
桌面	zhuō miàn	desktop; tabletop	8	2
时日	shí rì	time; auspicious time; time and date	8	2
宣战	xuān zhàn	to declare war	8	2
力道	lì dào	strength; power; efficacy	8	2
分队	fēn duì	military platoon or squad	8	2
中线	zhōng xiàn	half-way line; median line	8	2
轮回	lún huí	(neologism) (slang) to respond to a message after a very long delay (pun on 輪迴, the cycle of rebirth) (opposite of 秒回)	8	2
议长	yì zhǎng	chairman (of a legislative assembly); speaker	8	2
誓死	shì sǐ	to pledge one's life	8	2
解题	jiě tí	to solve problems; to explicate	8	2
航空港	háng kōng gǎng	airfield; aerodrome	8	2
粮草	liáng cǎo	army provisions; rations and fodder	8	2
旗号	qí hào	military banner (often used figuratively, usually pejoratively, to mean "pretext" or "ostensible purpose")	8	2
婚事	hūn shì	wedding; marriage	8	2
地方官	dì fāng guān	local official	8	2
商家	shāng jiā	merchant; business; enterprise	8	2
含笑	hán xiào	to have a smile on one's face	8	2
军校	jūn xiào	military school; military academy	8	2
不甘	bù gān	unreconciled to; not resigned to; unwilling	8	2
雇用	gù yòng	to employ; to hire	8	2
进行曲	jìn xíng qǔ	march (musical)	8	2
痛恨	tòng hèn	to detest; to loathe; to abhor	8	2
生计	shēng jì	livelihood	8	2
生物学家	shēng wù xué jiā	biologist	8	2
牌位	pái wèi	memorial tablet	8	2
烧制	shāo zhì	to fire (in a kiln)	8	2
派出所	pài chū suǒ	local police station	8	2
水泡	shuǐ pào	bubble; blister	8	2
新闻界	xīn wén jiè	the press; the media	8	2
搬运	bān yùn	to transport; to carry	8	2
地质学	dì zhì xué	geology	8	2
义气	yì qì	spirit of loyalty and self-sacrifice; code of brotherhood; also pr.	8	2
严惩	yán chéng	to punish severely	8	2
鸡汤	jī tāng	chicken stock; chicken soup	8	2
责成	zé chéng	to charge (an entity) with (a task); to assign (sb) the task of	8	2
豹子	bào zi	leopard	8	2
试管	shì guǎn	test tube	8	2
茶杯	chá bēi	teacup; tea-glass; cup	8	2
肾脏	shèn zàng	kidney	8	2
老爷子	lǎo yé zi	my (your etc) old father; polite appellation for an elderly male	8	2
星火	xīng huǒ	spark; meteor trail (mostly used in expressions like 急如星火)	8	2
接任	jiē rèn	to take over (as minister, manager etc)	8	2
基数	jī shù	cardinal number; (math.) radix; base	8	2
唯恐	wéi kǒng	for fear that; lest; also written 惟恐	8	2
减产	jiǎn chǎn	to produce less; to reduce output; lower yield	8	2
交织	jiāo zhī	to interweave	8	2
乘势	chéng shì	to seize the opportunity; to strike while the iron is hot	8	2
中指	zhōng zhǐ	middle finger	8	2
马铃薯	mǎ líng shǔ	potato	8	2
雄性	xióng xìng	male	8	2
金丝猴	jīn sī hóu	golden snub-nosed monkey (Rhinopithecus roxellana)	8	2
赶走	gǎn zǒu	to drive out; to turn back	8	2
工作组	gōng zuò zǔ	work team; working group; task force	8	2
国力	guó lì	a nation's power	8	2
口吻	kǒu wěn	tone of voice; connotation in intonation; accent (regional etc)	8	2
雕像	diāo xiàng	sculpture; (carved) statue	8	2
装配	zhuāng pèi	to assemble; to fit together	8	2
矿区	kuàng qū	mining site; mining area	8	2
矿业	kuàng yè	mining industry	8	2
检阅	jiǎn yuè	to inspect; to review (troops etc); military review	8	2
房产	fáng chǎn	real estate; the property market (e.g. houses)	8	2
忠义	zhōng yì	loyal and righteous; fealty; loyalty	8	2
周身	zhōu shēn	whole body	8	2
出力	chū lì	to exert oneself	8	2
不休	bù xiū	endlessly; ceaselessly	8	2
一应	yī yīng	all; every	8	2
赶路	gǎn lù	to hasten on with one's journey; to hurry on	8	2
虚实	xū shí	what is true and what is false; (to get to know) the real situation	8	2
花木	huā mù	flowers and trees; plants; flora	8	2
经纪人	jīng jì rén	broker; middleman; agent	8	2
租地	zū dì	to rent land; to lease farmland	8	2
知音	zhī yīn	intimate friend; soul mate	8	2
熄灭	xī miè	to stop burning; to go out (of fire); to die out	8	2
果子	guǒ zi	fruit	8	2
早点	zǎo diǎn	breakfast	8	2
成年人	chéng nián rén	adult person	8	2
得胜	dé shèng	to triumph over an opponent	8	2
出马	chū mǎ	to set out (on a campaign); to stand for election	8	2
农业区	nóng yè qū	agricultural region	8	2
债权	zhài quán	creditor's rights (law)	8	2
雷电	léi diàn	thunder and lightning	8	2
遮住	zhē zhù	to cover (up); to block; to obstruct	8	2
绝顶	jué dǐng	(lit. and fig.) summit; peak; extremely; utterly	8	2
游记	yóu jì	travel notes	8	2
洪涝	hóng lào	flood; inundation; flooding	8	2
挣脱	zhèng tuō	to throw off; to struggle free of; Taiwan pr.	8	2
实情	shí qíng	the actual situation; the truth	8	2
医治	yī zhì	to treat (an illness); medical treatment	8	2
交出	jiāo chū	to hand over	8	2
饮用	yǐn yòng	drink; drinking or drinkable (water)	8	2
限额	xiàn é	quota; limit (upper or lower); to set a quota; to set a limit	8	2
足足	zú zú	fully; no less than; as much as	8	2
精制	jīng zhì	refined	8	2
环境保护	huán jìng bǎo hù	environmental protection	8	2
火爆	huǒ bào	fiery (temper); popular; flourishing	8	2
来华	lái huá	to come to China	8	2
更迭	gēng dié	to alternate; to change	8	2
旅游者	lǚ yóu zhě	tourist; traveler; visitor	8	2
数字化	shù zì huà	to digitize	8	2
指使	zhǐ shǐ	to incite; to prompt (sb to do sth)	8	2
悠悠	yōu yōu	lasting for ages; long drawn out; remote in time or space	8	2
征税	zhēng shuì	to levy taxes	8	2
哺乳动物	bǔ rǔ dòng wù	mammal	8	2
低空	dī kōng	low altitude	8	2
覆盖率	fù gài lǜ	coverage	8	2
织物	zhī wù	fabric; textile	8	2
社会化	shè huì huà	to socialize	8	2
抖动	dǒu dòng	to quiver; to vibrate; to shake (sth)	8	2
庭院	tíng yuàn	courtyard	8	2
大路	dà lù	avenue	8	2
后院	hòu yuàn	rear court; back garden; backyard (also fig.)	8	2
后劲	hòu jìn	energy to continue after the initial phase of an activity	8	2
出炉	chū lú	to take out of the furnace; fresh out of the oven; fig. newly announced	8	2
铸铁	zhù tiě	pig iron; foundry iron	8	2
适龄	shì líng	of age; of the appropriate age	8	2
进取	jìn qǔ	to show initiative; to be a go-getter; to push forward with one's agenda	8	2
车身	chē shēn	the body of a vehicle; (bicycle) frame	8	2
踪影	zōng yǐng	trace; vestige; presence	8	2
摧残	cuī cán	to ravage; to ruin	8	2
尚且	shàng qiě	(not) even; yet; still	8	2
好手	hǎo shǒu	expert; professional	8	2
因故	yīn gù	for some reason	8	2
古物	gǔ wù	antique	8	2
升旗	shēng qí	to raise a flag; to hoist a flag	8	2
信徒	xìn tú	believer	8	2
体裁	tǐ cái	genre; style; form of writing	8	2
面颊	miàn jiá	cheek	8	2
闪过	shǎn guò	to flash through (one's mind); to dodge (away from pursuers)	8	2
表皮	biǎo pí	epidermis; cuticle	8	2
穿戴	chuān dài	to dress; to be dressed; clothing; apparel	8	2
爆破	bào pò	to blow up; to demolish (using explosives); dynamite	8	2
正比	zhèng bǐ	direct ratio; directly proportional	8	2
机型	jī xíng	the specific model of a machine (e.g. cell phone model, laptop model, aircraft model)	8	2
敌机	dí jī	enemy plane	8	2
报价	bào jià	to quote a price; quoted price; quote	8	2
扫荡	sǎo dàng	(military) to mop up; to crack down on; to eradicate	8	2
增生	zēng shēng	(medicine) hyperplasia	8	2
两性	liǎng xìng	male and female	8	2
装作	zhuāng zuò	to pretend; to feign; to act a part	8	2
空袭	kōng xí	to make an air raid	8	2
特约	tè yuē	specially engaged; employed or commissioned for a special task	8	2
摄入	shè rù	to take in; to absorb; to consume	8	2
干系	gān xì	responsibility	8	2
带电	dài diàn	to be electrified; to be charged; to be live	8	2
声调	shēng diào	tone; note; a tone (on a Chinese syllable)	8	2
埋葬	mái zàng	to bury	8	2
后任	hòu rèn	successor; to take up a position subsequently as ...	8	2
县府	xiàn fǔ	county government	8	2
剧作家	jù zuò jiā	playwright	8	2
划定	huà dìng	to demarcate; to delimit	8	2
光年	guāng nián	light-year	8	2
优胜	yōu shèng	(of a contestant) winning; superior; excellent	8	2
中常	zhōng cháng	ordinary; average; medium	8	2
辩证法	biàn zhèng fǎ	dialectics; dialectic or Socratic method of debate	8	2
起因	qǐ yīn	cause; a factor (leading to an effect)	8	2
试剂	shì jì	reagent	8	2
衣食	yī shí	clothes and food	8	2
色泽	sè zé	color and luster	8	2
纸币	zhǐ bì	bank notes; paper currency	8	2
禁令	jìn lìng	prohibition; ban	8	2
电影节	diàn yǐng jié	film festival	8	2
生父	shēng fù	biological father	8	2
断代	duàn dài	periodization (of history)	8	2
招待所	zhāo dài suǒ	guesthouse; hostel	8	2
库存	kù cún	property or cash held in reserve; stock; inventory	8	2
合称	hé chēng	common term; general term	8	2
厅堂	tīng táng	hall	8	2
光景	guāng jǐng	circumstances; scene; about	8	2
人世	rén shì	the world; this world; the world of the living	8	2
足下	zú xià	you (used to a superior or between persons of the same generation)	8	2
经管	jīng guǎn	to be in charge of	8	2
空战	kōng zhàn	air war; air warfare	8	2
烛光	zhú guāng	candlelight; candlelit (vigil etc)	8	2
波音	bō yīn	mordent (music)	8	2
攻陷	gōng xiàn	to capture (a fortress, city etc); to take by force	8	2
战局	zhàn jú	war situation	8	2
总值	zǒng zhí	total value	8	2
平平	píng píng	average; mediocre	8	2
劳役	láo yì	forced labor; corvée (labor required of a serf); animal labor	8	2
元件	yuán jiàn	element; component	8	2
乙肝	yǐ gān	hepatitis B	8	2
采茶	cǎi chá	to pick tea leaves	8	2
贴身	tiē shēn	worn next to the skin; close-fitting; personal (servant etc)	8	2
良机	liáng jī	a good chance; a golden opportunity	8	2
耳目	ěr mù	eyes and ears; sb's attention or notice; information	8	2
笔墨	bǐ mò	pen and ink; words; writing	8	2
独树一帜	dú shù yī zhì	lit. to fly one's banner on a solitary tree (idiom); fig. to act as a loner	8	2
炮击	pào jī	to shell; to bombard; bombardment	8	2
有心	yǒu xīn	to have a mind to; to intend to; deliberately	8	2
无心	wú xīn	unintentionally; not in the mood to	8	2
弄清	nòng qīng	to clarify; to fully understand	8	2
屯子	tún zi	village	8	2
军备	jūn bèi	(military) arms; armaments	8	2
其二	qí èr	secondly; the other (usu. of two); the second	8	2
俱全	jù quán	to have all of the elements mentioned (features, qualities, items etc)	8	2
专业化	zhuān yè huà	specialization	8	2
青铜器	qīng tóng qì	bronze implement; refers to ancient bronze artifacts, from c. 2,000 BC	8	2
集镇	jí zhèn	town	8	2
艺术品	yì shù pǐn	art piece; work of art	8	2
翻阅	fān yuè	to thumb through; to flip through (a book)	8	2
无量	wú liàng	measureless; immeasurable	8	2
忙于	máng yú	busy with	8	2
奴隶主	nú lì zhǔ	slave owner	8	2
重臣	zhòng chén	important minister; major figure in government	8	2
遗书	yí shū	posthumous writing; testament; suicide note	8	2
考入	kǎo rù	to pass entrance exam; to enter college after a competitive exam	8	2
沿袭	yán xí	to carry on as before; to follow (an old custom etc)	8	2
实时	shí shí	(in) real time; instantaneous	8	2
问话	wèn huà	to ask sb a question; question	8	2
道场	dào chǎng	Taoist or Buddhist rite	8	2
讲授	jiǎng shòu	to lecture; to teach	8	2
结盟	jié méng	to form an alliance; to ally oneself with; allied with	8	2
水道	shuǐ dào	watercourse (river, canal, drain etc); water route	8	2
散射	sǎn shè	(physics) to scatter	8	2
尊号	zūn hào	honorific title	8	2
多样性	duō yàng xìng	variegation; diversity	8	2
增幅	zēng fú	growth rate; amplification	8	2
原则上	yuán zé shang	in principle; generally	8	2
化学家	huà xué jiā	chemist	8	2
雪地	xuě dì	snow-covered ground	8	2
造化	zào huà	(literary) Nature; the Creator	8	2
输给	shū gěi	to lose to (sb); to be outdone by	8	2
种姓	zhǒng xìng	caste (traditional Indian social division)	8	2
生化	shēng huà	biochemistry	8	2
活捉	huó zhuō	to capture alive	8	2
明月	míng yuè	bright moon; refers to 夜明珠, a legendary pearl that can glow in the dark	8	2
教务	jiào wù	educational administration	8	2
慈悲	cí bēi	mercy	8	2
总参谋长	zǒng cān móu zhǎng	(military) Chief of Staff	8	2
强国	qiáng guó	powerful country; great power	8	2
工事	gōng shì	defensive structure; military fortifications; (Tw) construction works	8	2
宗族	zōng zú	clan; clansman	8	2
回合	huí hé	one of a sequence of contests (or subdivisions of a contest) between the same two opponents	8	2
集训	jí xùn	to train together; to practice as a group	8	2
长于	cháng yú	to be adept in; to excel at	8	2
要道	yào dào	major road; thoroughfare; main road	8	2
相持	xiāng chí	locked in a stalemate; to confront one another	8	2
清算	qīng suàn	to settle accounts; to clear accounts; to liquidate	8	2
政治学	zhèng zhì xué	politics; political science	8	2
尖叫	jiān jiào	to screech; to shriek	8	2
商旅	shāng lǚ	businessmen and travelers; traveling merchant; (Tw) business hotel	8	2
卵巢	luǎn cháo	ovary	8	2
单体	dān tǐ	monomer (chemistry)	8	2
黑影	hēi yǐng	shadow; darkness; twilight	8	2
边沿	biān yán	edge; fringe	8	2
载入	zǎi rù	to load into; to record; to write into	8	2
要钱	yào qián	to charge; to demand payment	8	2
精于	jīng yú	skillful in; proficient in; adept at	8	2
直系	zhí xì	directly related	8	2
生理学	shēng lǐ xué	physiology	8	2
敌我	dí wǒ	the enemy and us	8	2
搜捕	sōu bǔ	to hunt and arrest (fugitives); to track down and arrest; a manhunt	8	2
技法	jì fǎ	technique; method	8	2
戏称	xì chēng	to jokingly call; jocular appellation	8	2
微分方程	wēi fēn fāng chéng	(math.) differential equation	8	2
床单	chuáng dān	bed sheet	8	2
册立	cè lì	to confer a title on (an empress or a prince)	8	2
公爵	gōng jué	duke; dukedom	8	2
辅佐	fǔ zuǒ	to assist (usually a ruler)	8	2
路旁	lù páng	roadside	8	2
草本	cǎo běn	herbaceous; original draft (of a manuscript etc)	8	2
芳香	fāng xiāng	fragrant; aromatic; fragrance	8	2
肃清	sù qīng	to purge	8	2
神韵	shén yùn	charm or grace (in poetry or art)	8	2
枯水期	kū shuǐ qī	dry season; low-water period	8	2
婆娘	pó niang	(dialect) wife; (derog.) woman	8	2
军委	jūn wěi	Military Commission of the Communist Party Central Committee	8	2
云朵	yún duǒ	a cloud	8	2
久久	jiǔ jiǔ	for a very long time	8	2
中场	zhōng chǎng	(historical) middle period of a tripartite provincial exam	8	2
首轮	shǒu lún	first round (of a competition etc)	8	2
难当	nán dāng	hard to endure (hot weather, itchiness etc)	8	2
谋杀	móu shā	to murder; to assassinate; intentional homicide	8	2
政区	zhèng qū	administrative division	8	2
拳法	quán fǎ	boxing; fighting technique	8	2
愈加	yù jiā	all the more; even more; further	8	2
悲壮	bēi zhuàng	solemn and stirring; moving and tragic	8	2
分辨率	fēn biàn lǜ	resolution (of images, monitors, scanners etc)	8	2
作法	zuò fǎ	course of action; method of doing sth; practice	8	2
丢下	diū xià	to abandon	8	2
非线性	fēi xiàn xìng	nonlinear (math.)	8	2
野味	yě wèi	game; wild animals and birds hunted for food or sport	8	2
绕道	rào dào	to go by a roundabout route; to take a detour	8	2
稀疏	xī shū	sparse; infrequent; thinly spread	8	2
知青	zhī qīng	educated youth (esp. those sent to work in rural areas during the Cultural Revolution) (abbr. for 知識青年)	8	2
热血	rè xuè	hot blood; warm-blooded (animal); endothermic (physiology)	8	2
毕生	bì shēng	one's whole life; throughout one's life	8	2
失地	shī dì	to lose territory; lost territory	8	2
外债	wài zhài	foreign debt; external debt	8	2
坡度	pō dù	gradient; slope	8	2
地盘	dì pán	domain; territory under one's control; foundation of a building	8	2
发病率	fā bìng lǜ	incidence of a disease; disease rate	8	2
不失	bù shī	still possesses; yet retains (some positive attribute that contrasts with another of its attributes)	8	2
七十	qī shí	seventy; 70	8	2
赏识	shǎng shí	to appreciate; to recognize the worth of sth; appreciation	8	2
茶水	chá shuǐ	tea prepared in large quantity using inexpensive tea leaves	8	2
皇子	huáng zǐ	prince	8	2
电缆	diàn lǎn	(electric) cable	8	2
文本	wén běn	a text (article, script, contract etc)	8	2
接连不断	jiē lián bù duàn	(idiom) in unbroken succession; continuous	8	2
屈辱	qū rǔ	to humiliate; humiliating	8	2
小鬼	xiǎo guǐ	little demon (term of endearment for a child); mischievous child; imp	8	2
射箭	shè jiàn	archery; to shoot an arrow	8	2
姨太太	yí tài tai	concubine	8	2
地表水	dì biǎo shuǐ	surface water	8	2
反恐	fǎn kǒng	anti-terrorism; to fight against terrorism	8	2
为的是	wèi de shì	for the sake of; for the purpose of	8	2
一并	yī bìng	to lump together; to treat along with all the others	8	2
荒山	huāng shān	desert mountain; barren hill	8	2
耀武扬威	yào wǔ yáng wēi	to show off one's military strength (idiom); to strut around; to bluff	8	2
神像	shén xiàng	likeness of a god or Buddha	8	2
满载	mǎn zài	full to capacity; fully loaded	8	2
海参	hǎi shēn	sea cucumber	8	2
放养	fàng yǎng	to raise (livestock or poultry) in an open environment	8	2
嗓音	sǎng yīn	voice	8	2
合葬	hé zàng	to bury husband and wife together; joint interment	8	2
人道主义	rén dào zhǔ yì	humanism; humanitarian (aid)	8	2
预备役	yù bèi yì	reserve duty; reserve service; military reserve	8	2
青年人	qīng nián rén	young person; the young	8	2
脸孔	liǎn kǒng	face	8	2
海防	hǎi fáng	coastal defense	8	2
洪流	hóng liú	a powerful current; a flood (often fig., e.g. a flood of ideas)	8	2
有数	yǒu shù	to have kept count; to know how many; (fig.) to know exactly how things stand; to know the score	8	2
新任	xīn rèn	newly-appointed; newly elected; new (in a political office)	8	2
创刊	chuàng kān	to start publishing; to found a journal	8	2
颤动	chàn dòng	to vibrate; to quiver	8	2
题词	tí cí	inscription; dedication	8	2
锅炉	guō lú	boiler	8	2
轰击	hōng jī	bombard	8	2
行路	xíng lù	to travel; transport	8	2
炼制	liàn zhì	(chemistry) to refine	8	2
有罪	yǒu zuì	guilty	8	2
总分	zǒng fēn	overall score; total points	8	2
年满	nián mǎn	to have attained the age of	8	2
宗派	zōng pài	sect	8	2
坐定	zuò dìng	to be seated	8	2
会师	huì shī	to collaborate; to join forces; to effect a junction	8	2
两极	liǎng jí	the two poles; the north and south poles; both ends of sth	8	2
难保	nán bǎo	hard to say; can't guarantee; difficult to protect	8	2
身世	shēn shì	one's life experience; one's lot; one's past history	8	2
棉纱	mián shā	cotton yarn	8	2
扫地	sǎo dì	to sweep the floor	8	2
手电筒	shǒu diàn tǒng	flashlight; electric hand torch	8	2
并存	bìng cún	to exist at the same time; to coexist	8	2
不凡	bù fán	extraordinary; remarkable; exceptional	8	2
上部	shàng bù	upper section	8	2
错落	cuò luò	strewn at random; disorderly; untidy	8	2
财税	cái shuì	finance and taxation	8	2
调味	tiáo wèi	seasoning; condiment; flavoring	8	2
蒸气	zhēng qì	vapor; steam	8	2
获利	huò lì	profit; to obtain benefits; benefits obtained	8	2
老将	lǎo jiàng	lit. old general	8	2
绝非	jué fēi	absolutely not	8	2
环岛	huán dǎo	traffic circle; rotary; roundabout; to travel around an island	8	2
意欲	yì yù	to intend to; intention; desire	8	2
字符	zì fú	character (computing)	8	2
婆子	pó zi	old woman	8	2
击退	jī tuì	to beat back; to repel	8	2
冰凉	bīng liáng	ice-cold	8	2
军心	jūn xīn	(military) troop morale; (fig.) team morale	8	2
典章	diǎn zhāng	institution; institutional	8	2
人参	rén shēn	ginseng	8	2
五谷	wǔ gǔ	five crops, e.g. millet 粟, soybean 豆, sesame 麻, barley 麥, rice 稻 or other variants	8	2
不规则	bù guī zé	irregular	8	2
职高	zhí gāo	vocational high school (abbr. for 職業高中)	8	2
流言	liú yán	rumor; gossip; to spread rumors	8	2
成群	chéng qún	in groups; large numbers of; grouping	8	2
情趣	qíng qù	inclinations and interests; delight; fun	8	2
化学工业	huà xué gōng yè	chemical industry	8	2
刺杀	cì shā	to assassinate; (military) to fight with a bayonet	8	2
何尝	hé cháng	(rhetorical question) when?; how?; it's not that...	8	2
业内	yè nèi	(within) the industry; the profession	8	2
水族	shuǐ zú	collective term for aquatic animals	8	2
柱头	zhù tóu	(architecture) capital; column head; (botany) stigma	8	2
数理	shù lǐ	mathematical sciences	8	2
平整	píng zhěng	smooth; level; to level off	8	2
声名	shēng míng	reputation; declaration	8	2
吸附	xī fù	to adhere to a surface; to absorb; to draw in	8	2
名头	míng tou	reputation	8	2
受热	shòu rè	heated; sunstroke	8	2
化学反应	huà xué fǎn yìng	chemical reaction	8	2
决断	jué duàn	to make a decision; resolution; decisiveness	8	2
入关	rù guān	to enter a pass; to go through customs	8	2
业主	yè zhǔ	owner; proprietor	8	2
魔头	mó tóu	monster; devil	8	2
长矛	cháng máo	pike; lance	8	2
金黄色	jīn huáng sè	gold color	8	2
远近	yuǎn jìn	far and near; distance	8	2
细嫩	xì nèn	tender	8	2
禁军	jìn jūn	imperial guard	8	2
皮质	pí zhì	cortex; cerebral cortex	8	2
开凿	kāi záo	to cut (a canal, tunnel, well etc)	8	2
夹杂	jiā zá	to mix together (disparate substances); to mingle; a mix	8	2
冬瓜	dōng guā	wax gourd (Cucurbitaceae, Benincasa hispida); white gourd	8	2
顶住	dǐng zhù	to withstand; to stand up to	8	2
负债	fù zhài	to be in debt; to incur debts; liability (finance)	8	2
调用	diào yòng	to transfer (for a specific purpose); to allocate	8	2
薄膜	bó mó	membrane; film	8	2
编译	biān yì	to translate and edit; translator-editor	8	2
相宜	xiāng yí	to be suitable or appropriate	8	2
氧化物	yǎng huà wù	oxide	8	2
染色	rǎn sè	to dye	8	2
无礼	wú lǐ	rude; rudely	8	2
堂屋	táng wū	central room of a traditional Chinese house	8	2
兔子	tù zi	hare; rabbit	8	2
免于	miǎn yú	to be saved from; to be spared (something)	8	2
传球	chuán qiú	(sports) to pass the ball	8	2
附着	fù zhuó	to adhere; attachment	8	2
连带	lián dài	to be related; to entail; to involve	8	2
进犯	jìn fàn	to invade	8	2
迎娶	yíng qǔ	(of a groom) to fetch one's bride from her parents' home to escort her to the wedding ceremony	8	2
质感	zhì gǎn	realism (in art); sense of reality; texture	8	2
衍射	yǎn shè	(physics) to diffract	8	2
残暴	cán bào	brutal; vicious; ruthless	8	2
挫败	cuò bài	to thwart; to foil (sb's plans); a setback; a failure; a defeat	8	2
成色	chéng sè	relative purity of silver or gold; purity in carat weight; quality	8	2
岩盐	yán yán	rock salt	8	2
害人	hài rén	to harm sb; to inflict suffering; to victimize	8	2
宝物	bǎo wù	treasure	8	2
喊叫	hǎn jiào	to cry out; to shout	8	2
面皮	miàn pí	cheek; face; leather covering (for handbags etc)	8	2
银针	yín zhēn	silver needle (fine needle used in acupuncture)	8	2
置身	zhì shēn	to place oneself; to be (in a place or situation)	8	2
短线	duǎn xiàn	short term	8	2
短剑	duǎn jiàn	dagger	8	2
满身	mǎn shēn	covered all over	8	2
气囊	qì náng	air sac; aerostat gasbag	8	2
暗算	àn suàn	to plot against	8	2
政绩	zhèng jì	(political) achievements; track record	8	2
实质性	shí zhì xìng	substantive; substantial; material	8	2
国企	guó qǐ	state-owned enterprise	8	2
副官	fù guān	aide-de-camp	8	2
减退	jiǎn tuì	to ebb; to go down; to decline	8	2
停步	tíng bù	to come to a stand; to stop	8	2
闯进	chuǎng jìn	to burst in	8	2
涉足	shè zú	to set foot in; to step into; to become involved for the first time	8	2
效用	xiào yòng	usefulness; effectiveness; (economics) utility	8	2
应声	yìng shēng	an answering voice; to answer a voice; to respond	8	2
大件	dà jiàn	large; bulky; big-ticket item	8	2
唯心主义	wéi xīn zhǔ yì	philosophy of idealism, the doctrine that external reality is a product of consciousness	8	2
九十	jiǔ shí	ninety	8	2
世代相传	shì dài xiāng chuán	passed on from generation to generation (idiom); to hand down	8	2
雨季	yǔ jì	rainy season	8	2
辩证	biàn zhèng	to investigate; dialectical	8	2
赔款	péi kuǎn	reparations; to pay reparations	8	2
诸般	zhū bān	various; many different kinds of	8	2
补血	bǔ xuè	to enrich the blood	8	2
考官	kǎo guān	an examiner (for tests, interviews etc)	8	2
编导	biān dǎo	to write and direct (a play, film etc); playwright-director	8	2
粗壮	cū zhuàng	thick and solid	8	2
留有	liú yǒu	to remain in existence; to retain	8	2
水性	shuǐ xìng	swimming ability	8	2
旗杆	qí gān	flagpole	8	2
战船	zhàn chuán	warship	8	2
布袋	bù dài	pouch; sack; bag	8	2
宪兵	xiàn bīng	military police	8	2
大麦	dà mài	barley	8	2
可行性	kě xíng xìng	feasibility	8	2
占优势	zhàn yōu shì	to predominate; to occupy a dominant position	8	2
卖出	mài chū	to sell; to reach (a price in an auction)	8	2
刻本	kè běn	block printed edition	8	2
主将	zhǔ jiàng	commander-in-chief (military); star player (sports)	8	2
严刑	yán xíng	strict law; cruel punishment; to carry out cruel law rigorously	8	2
不朽	bù xiǔ	to last forever; eternal; enduring	8	2
茶庄	chá zhuāng	tea shop	8	2
罪过	zuì guo	sin; offense	8	2
私有制	sī yǒu zhì	private ownership of property	8	2
电能	diàn néng	electrical energy	8	2
物事	wù shì	(literary) affair; matter; business; (dialect) item; thing; stuff	8	2
炼油	liàn yóu	to refine crude oil; to render animal fat	8	2
气压	qì yā	atmospheric pressure; barometric pressure	8	2
捉住	zhuō zhù	to catch; to grapple with; to hold onto	8	2
存亡	cún wáng	to live or die; to exist or perish	8	2
好办	hǎo bàn	easy to do; easy to manage	8	2
听觉	tīng jué	sense of hearing; auditory	8	2
关押	guān yā	to imprison; to lock up (in jail)	8	2
倾心	qīng xīn	to admire wholeheartedly; to fall in love with	8	2
义勇军	yì yǒng jūn	volunteer army	8	2
甲状腺	jiǎ zhuàng xiàn	(anatomy) thyroid gland	8	2
染发	rǎn fà	to get one's hair dyed	8	2
替补	tì bǔ	to replace (a damaged component with a new one, an injured player with a substitute player, full-time workers with casual workers etc)	8	2
文学史	wén xué shǐ	history of literature	8	2
扫雷	sǎo léi	to clear mines	8	2
太阳系	tài yáng xì	solar system	8	2
大帅	dà shuài	commander-in-chief	8	2
周日	zhōu rì	(dialect) weekday	8	2
君权	jūn quán	monarchical power	8	2
古时	gǔ shí	antiquity	8	2
临终	lín zhōng	approaching death; on one's deathbed	8	2
连日	lián rì	day after day; for several days running	8	2
近代史	jìn dài shǐ	modern history (in Chinese historiography, from the Opium Wars to the fall of the Qing dynasty)	8	2
过量	guò liàng	excessive	8	2
负荷	fù hè	load; burden; charge	8	2
讲习	jiǎng xí	to lecture; to instruct	8	2
英寸	yīng cùn	inch (unit of length equal to 2.54 cm.)	8	2
焚毁	fén huǐ	to burn down; to destroy with fire	8	2
枢密院	shū mì yuàn	privy council	8	2
无赖	wú lài	hoodlum; rascal; rogue	8	2
后门	hòu mén	back door; back gate	8	2
受损	shòu sǔn	to suffer damage	8	2
取材	qǔ cái	to collect material	8	2
劳力	láo lì	labor; able-bodied worker; laborer	8	2
副将	fù jiàng	deputy general	8	2
凝结	níng jié	to condense; to solidify; to coagulate	8	2
其内	qí nèi	included; within that	8	2
仿照	fǎng zhào	to imitate	8	2
不愧	bù kuì	to be worthy of; to deserve to be called; to prove oneself to be	8	2
一如	yī rú	to be just like	8	2
险要	xiǎn yào	strategically situated and easy to defend; strategic location	8	2
走入	zǒu rù	to walk into	8	2
贡品	gòng pǐn	tribute	8	2
热带雨林	rè dài yǔ lín	tropical rain forest	8	2
枪弹	qiāng dàn	bullet	8	2
政工	zhèng gōng	political work; ideological work	8	2
换句话说	huàn jù huà shuō	in other words	8	2
总动员	zǒng dòng yuán	general mobilization (for war etc)	8	2
多种多样	duō zhǒng duō yàng	manifold; all sorts; many and varied	8	2
击溃	jī kuì	to defeat; to smash; to rout	8	2
假若	jiǎ ruò	if; supposing; in case	8	2
联结	lián jié	to combine; to join; to link	8	2
突起	tū qǐ	to appear suddenly; projection; bit sticking out	8	2
炉火	lú huǒ	the fire of a stove	8	2
流速	liú sù	flow speed; rate of flow	8	2
水军	shuǐ jūn	(archaic) navy	8	2
每每	měi měi	often	8	2
放宽	fàng kuān	to relax (a rule); to ease (restrictions); to extend (a time limit)	8	2
抗病	kàng bìng	disease resistant	8	2
成名	chéng míng	to make one's name; to become famous	8	2
悄然	qiǎo rán	quietly; sorrowfully	8	2
悄声	qiǎo shēng	quietly; in a low voice	8	2
威名	wēi míng	fame for fighting prowess; military glory	8	2
奸贼	jiān zéi	a traitor; a treacherous bandit	8	2
去路	qù lù	the way one is following; outlet	8	2
升任	shēng rèn	to be promoted to	8	2
前哨	qián shào	outpost; (fig.) front line	8	2
传教士	chuán jiào shì	missionary	8	2
隐秘	yǐn mì	secret; hidden	8	2
降雨量	jiàng yǔ liàng	precipitation; quantity of rainfall	8	2
自由主义	zì yóu zhǔ yì	liberalism	8	2
潜心	qián xīn	to concentrate fully on sth; single-minded	8	2
术后	shù hòu	postoperative; after surgery	8	2
曲子	qǔ zi	poem for singing; tune; music	8	2
方解石	fāng jiě shí	calcite (CaCO3 as rock-forming mineral)	8	2
挺身而出	tǐng shēn ér chū	to step forward bravely	8	2
去取	qù qǔ	to accept or reject	8	2
冲锋	chōng fēng	to charge (at the enemy); to storm (an enemy position)	8	2
上风	shàng fēng	on the up; currently winning; rising (in popularity etc)	8	2
聚焦	jù jiāo	to focus (light, electron beam etc); to focus attention	8	2
笑意	xiào yì	smiling expression	8	2
接壤	jiē rǎng	to border on	8	2
幽灵	yōu líng	specter; apparition; ghost	8	2
唾沫	tuò mo	spittle; saliva	8	2
丫环	yā huan	servant girl; maid	8	2
且慢	qiě màn	to wait a moment; do not go too soon	8	2
驱赶	qū gǎn	to drive (vehicle); to drive out; to chase away	8	2
首发	shǒu fā	first issue; first public showing	8	2
疾驰	jí chí	to speed along	8	2
灾民	zāi mín	victim (of a disaster)	8	2
注明	zhù míng	to clearly indicate	8	2
期刊	qī kān	periodical	8	2
引信	yǐn xìn	fuze; detonator	8	2
床边	chuáng biān	bedside	8	2
并称	bìng chēng	joint name; combined name	8	2
呼吸道	hū xī dào	respiratory tract	8	2
原文	yuán wén	original text	8	2
午后	wǔ hòu	afternoon	8	2
代为	dài wéi	to do sth on behalf of sb else	8	2
计划经济	jì huà jīng jì	planned economy	8	2
经济基础	jīng jì jī chǔ	socio-economic base; economic foundation	8	2
眼睁睁	yǎn zhēng zhēng	to stare blankly; to look on helplessly; to look on unfeelingly	8	2
炮台	pào tái	fort; battery	8	2
核算	hé suàn	to calculate; accounting	8	2
待定	dài dìng	to await a decision; to be pending	8	2
吓坏	xià huài	to be terrified; to terrify sb	8	2
倒地	dǎo dì	to fall to the ground	8	2
体外	tǐ wài	outside the body; in vitro	8	2
风雪	fēng xuě	snowstorm	8	2
自制	zì zhì	to maintain self-control; self-control	8	2
登场	dēng chǎng	to go on stage; fig. to appear on the scene	8	2
打中	dǎ zhòng	to hit (a target)	8	2
扁平	biǎn píng	flat; planar	8	2
头颈	tóu jǐng	(dialect) neck	8	2
出奇	chū qí	extraordinary; exceptional; unusual	8	2
鼓声	gǔ shēng	sound of a drum; drumbeat	8	2
血浆	xuè jiāng	blood plasma	8	2
肃立	sù lì	to stand respectfully; (of trees, mountains) standing tall and majestic	8	2
火腿肠	huǒ tuǐ cháng	ham sausage	8	2
油价	yóu jià	oil (petroleum) price	8	2
河岸	hé àn	riverside; river bank	8	2
汇入	huì rù	to flow into; to converge (of river); (computing) to import (data)	8	2
晚清	wǎn qīng	the late Qing; late 19th and early 20th century China	8	2
岳家	yuè jiā	wife's parents' home	8	2
古人类	gǔ rén lèi	ancient human species such as Homo erectus and Homo neanderthalensis	8	2
上船	shàng chuán	to get on the boat	8	2
资财	zī cái	assets; capital and materials	8	2
编码	biān mǎ	to code; to encode; code	8	2
石雕	shí diāo	stone carving; carved sculpture	8	2
矮子	ǎi zi	short person; dwarf	8	2
炼丹	liàn dān	to concoct pills of immortality	8	2
漫步	màn bù	to wander; to ramble; recreational hiking	8	2
滋生	zī shēng	to breed; to flourish; to cause	8	2
横行	héng xíng	to go on the rampage; to riot; to run amuck	8	2
拱形	gǒng xíng	arch	8	2
截断	jié duàn	to break or cut in two; to sever; to cut off	8	2
录取率	lù qǔ lǜ	acceptance rate; admission rate	8	2
大头	dà tóu	big head; mask in the shape of a big head; the larger end of sth	8	2
发音	fā yīn	to pronounce; pronunciation; to emit sound	8	2
加害	jiā hài	to injure	8	2
军衔	jūn xián	army rank; military rank	8	2
迫于	pò yú	constrained; restricted; forced to	8	2
良药	liáng yào	good medicine; panacea; fig. a good solution	8	2
游子	yóu zǐ	person living or traveling far from home	8	2
混杂	hùn zá	to mix; to mingle	8	2
沉香	chén xiāng	Chinese eaglewood; agarwood tree; lignum aloes (Aquilaria agallocha)	8	2
旧制	jiù zhì	old system; weights and measures of former times	8	2
强弱	qiáng ruò	strong or weak; intensity; amount of force or pressure	8	2
府上	fǔ shàng	(courteous) home; residence (not one's own)	8	2
年幼	nián yòu	young; underage	8	2
平缓	píng huǎn	level; almost flat; not strongly sloping	8	2
大牌	dà pái	strong card; honor card (card games); very popular or successful person	8	2
外力	wài lì	external force; pressure from outside	8	2
口服	kǒu fú	to take medicine orally; oral (contraceptive etc)	8	2
前导	qián dǎo	to precede; to guide	8	2
内侧	nèi cè	inner side	8	2
草木	cǎo mù	vegetation; plants	8	2
编组	biān zǔ	to organize into groups; marshalling	8	2
终极	zhōng jí	ultimate; final	8	2
简明	jiǎn míng	simple and clear; concise	8	2
生死存亡	shēng sǐ cún wáng	matter of life and death	8	2
沉静	chén jìng	peaceful; quiet; calm	8	2
民法	mín fǎ	civil law	8	2
棋手	qí shǒu	chess player	8	2
架桥	jià qiáo	to bridge; to put up a bridge	8	2
未及	wèi jí	to not have had time; to have not yet; not to touch upon	8	2
既定	jì dìng	already fixed; set; established	8	2
效能	xiào néng	efficacy; effectiveness	8	2
执教	zhí jiào	to teach; to be a teacher; to train	8	2
扑灭	pū miè	to eradicate; to extinguish	8	2
成败	chéng bài	success or failure	8	2
山势	shān shì	topography of a mountain; features of a mountain	8	2
复线	fù xiàn	multiple track (e.g. rail); multilane (e.g. highway)	8	2
堵住	dǔ zhù	to block up	8	2
号角	hào jiǎo	bugle horn	8	2
卧薪尝胆	wò xīn cháng dǎn	(lit.) to sleep on brushwood and taste gall (like King Goujian of Yue 勾踐, in order to recall one's humiliations) (idiom)	8	2
出生率	chū shēng lǜ	birth rate	8	2
作曲	zuò qǔ	to compose (music)	8	2
骚动	sāo dòng	disturbance; uproar; to become restless	8	2
静悄悄	jìng qiāo qiāo	extremely quiet	8	2
运输量	yùn shū liàng	volume of freight	8	2
起降	qǐ jiàng	(of aircraft) to take off and land	8	2
胡须	hú xū	beard	8	2
老伴	lǎo bàn	(of an elderly couple) husband or wife	8	2
拼音	pīn yīn	phonetic writing; pinyin (Chinese romanization)	8	2
打鼓	dǎ gǔ	to beat a drum; to play a drum; (fig.) to feel nervous	8	2
定制	dìng zhì	custom-made; made-to-order; to have sth custom made	8	2
委托人	wěi tuō rén	(law) client; trustor	8	2
外加	wài jiā	in addition; extra	8	2
出乎	chū hū	due to; to stem from	8	2
不在话下	bù zài huà xià	to be nothing difficult; to be a cinch	8	2
颂扬	sòng yáng	to eulogize; to praise	8	2
要塞	yào sài	stronghold; fort; fortification	8	2
衣着	yī zhuó	clothes	8	2
胆固醇	dǎn gù chún	cholesterol	8	2
老龄	lǎo líng	old age; aging; aged	8	2
狭长	xiá cháng	long and narrow	8	2
武装部队	wǔ zhuāng bù duì	armed forces	8	2
核动力	hé dòng lì	nuclear power	8	2
影壁	yǐng bì	(traditional Chinese architecture) spirit wall – a screen wall placed inside or outside a main gate, shielding the courtyard from view	8	2
归侨	guī qiáo	Chinese person who returns to China after living as an expatriate	8	2
好几	hǎo jǐ	several; quite a few	8	2
增量	zēng liàng	increment	8	2
吃掉	chī diào	to eat up; to consume	8	2
受体	shòu tǐ	receptor (biochemistry); acceptor (semiconductors)	8	2
出奇制胜	chū qí zhì shèng	to win by a surprise move	8	2
会审	huì shěn	joint hearing; to review jointly (i.e. with other checkers)	8	2
鼎立	dǐng lì	lit. to stand like the three legs of a tripod	8	2
黄豆	huáng dòu	soybean	8	2
议定	yì dìng	to reach an agreement; to agree upon	8	2
茶几	chá jī	small side table; coffee table	8	2
致癌	zhì ái	to cause cancer; carcinogenic	8	2
肥大	féi dà	(of clothes) baggy; loose; (of a person) fat; stout	8	2
积水	jī shuǐ	to collect water; to be covered with water; to pond	8	2
杠杆	gàng gǎn	lever; pry bar; crowbar	8	2
新近	xīn jìn	newly	8	2
径自	jìng zì	without leave; without consulting anyone	8	2
平起平坐	píng qǐ píng zuò	to be on an equal footing	8	2
吐露	tǔ lù	to tell; to disclose; to reveal	8	2
凉拌	liáng bàn	to dress cold food with sauce	8	2
信托	xìn tuō	to entrust; trust bond (finance)	8	2
迷宫	mí gōng	maze; labyrinth	8	2
脸面	liǎn miàn	face	8	2
繁盛	fán shèng	prosperous; thriving; (of vegetation) luxuriant	8	2
票据	piào jù	negotiable instrument (draft, note etc); voucher; receipt	8	2
祈求	qí qiú	to pray for; to appeal	8	2
皮肉	pí ròu	skin and flesh; the physical body	8	2
爹娘	diē niáng	(dialect) parents	8	2
渔网	yú wǎng	fishing net	8	2
搀扶	chān fú	to lend an arm to support sb	8	2
打法	dǎ fǎ	to play (a card); to make a move in a game	8	2
征战	zhēng zhàn	campaign; expedition	8	2
幕府	mù fǔ	(orig.) tents forming the offices of a commanding officer	8	2
实习生	shí xí shēng	intern (esp. a student in practical training)	8	2
奴仆	nú pú	servant	8	2
叫喊	jiào hǎn	exclamation; outcry; shout	8	2
停当	tíng dang	settled; accomplished; ready	8	2
争辩	zhēng biàn	a dispute; to wrangle	8	2
一清二楚	yī qīng èr chǔ	to be very clear about sth (idiom)	8	2
预案	yù àn	contingency plan	8	2
铜器	tóng qì	copper ware; bronze ware	8	2
蒸汽机	zhēng qì jī	steam engine	8	2
积聚	jī jù	to coalesce; to gather together; to amass	8	2
猛攻	měng gōng	to attack violently; to storm	8	2
混合物	hùn hé wù	mixture; composite	8	2
情欲	qíng yù	lust; desire; sensual	8	2
失声	shī shēng	to lose one's voice; (to cry out) involuntarily	8	2
叔父	shū fù	father's younger brother; uncle	8	2
十几	shí jǐ	more than ten; a dozen or more	8	2
分管	fēn guǎn	to be put in charge of; to be responsible for; branched passage	8	2
出版物	chū bǎn wù	publications	8	2
出没	chū mò	to come and go; to roam about (mostly unseen)	8	2
全集	quán jí	omnibus; complete works (of a writer or artist)	8	2
依稀	yī xī	vaguely; dimly; probably	8	2
风景线	fēng jǐng xiàn	a strip of scenic beauty (coast, river, road etc)	8	2
青衣	qīng yī	black clothes; servant (old)	8	2
遗存	yí cún	historical remains; things that have survived since ancient times	8	2
警报	jǐng bào	(fire) alarm; alert signal; alarm	8	2
缓步	huǎn bù	to walk slowly; to amble along; gradually	8	2
经文	jīng wén	scripture; scriptures	8	2
纸条	zhǐ tiáo	slip of paper	8	2
正气	zhèng qì	healthy atmosphere; moral spirit; unyielding integrity; probity	8	2
打探	dǎ tàn	to make discreet inquiries; to scout out	8	2
家产	jiā chǎn	family property	8	2
大院	dà yuàn	courtyard; compound	8	2
发射器	fā shè qì	radio transmitter	8	2
侵袭	qīn xí	to invade; to assail; onslaught	8	2
下沉	xià chén	to sink down	8	2
装束	zhuāng shù	attire; clothing	8	2
血清	xuè qīng	serum; blood serum	8	2
流放	liú fàng	to exile; to banish; to deport	8	2
水解	shuǐ jiě	hydrolysis (chemical reaction with water)	8	2
所到之处	suǒ dào zhī chù	wherever one goes	8	2
师大	shī dà	teacher training college	8	2
外祖母	wài zǔ mǔ	mother's mother; maternal grandmother	8	2
两用	liǎng yòng	dual-use	8	2
飞快	fēi kuài	very fast; at lightning speed; (coll.) razor-sharp	8	2
重担	zhòng dàn	heavy burden; difficult task; great responsibility	8	2
翻滚	fān gǔn	to roll; to boil	8	2
石灰石	shí huī shí	limestone	8	2
皮毛	pí máo	fur; fur clothing; skin and hair	8	2
核查	hé chá	to examine; to inspect	8	2
执政党	zhí zhèng dǎng	ruling party; the party in power	8	2
国事	guó shì	affairs of the nation; politics	8	2
吃喝	chī hē	to eat and drink; food and drink	8	2
劳工	láo gōng	labor; laborer	8	2
侵华	qīn huá	to invade China (referring to 19th century imperialist powers and Japan)	8	2
体形	tǐ xíng	figure; bodily form	8	2
仿效	fǎng xiào	to copy; to imitate	8	2
从属	cóng shǔ	subordinate	8	2
从严	cóng yán	strict; rigorous; severely	8	2
乌鸦	wū yā	crow; raven	8	2
骇然	hài rán	overwhelmed with shock, horror or amazement; dumbstruck; aghast	8	2
陌生人	mò shēng rén	stranger	8	2
重演	chóng yǎn	to recur (of events, esp. adverse ones); to repeat (a performance)	8	2
走兽	zǒu shòu	(four-footed) animal; beast	8	2
策动	cè dòng	to conspire; to plot (a rebellion, crime etc); to machinate	8	2
点点	diǎn diǎn	point; speck	8	2
潜入	qián rù	to submerge; to infiltrate; to steal into	8	2
漆树	qī shù	lac tree (Rhus vernicifera)	8	2
沐浴	mù yù	to bathe; to take a bath; (fig.) to be bathed in; to be immersed in	8	2
求见	qiú jiàn	to ask to see (sb); to request a meeting (with sb)	8	2
棍棒	gùn bàng	club; staff; stick	8	2
日光	rì guāng	sunlight	8	2
教练机	jiào liàn jī	trainer (aircraft)	8	2
批示	pī shì	to write comments on a report submitted by a subordinate	8	2
忠臣	zhōng chén	faithful official	8	2
射手	shè shǒu	archer; shooter; marksman	8	2
失守	shī shǒu	(military) (of a city etc) to fall into enemy hands	8	2
只当	zhǐ dàng	(coll.) to take (sth) as …; to treat as …; to assume; to act as if …	8	2
功勋	gōng xūn	meritorious service; distinguished contribution; achievement of great merit	8	2
划归	huà guī	to incorporate; to put under (external administration)	8	2
出其不意	chū qí bù yì	to do sth when least expected (idiom); to catch sb off guard	8	2
估价	gū jià	to value; to appraise; to be valued at	8	2
专场	zhuān chǎng	special performance	8	2
飞身	fēi shēn	to move quickly; to vault; flying tackle	8	2
血流	xuè liú	blood flow	8	2
牧区	mù qū	grazing land; pasture	8	2
架构	jià gòu	to construct; to build; structure; framework; architecture	8	2
成像	chéng xiàng	to form an image; imaging	8	2
惨败	cǎn bài	to suffer a crushing defeat	8	2
岗哨	gǎng shào	lookout post; sentry post; sentry	8	2
好喝	hǎo hē	tasty (drinks)	8	2
吞并	tūn bìng	to annex	8	2
卷烟	juǎn yān	cigarette; cigar	8	2
体弱	tǐ ruò	debility	8	2
采花	cǎi huā	to pick flowers; to enter houses at night in order to rape women	8	2
配有	pèi yǒu	to be equipped with; to come with (sth)	8	2
近处	jìn chù	nearby	8	2
衣物	yī wù	clothing; clothing and other personal items	8	2
烘烤	hōng kǎo	to roast; to bake	8	2
水雷	shuǐ léi	naval mine	8	2
情操	qíng cāo	sentiments; feelings; disposition of mind	8	2
恋人	liàn rén	lover; sweetheart	8	2
头骨	tóu gǔ	skull	8	2
内务	nèi wù	internal affairs; domestic affairs; family affairs	8	2
典籍	diǎn jí	ancient books or records	8	2
东道	dōng dào	host	8	2
马到成功	mǎ dào chéng gōng	to win instant success (idiom)	8	2
阴沉	yīn chén	gloomy	8	2
渗出	shèn chū	to seep out; to exude	8	2
木棍	mù gùn	wooden stick	8	2
无机	wú jī	inorganic (chemistry)	8	2
数组	shù zǔ	(computing) array	8	2
探究	tàn jiū	to investigate; to delve; to probe	8	2
弹道	dàn dào	trajectory (of a projectile); ballistic curve	8	2
店小二	diàn xiǎo èr	attendant	8	2
塑性	sù xìng	plasticity	8	2
喘气	chuǎn qì	to breathe deeply; to pant; to gasp	8	2
加倍	jiā bèi	to double; to redouble	8	2
农夫	nóng fū	peasant; farmer	8	2
鱼翅	yú chì	shark fin	8	2
逗留	dòu liú	to stay for a while; to sojourn	8	2
水体	shuǐ tǐ	body of water	8	2
杆子	gān zi	pole	8	2
暗道	àn dào	secret passage; secret tunnel	8	2
晶体管	jīng tǐ guǎn	transistor	8	2
放慢	fàng màn	to reduce the pace (of movements, steps etc)	8	2
指控	zhǐ kòng	accusation; a (criminal) charge; to accuse	8	2
打井	dǎ jǐng	to dig a well	8	2
实例	shí lì	actual example; living example; illustration	8	2
委托书	wěi tuō shū	commission; proxy; power of attorney	8	2
前端	qián duān	front; front end; forward part of sth	8	2
册封	cè fēng	to confer a title upon sb; to dub; to crown	8	2
侍女	shì nǚ	maid	8	2
上天	shàng tiān	Heaven; Providence; God; the sky above; to fly skywards	8	2
门将	mén jiàng	official gatekeeper; goalkeeper (soccer, hockey etc)	8	2
铜矿	tóng kuàng	copper mine; copper ore	8	2
行政部门	xíng zhèng bù mén	administrative department; administration; executive (government branch)	8	2
肉丝	ròu sī	shredded meat; shredded pork	8	2
编印	biān yìn	to compile and print; to publish	8	2
牢房	láo fáng	jail cell; prison cell	8	2
渡口	dù kǒu	ferry crossing	8	2
歇息	xiē xi	to have a rest; to stay for the night; to go to bed	8	2
暖流	nuǎn liú	warm current; (fig.) warm feeling	8	2
时人	shí rén	(literary) people of that time; contemporaries	8	2
断言	duàn yán	to assert; assertion	8	2
当头	dāng tóu	coming right into one's face; imminent; to put first	8	2
异样	yì yàng	difference; peculiar	8	2
商定	shāng dìng	to agree; to decide after consultation; to come to a compromise	8	2
军训	jūn xùn	to do military training	8	2
交互	jiāo hù	mutual; interactive; each other	8	2
鱼头	yú tóu	fish head; fig. upright and unwilling to compromise	8	2
迷迷糊糊	mí mí hū hū	in a daze; bewildered	8	2
群山	qún shān	mountains; a range of hills	8	2
篮子	lán zi	basket	8	2
空降兵	kōng jiàng bīng	paratrooper; airborne troops	8	2
爽口	shuǎng kǒu	fresh and tasty	8	2
字型	zì xíng	font; typeface	8	2
后背	hòu bèi	the back (human anatomy); the back part of sth	8	2
光照	guāng zhào	illumination	8	2
交响乐团	jiāo xiǎng yuè tuán	symphony orchestra	8	2
不知所措	bù zhī suǒ cuò	not knowing what to do (idiom); at one's wits' end	8	2
选派	xuǎn pài	to select; to detail; to set apart	8	2
血迹	xuè jì	bloodstain	8	2
色情	sè qíng	pornography; sex	8	2
肚皮	dù pí	belly	8	2
现代人	xiàn dài rén	modern man; Homo sapiens	8	2
标识	biāo shí	identifying mark, sign, label etc; to mark or label for identification	8	2
有别	yǒu bié	different; distinct; unequal	8	2
心血管	xīn xuè guǎn	(anatomy) heart and blood vessels; cardiovascular	8	2
尾部	wěi bù	back part; rear section; tail section	8	2
小摊	xiǎo tān	vendor's stall	8	2
定性	dìng xìng	to determine the nature (of sth)	8	2
固守	gù shǒu	to strongly defend one's position; to be entrenched; to cling to	8	2
含意	hán yì	meaning	8	2
原址	yuán zhǐ	original location	8	2
历法	lì fǎ	calendar science; calendar system	8	2
厂房	chǎng fáng	a building used as a factory; factory (building)	8	2
制取	zhì qǔ	(chemistry) to produce	8	2
人工湖	rén gōng hú	artificial lake	8	2
不畏	bù wèi	unafraid; to defy	8	2
面团	miàn tuán	dough	8	2
钢板	gāng bǎn	steel plate	8	2
裂纹	liè wén	crack; flaw	8	2
肝炎	gān yán	hepatitis	8	2
死囚	sǐ qiú	prisoner that awaits execution; convict sentenced to death	8	2
文坛	wén tán	literary circles	8	2
拉扯	lā che	to drag; to pull; to raise a child (through difficulties)	8	2
射电	shè diàn	radio wave (astronomy)	8	2
个性化	gè xìng huà	to personalize; to customize; customization	8	2
上床	shàng chuáng	to go to bed; (coll.) to have sex	8	2
造反派	zào fǎn pài	rebel faction	8	2
漂浮	piāo fú	to float; to hover; to drift (also fig., to lead a wandering life)	8	2
满面	mǎn miàn	across one's whole face; (smiling) from ear to ear	8	2
活佛	huó fó	Living Buddha; title of Mongolian Lamas from 17th century	8	2
殖民主义	zhí mín zhǔ yì	colonialism	8	2
暂行	zàn xíng	provisional	8	2
披甲	pī jiǎ	to don armor	8	2
微米	wēi mǐ	micron (one thousandth of a millimeter or 10^-6 meter)	8	2
微分	wēi fēn	(math.) differential (of a function); differential (equation etc)	8	2
女神	nǚ shén	goddess; nymph	8	2
奇珍	qí zhēn	a rare treasure; sth priceless and unique	8	2
复杂性	fù zá xìng	complexity	8	2
喉头	hóu tóu	throat; larynx	8	2
初等教育	chū děng jiào yù	primary education; junior school education	8	2
凡事	fán shì	everything	8	2
决议案	jué yì àn	resolution (of a meeting)	8	2
做官	zuò guān	to take an official post; to become a government employee	8	2
传教	chuán jiào	to proselytize; to do missionary work	8	2
严酷	yán kù	bitter; harsh; grim	8	2
陆路	lù lù	land route; overland route	8	2
起先	qǐ xiān	at first; in the beginning	8	2
蒸笼	zhēng lóng	steamer basket (e.g. for dim sum)	8	2
航天器	háng tiān qì	spacecraft	8	2
自然灾害	zì rán zāi hài	natural disaster	8	2
翻开	fān kāi	to open up	8	2
爱国者	ài guó zhě	patriot	8	2
放疗	fàng liáo	radiotherapy (abbr. for 放射療法); to treat by radiotherapy	8	2
放在眼里	fàng zài yǎn lǐ	to pay attention to; to care about; to attach importance to	8	2
开明	kāi míng	enlightened; open-minded; enlightenment	8	2
全球性	quán qiú xìng	global; worldwide	8	2
僵硬	jiāng yìng	stiff; rigid	8	2
跌落	diē luò	to fall; to drop	8	2
贫道	pín dào	(humble) I (used by Taoists)	8	2
计议	jì yì	to deliberate; to talk over; to plan	8	2
碑亭	bēi tíng	pavilion housing a stele	8	2
炮轰	pào hōng	to bombard; to bomb; (fig.) to criticize	8	2
灵活性	líng huó xìng	flexibility	8	2
极小	jí xiǎo	minimal; extremely small	8	2
宪章	xiàn zhāng	charter	8	2
四角	sì jiǎo	the four corners (of a rectangle)	8	2
半边	bàn biān	half of sth; one side of sth	8	2
限期	xiàn qī	to set a time limit; time limit; deadline	8	2
银奖	yín jiǎng	silver medal	8	2
迁居	qiān jū	to move (from one residence to another)	8	2
胜仗	shèng zhàng	victory; victorious battle	8	2
等价	děng jià	equal; equal in value; equivalent	8	2
爬行	pá xíng	to crawl; to creep	8	2
满心	mǎn xīn	one's whole heart; from the bottom of one's heart	8	2
沉积物	chén jī wù	sediment	8	2
更深	gēng shēn	deep at night	8	2
底面	dǐ miàn	bottom; bottom side; bottom surface	8	2
属实	shǔ shí	to turn out to be true; verified; true	8	2
女童	nǚ tóng	little girl	8	2
器具	qì jù	implement; utensil; equipment	8	2
叙事	xù shì	to narrate; to recount; narrative	8	2
分泌物	fēn mì wù	secretion	8	2
依山傍水	yī shān bàng shuǐ	mountains on one side and water on the other	8	2
事前	shì qián	in advance; before the event	8	2
临界	lín jiè	critical; boundary	8	2
诱导	yòu dǎo	to induce; to encourage; to provide guidance	8	2
编程	biān chéng	(computing) to program; programming	8	2
纵向	zòng xiàng	longitudinal; vertical	8	2
电阻	diàn zǔ	electrical resistance; resistor	8	2
渗入	shèn rù	to permeate	8	2
松开	sōng kāi	to release; to let go; to loosen	8	2
早些	zǎo xiē	a bit earlier	8	2
无言	wú yán	to remain silent; to have nothing to say	8	2
摊子	tān zi	booth; vendor's stall	8	2
思虑	sī lǜ	to think sth through; to consider carefully	8	2
对岸	duì àn	opposite bank (of a body of water)	8	2
字头	zì tóu	single-character headword (in a dictionary)	8	2
复明	fù míng	to restore the Ming dynasty	8	2
原子能	yuán zǐ néng	atomic energy	8	2
出海	chū hǎi	to go out to sea; (neologism) to expand into overseas markets	8	2
万事	wàn shì	all things	8	2
科教	kē jiào	science and education; science education	8	2
特殊教育	tè shū jiào yù	special education; special-needs education	8	2
沙包	shā bāo	sandbag; punching bag (trad. filled with sand); sand dune	8	2
气力	qì lì	strength; energy; vigor	8	2
景物	jǐng wù	scenery	8	2
战法	zhàn fǎ	military strategy	8	2
垂帘听政	chuí lián tīng zhèng	lit. to govern from behind the curtain	8	2
台前	tái qián	front of the stage	8	2
分期	fēn qī	by stages; staggered; step by step	8	2
出家	chū jiā	to enter monastic life; to become a monk or nun	8	2
冲杀	chōng shā	to charge	8	2
边际	biān jì	limit; bound; boundary	8	2
警觉	jǐng jué	to be on guard; alert; vigilance; alertness	8	2
纺纱	fǎng shā	to spin (cotton, wool etc); spinning	8	2
神灵	shén líng	god; spirit; demon	8	2
真经	zhēn jīng	sutra; Taoist treatise	8	2
电动机	diàn dòng jī	electric motor	8	2
油气	yóu qì	oil and gas	8	2
机车	jī chē	locomotive; train engine car; (coll.) motorcycle	8	2
有钱有势	yǒu qián yǒu shì	rich and powerful (idiom)	8	2
无常	wú cháng	variable; changeable; fickle	8	2
招致	zhāo zhì	to recruit (followers); to scout for (talent etc); to incur	8	2
拔牙	bá yá	to extract a tooth	8	2
引得	yǐn dé	index (loanword)	8	2
开胃	kāi wèi	to whet the appetite; appetizing; to amuse oneself at sb's expense	8	2
对阵	duì zhèn	(of armies) to face each other, ready for battle	8	2
太保	tài bǎo	a very high official in ancient China; juvenile delinquents	8	2
大娘	dà niáng	(coll.) father's older brother's wife; aunt (polite address)	8	2
可言	kě yán	it may be said	8	2
出栏	chū lán	(of livestock) to be sent to slaughter	8	2
入主	rù zhǔ	to invade and take control of (a territory); to take the helm at (an organization); (of a company) to take control of (another company)	8	2
修习	xiū xí	to study; to practice	8	2
主队	zhǔ duì	host team (at sports event); host side	8	2
中枢神经	zhōng shū shén jīng	(anatomy) central nervous system	8	2
钢厂	gāng chǎng	a steelworks	8	2
调遣	diào qiǎn	to dispatch; to assign; a dispatch	8	2
裂变	liè biàn	(physics) to undergo nuclear fission	8	2
衰变	shuāi biàn	radioactive decay	8	2
表妹	biǎo mèi	younger female cousin through a female relative	8	2
维新	wéi xīn	(political) reform; revitalization; modernization	8	2
红糖	hóng táng	brown sugar	8	2
知情	zhī qíng	to know the facts; to understand; to be familiar with the situation	8	2
狂奔	kuáng bēn	to run like crazy; to rush	8	2
炒面	chǎo miàn	stir-fried noodles; "chow mein"	8	2
激荡	jī dàng	to rage; to dash; to surge	8	2
杰作	jié zuò	masterpiece	8	2
无益	wú yì	no good; not good for; not beneficial	8	2
投靠	tóu kào	to rely on help from sb	8	2
承袭	chéng xí	to inherit; to follow; to adopt	8	2
所为	suǒ wéi	what one does; doings	8	2
庙宇	miào yǔ	temple	8	2
山墙	shān qiáng	gable	8	2
完婚	wán hūn	(formal) to get married; to hold a wedding	8	2
奢侈品	shē chǐ pǐn	luxury item	8	2
合十	hé shí	to put one's palms together (in prayer or greeting)	8	2
不问	bù wèn	to pay no attention to; to disregard; to ignore	8	2
不计其数	bù jì qí shù	lit. their number cannot be counted (idiom); fig. countless; innumerable	8	2
随同	suí tóng	accompanying	8	2
装卸	zhuāng xiè	to load or unload; to transfer; to assemble and disassemble	8	2
臭豆腐	chòu dòu fu	stinky tofu; strong-smelling preserved beancurd	8	2
穿透	chuān tòu	to penetrate	8	2
破烂	pò làn	worn-out; dilapidated; tattered; ragged; (coll.) rubbish; junk	8	2
盛名	shèng míng	famous reputation	8	2
白果	bái guǒ	ginkgo	8	2
潜伏	qián fú	to hide; to cover up; to conceal	8	2
游荡	yóu dàng	to wander; to roam about; to loaf about	8	2
款待	kuǎn dài	to entertain; to be hospitable to	8	2
景致	jǐng zhì	view; scenery; scene	8	2
打成	dǎ chéng	to beat (sb or sth) into (a certain condition)	8	2
应选	yìng xuǎn	to run for election; to be selected; to be elected	8	2
并发症	bìng fā zhèng	complications (undesired side-effect of medical procedure)	8	2
平素	píng sù	usually; habitually; ordinarily	8	2
平底	píng dǐ	flat bottomed; low heeled	8	2
区区	qū qū	insignificant; trifling; merely	8	2
出新	chū xīn	to make new advances; to move forwards	8	2
不管怎样	bù guǎn zěn yàng	in any case; no matter what	8	2
闪身	shǎn shēn	to dodge	8	2
老娘	lǎo niáng	my old mother; I, this old woman; my old lady (colloquial)	8	2
第四纪	dì sì jì	fourth period	8	2
禽流感	qín liú gǎn	bird flu; avian influenza	8	2
死里逃生	sǐ lǐ táo shēng	mortal danger, escape alive (idiom); a narrow escape	8	2
据称	jù chēng	it is said; allegedly; according to reports	8	2
寄养	jì yǎng	to place in the care of sb (a child, pet etc); to foster; to board out	8	2
回转	huí zhuǎn	to revolve; to rotate; to turn around; to turn back	8	2
勤务	qín wù	service; duties; an orderly (military)	8	2
出钱	chū qián	to pay	8	2
佣工	yōng gōng	hired laborer; servant	8	2
传导	chuán dǎo	to conduct (heat, electricity etc)	8	2
伞兵	sǎn bīng	paratrooper	8	2
丧事	sāng shì	funeral arrangements	8	2
隔绝	gé jué	to cut off; to isolate; isolated (from the world)	8	2
陷害	xiàn hài	to entrap; to set up; to frame (up)	8	2
防腐	fáng fǔ	rotproof; antiseptic; anti-corrosion	8	2
蹲下	dūn xià	to squat down; to crouch	8	2
要旨	yào zhǐ	the gist (of a text or argument); the main points	8	2
脊髓	jǐ suǐ	spinal cord; medulla spinalis	8	2
登陆舰	dēng lù jiàn	landing craft	8	2
痛楚	tòng chǔ	pain; anguish; suffering	8	2
浮动	fú dòng	to drift about; to move unsteadily	8	2
次要	cì yào	secondary	8	2
有机物	yǒu jī wù	organic substance; organic matter	8	2
星夜	xīng yè	starlit night; by night; under the night sky; through the night	8	2
教书	jiāo shū	to work as a teacher; to teach (in a school)	8	2
控诉	kòng sù	to accuse; to denounce; to make a complaint against	8	2
实权	shí quán	real power; genuine power	8	2
定下	dìng xià	to set (the tone, a target etc); to lay down (the beat)	8	2
听候	tīng hòu	to wait for (orders, a decision, a judgment)	8	2
县域	xiàn yù	county	8	2
初始	chū shǐ	initial; starting (point)	8	2
付给	fù gěi	to deliver; to pay	8	2
韵律	yùn lǜ	cadence; rhythm; rhyme scheme	8	2
青草	qīng cǎo	grass	8	2
逐出	zhú chū	to expel; to evict; to drive out	8	2
自由化	zì yóu huà	liberalization; freeing (from sth)	8	2
纯白	chún bái	pure white	8	2
纤夫	qiàn fū	burlak (barge hauler)	8	2
简史	jiǎn shǐ	a brief history	8	2
睡梦	shuì mèng	sleep; slumber	8	2
电工	diàn gōng	electrician; electrical engineering; electrical work (in a house)	8	2
灶台	zào tái	stovetop; rangetop	8	2
歼击机	jiān jī jī	fighter plane	8	2
捕获	bǔ huò	to catch; to capture; to seize	8	2
护法	hù fǎ	to keep the law; to protect Buddha's teachings	8	2
年老	nián lǎo	aged	8	2
屡屡	lǚ lǚ	again and again; repeatedly	8	2
墨鱼	mò yú	cuttlefish	8	2
地基	dì jī	foundations (of a building); base	8	2
可望	kě wàng	can be expected (to); to be expected (to); hopefully (happening)	8	2
发自	fā zì	to evolve from	8	2
办公楼	bàn gōng lóu	office building	8	2
倾覆	qīng fù	to capsize; to collapse; to overturn	8	2
银元	yín yuán	flat silver (former coinage); also written 銀圓; silver dollar	8	2
退位	tuì wèi	to abdicate	8	2
真切	zhēn qiè	vivid; distinct; clear	8	2
炸毁	zhà huǐ	to blow up; to destroy with explosives	8	2
极点	jí diǎn	extreme point; pole; the origin (in polar coordinates)	8	2
更替	gēng tì	to take over (from one another); to alternate; to replace	8	2
文史	wén shǐ	literature and history	8	2
放行	fàng xíng	to let pass	8	2
打伤	dǎ shāng	to injure; to wound; to damage	8	2
心地	xīn dì	character	8	2
可取	kě qǔ	desirable; worth having; (of a suggestion etc) commendable; worthy	8	2
前程	qián chéng	future (career etc) prospects	8	2
出缺	chū quē	to fall vacant; a job opening at a high level	8	2
军装	jūn zhuāng	military uniform	8	2
事事	shì shì	everything	8	2
一拥而上	yī yōng ér shàng	to swarm around; flocking (to see)	8	2
鱼尾	yú wěi	fishtail	8	2
铜钱	tóng qián	copper coin (round with a square hole in the middle, used in former times in China)	8	2
违纪	wéi jì	lack of discipline; to break a rule; to violate discipline	8	2
躲开	duǒ kāi	to stay out of (hot water, trouble, awkward situation etc)	8	2
诗句	shī jù	verse	8	2
译本	yì běn	translation (translated version of a text)	8	2
观察员	guān chá yuán	observer	8	2
装载	zhuāng zài	to load; to stow	8	2
补选	bǔ xuǎn	by-election	8	2
自居	zì jū	to consider oneself as; to believe oneself to be	8	2
疏松	shū sōng	to loosen	8	2
献身	xiàn shēn	to commit one's energy to; to devote oneself to	8	2
整风运动	zhěng fēng yùn dòng	Rectification campaign; political purge	8	2
报表	bào biǎo	forms for reporting statistics; report forms	8	2
手忙脚乱	shǒu máng jiǎo luàn	(idiom) to act with confusion or in a disorderly manner; flustered	8	2
性别比	xìng bié bǐ	sex ratio	8	2
子房	zǐ fáng	ovary (botany)	8	2
奋战	fèn zhàn	to fight bravely; (fig.) to struggle; to work hard	8	2
变色	biàn sè	to change color; to discolor; to change countenance	8	2
县令	xiàn lìng	county magistrate (during Tang to Qing times)	8	2
元气	yuán qì	vigor; strength; vitality	8	2
便当	biàn dāng	convenient; handy; easy	8	2
不祥	bù xiáng	ominous; inauspicious	8	2
三部曲	sān bù qǔ	trilogy; (fig.) three-stage process; three-part progression	8	2
远距离	yuǎn jù lí	long-distance	8	2
谋反	móu fǎn	to plot a rebellion; to conspire against the state	8	2
英亩	yīng mǔ	acre	8	2
编入	biān rù	to include (in a list etc); to assign (to a class, a work unit etc)	8	2
祭司	jì sī	priest	8	2
熟知	shú zhī	to be well acquainted with	8	2
深层	shēn céng	deep layer; deep; deep-seated; underlying	8	2
正午	zhèng wǔ	midday; noon; noonday	8	2
宅子	zhái zi	house; residence	8	2
国贼	guó zéi	traitor to the nation	8	2
取向	qǔ xiàng	orientation; direction	8	2
历次	lì cì	each (item in sequence); successive	8	2
兵权	bīng quán	military leadership; military power	8	2
光彩夺目	guāng cǎi duó mù	dazzling; brilliant	8	2
万户	wàn hù	ten thousand houses or households	8	2
高利贷	gāo lì dài	high-interest loan; usury	8	2
陡壁	dǒu bì	steep cliff; precipice; vertical slope	8	2
衰亡	shuāi wáng	to decline; to die out; decline and fall	8	2
行刑	xíng xíng	to carry out a (death) sentence; execution	8	2
蜜枣	mì zǎo	candied jujube	8	2
而今	ér jīn	now; at the present (time)	8	2
矿物质	kuàng wù zhì	mineral, esp. dietary mineral	8	2
求情	qiú qíng	to plea for leniency; to ask for a favor	8	2
核弹头	hé dàn tóu	nuclear reentry vehicle; nuclear warhead	8	2
枪杀	qiāng shā	to shoot dead	8	2
有史以来	yǒu shǐ yǐ lái	since the beginning of history	8	2
教法	jiào fǎ	teaching method; teachings; doctrine	8	2
效忠	xiào zhōng	to vow loyalty and devotion to	8	2
挤出	jǐ chū	to squeeze out; to extrude; to drain	8	2
审计署	shěn jì shǔ	audit office; public accounts committee	8	2
品格	pǐn gé	(of a person) moral character; integrity	8	2
反叛	fǎn pàn	to rebel; to revolt	8	2
两样	liǎng yàng	not the same; different	8	2
附中	fù zhōng	attached (or affiliated) secondary (or middle) school	8	2
行刺	xíng cì	to assassinate	8	2
葡萄糖	pú tao táng	glucose C6H12O6	8	2
船舱	chuán cāng	hold of ship	8	2
肠道	cháng dào	intestines; gut	8	2
耗资	hào zī	to spend; expenditure; to cost	8	2
紫外线	zǐ wài xiàn	ultraviolet ray	8	2
种群	zhǒng qún	population (of a species); community (of animals or plants)	8	2
猎物	liè wù	prey; quarry	8	2
火堆	huǒ duī	bonfire; to open fire	8	2
测绘	cè huì	to survey and draw; to map	8	2
松散	sōng san	to relax; loose; not consolidated	8	2
有色	yǒu sè	colored; non-white; non-ferrous (metals)	8	2
文化层	wén huà céng	cultural layer (in an archaeological dig)	8	2
抱拳	bào quán	to cup one's fist in the other hand (as a sign of respect)	8	2
德行	dé xíng	morality and conduct; Taiwan pr.	8	2
履带	lǚ dài	caterpillar track (propulsion system used on bulldozers etc)	8	2
封建主义	fēng jiàn zhǔ yì	feudalism	8	2
定名	dìng míng	to name (sth)	8	2
婚后	hūn hòu	after getting married	8	2
好端端	hǎo duān duān	perfectly all right; without rhyme or reason	8	2
土地改革	tǔ dì gǎi gé	land reform	8	2
千卡	qiān kǎ	kilocalorie; kcal	8	2
动能	dòng néng	kinetic energy	8	2
加息	jiā xī	(finance) to raise interest rates	8	2
出品	chū pǐn	to produce an item; output; items that are produced	8	2
农民起义	nóng mín qǐ yì	peasant uprising; peasant revolt	8	2
儿媳	ér xí	daughter-in-law	8	2
低廉	dī lián	cheap; inexpensive; low	8	2
血色	xuè sè	color (of one's skin, a sign of good health); red of cheeks	8	2
肉质	ròu zhì	quality of meat; succulent (botany)	8	2
空姐	kōng jiě	stewardess; air hostess; female flight attendant	8	2
方城	fāng chéng	square castle; mahjong layout (with the tiles laid out as a square)	8	2
支行	zhī háng	subbranch of a bank	8	2
指路	zhǐ lù	to give directions	8	2
导体	dǎo tǐ	conductor (of electricity or heat)	8	2
审判权	shěn pàn quán	jurisdiction; judicial authority	8	2
头皮	tóu pí	scalp	8	2
声援	shēng yuán	to support (a cause)	8	2
呼喝	hū hè	to shout	8	2
遥感	yáo gǎn	remote sensing	8	2
逆转	nì zhuǎn	to turn back; to reverse	8	2
自转	zì zhuàn	(of a celestial body) to rotate on its own axis	8	2
盯住	dīng zhù	to watch sb closely; to breathe down sb's neck; to mark (sports)	8	2
教员	jiào yuán	teacher; instructor	8	2
折扇	zhé shàn	folding fan	8	2
惊疑	jīng yí	bewildered	8	2
强敌	qiáng dí	powerful enemy	8	2
岂非	qǐ fēi	wouldn't it be ... ?	8	2
奇才	qí cái	genius	8	2
反倾销	fǎn qīng xiāo	anti-dumping	8	2
全天	quán tiān	whole day	8	2
风向	fēng xiàng	wind direction; the way the wind is blowing	8	2
陷落	xiàn luò	to surrender (of a fortress); to fall (to the enemy)	8	2
陪审员	péi shěn yuán	juror	8	2
花儿	huā ér	style of folk song popular in Gansu, Qinghai and Ningxia	8	2
回味无穷	huí wèi wú qióng	to have a rich aftertaste; (fig.) memorable; to linger in one's memory	8	2
党章	dǎng zhāng	party constitution	8	2
供电	gōng diàn	to supply electricity	8	2
乳腺	rǔ xiàn	mammary gland	8	2
龙船	lóng chuán	dragon boat (used at 端午, the Dragon Boat Festival)	8	2
银票	yín piào	(in former times) banknote with a value in silver	8	2
铁甲	tiě jiǎ	mail plating; armor; armor plating	8	2
转战	zhuǎn zhàn	to fight in one place after another	8	2
访华	fǎng huá	(formal) (international relations) to visit China	8	2
覆灭	fù miè	destruction	8	2
荷枪实弹	hè qiāng shí dàn	(idiom) armed; carrying a loaded firearm	8	2
药物学	yào wù xué	pharmacology	8	2
编修	biān xiū	to compile and edit	8	2
简便	jiǎn biàn	simple and convenient; handy	8	2
活生生	huó shēng shēng	real (people); living (artist); while still alive (e.g. skinned alive)	8	2
气恼	qì nǎo	to be annoyed; to get angry	8	2
极地	jí dì	polar region	8	2
慷慨激昂	kāng kǎi jī áng	impassioned; vehement	8	2
四散	sì sàn	to disperse; to scatter in all directions	8	2
唱名	chàng míng	solfege	8	2
吸入	xī rù	to breathe in; to suck in; to inhale	8	2
全军覆没	quán jūn fù mò	total defeat of an army (idiom); fig. a complete wipeout	8	2
不知去向	bù zhī qù xiàng	whereabouts unknown; gone missing	8	2
飞刀	fēi dāo	a throwing knife; fly cutter (machine tool)	8	2
贪官	tān guān	corrupt official; grasping functionary; greedy mandarin	8	2
私利	sī lì	personal gain; (one's own) selfish interest	8	2
油菜	yóu cài	oilseed rape (Brassica napus)	8	2
汇编	huì biān	to compile; collection; compilation	8	2
欣然	xīn rán	gladly; cheerfully	8	2
查阅	chá yuè	to consult; to refer to; to look sth up in a reference source	8	2
文职	wén zhí	civilian post (as opposed to military); civil service; administration	8	2
整风	zhěng fēng	Rectification or Rectifying incorrect work styles, Maoist slogan	8	2
巡航	xún háng	(military) to patrol (airspace or waters)	8	2
娃娃鱼	wá wa yú	Chinese giant salamander (Andrias davidianus)	8	2
女兵	nǚ bīng	woman in the military; servicewoman	8	2
大喊	dà hǎn	to shout	8	2
复印件	fù yìn jiàn	photocopy; duplicate	8	2
告终	gào zhōng	to end; to come to an end	8	2
后生	hòu shēng	young generation; youth; young man	8	2
单向	dān xiàng	unidirectional	8	2
公交	gōng jiāo	public transportation; mass transit	8	2
倒转	dào zhuǎn	to make an about-turn; to reverse one's direction, policy, sequence etc; to turn things on their head	8	2
任意球	rèn yì qiú	free kick (football); free throw (handball); free hit (field hockey)	8	2
不详	bù xiáng	not in detail; not quite clear	8	2
送走	sòng zǒu	to see off; to send off	8	2
议政	yì zhèng	to discuss politics	8	2
认输	rèn shū	to concede; to admit defeat	8	2
落得	luò de	ending up as; leading to; resulting in	8	2
相异	xiāng yì	different; dissimilar	8	2
生来	shēng lái	from birth; by one's nature	8	2
涉外	shè wài	concerning foreigners or foreign affairs	8	2
沉寂	chén jì	silence; stillness	8	2
毙命	bì mìng	to meet violent death; to get killed	8	2
方圆	fāng yuán	perimeter; range; (within) a radius of ...	8	2
新兵	xīn bīng	(military) raw recruit; rookie; newcomer (to a profession or field)	8	2
斑竹	bān zhú	mottled bamboo	8	2
恶毒	è dú	malicious	8	2
性病	xìng bìng	sexually transmitted disease; venereal disease	8	2
奸臣	jiān chén	a treacherous court official; a minister who conspires against the state	8	2
商船	shāng chuán	merchant ship	8	2
反对派	fǎn duì pài	opposition faction	8	2
劳作	láo zuò	work; manual labor	8	2
住所	zhù suǒ	habitation; dwelling place; residence	8	2
下垂	xià chuí	to droop; to sag; to hang down	8	2
青葱	qīng cōng	scallion; green onion; verdant	8	2
霸主	bà zhǔ	a powerful chief of the princes of the Spring and Autumn Period (770-476 BC)	8	2
语言学	yǔ yán xué	linguistics	8	2
继任	jì rèn	to succeed sb in a job; successor	8	2
种植业	zhòng zhí yè	plantation	8	2
特技	tè jì	special effect; stunt	8	2
火箭炮	huǒ jiàn pào	rocket artillery	8	2
水产业	shuǐ chǎn yè	aquaculture	8	2
模特	mó tè	(fashion) model (loanword)	8	2
板凳	bǎn dèng	wooden bench or stool	8	2
感知	gǎn zhī	perception (the process of perceiving sth with the senses)	8	2
哨兵	shào bīng	sentinel	8	2
光源	guāng yuán	light source	8	2
齿轮	chǐ lún	(machine) gear; pinion (gear wheel)	8	2
鄙薄	bǐ bó	to despise; to scorn	8	2
肉鸡	ròu jī	chicken raised for meat; broiler; (computing) zombie	8	2
老兵	lǎo bīng	old soldier; veteran	8	2
石棉	shí mián	asbestos	8	2
测评	cè píng	to test and evaluate	8	2
旧闻	jiù wén	outdated news; old anecdote; stories passed on from former times	8	2
斑斑	bān bān	full of stains or spots	8	2
战略性	zhàn lüè xìng	strategic	8	2
幽幽	yōu yōu	faint; indistinct	8	2
市县	shì xiàn	towns and counties	8	2
失手	shī shǒu	a slip; miscalculation; unwise move	8	2
大叔	dà shū	eldest of father's younger brothers	8	2
各色	gè sè	all kinds; of every description	8	2
古诗	gǔ shī	old verse; Classical Chinese poem	8	2
交响曲	jiāo xiǎng qǔ	symphony	8	2
鸟儿	niǎo r	bird	8	2
退后	tuì hòu	to stand back; to go back (in time); to yield	8	2
载人	zài rén	to carry a passenger; (of spaceships etc) manned; also pr.	8	2
试射	shì shè	to test-fire; to conduct a missile test	8	2
触角	chù jiǎo	antenna; feeler (esp. of arthropods)	8	2
规程	guī chéng	rules; regulations	8	2
血统	xuè tǒng	blood relationship; lineage; parentage	8	2
纪委	jì wěi	discipline inspection commission	8	2
竖立	shù lì	to erect; to set upright; to stand	8	2
相间	xiāng jiàn	to alternate; to follow one another	8	2
电站	diàn zhàn	power station; power plant	8	2
温热	wēn rè	tepid; to warm up (food etc)	8	2
混蛋	hún dàn	scoundrel; bastard; hoodlum	8	2
敷衍	fū yǎn	to elaborate (on a theme); to expound (the classics); perfunctory	8	2
思绪	sī xù	train of thought; emotional state; mood	8	2
封口	fēng kǒu	to keep one's lips sealed; (of a wound) to heal	8	2
寒气	hán qì	cold air; a chill one feels in the body (when exposed to cold air)	8	2
发难	fā nàn	to rise in revolt; to raise difficult questions	8	2
分子式	fēn zǐ shì	molecular formula	8	2
养鸡场	yǎng jī chǎng	chicken farm	8	2
僧侣	sēng lǚ	monk	8	2
价值量	jià zhí liàng	magnitude of value	8	2
人类学	rén lèi xué	anthropology	8	2
不可一世	bù kě yī shì	(idiom) to consider oneself unexcelled in the world; to be insufferably arrogant	8	2
领到	lǐng dào	to receive	8	2
财团	cái tuán	financial group	8	2
规章制度	guī zhāng zhì dù	rules and regulations	8	2
茶树	chá shù	tea tree; Camellia sinensis	8	2
统制	tǒng zhì	to control	8	2
纪年	jì nián	to number the years; calendar era; annals	8	2
破绽	pò zhàn	split seam; (fig.) flaw; weak point	8	2
白带	bái dài	leukorrhea	8	2
王者	wáng zhě	king; emperor; (fig.) the best; champion	8	2
牧师	mù shī	chaplain; churchman; clergyman	8	2
湿热	shī rè	(of weather) hot and humid; muggy; (TCM) damp-heat	8	2
求和	qiú hé	to sue for peace; to look for a draw (chess); summation (math.)	8	2
欺凌	qī líng	to bully and humiliate	8	2
撤回	chè huí	to recall; to revoke; to retract	8	2
接入	jiē rù	to access (a network); to insert (a plug) into (a socket)	8	2
所部	suǒ bù	troops under one's command	8	2
惨遭	cǎn zāo	to suffer (defeat, death etc)	8	2
外电	wài diàn	reports from foreign news agencies	8	2
充军	chōng jūn	to banish (to an army post, as a punishment)	8	2
下巴	xià ba	chin	8	2
隆隆	lóng lóng	rumble	8	2
长满	zhǎng mǎn	to grow all over	8	2
豆类	dòu lèi	bean	8	2
谷底	gǔ dǐ	valley floor; (fig.) lowest ebb; all-time low	8	2
秒钟	miǎo zhōng	(time) second	8	2
漆器	qī qì	lacquerware	8	2
滋补品	zī bǔ pǐn	tonic; invigorant	8	2
毁灭性	huǐ miè xìng	destructive; devastating	8	2
文学家	wén xué jiā	writer; man of letters	8	2
放牧	fàng mù	to graze (livestock); to herd (livestock)	8	2
收录	shōu lù	to include (in a collection); to put together (stories, poems etc)	8	2
幼时	yòu shí	childhood	8	2
局限性	jú xiàn xìng	limitations; (medicine) localized	8	2
导引	dǎo yǐn	same as 引導	8	2
外层	wài céng	outer layer; outer shell	8	2
分区	fēn qū	allocated area (for housing, industry etc); district	8	2
东西方	dōng xī fāng	east and west; east to west	8	2
鼎盛	dǐng shèng	thriving; flourishing	8	2
随行	suí xíng	to accompany	8	2
闯入	chuǎng rù	to intrude; to charge in; to gate-crash	8	2
遵从	zūn cóng	to comply with; to follow (directives); to defer to (the judgment of superiors)	8	2
购置	gòu zhì	to purchase	8	2
豪强	háo qiáng	despot; tyrant; bully	8	2
说不得	shuō bu de	to be unmentionable; be unspeakable; must	8	2
药膳	yào shàn	medicinal cuisine	8	2
致病	zhì bìng	to cause disease; to be pathogenic	8	2
果蔬	guǒ shū	fruit and vegetables	8	2
无影无踪	wú yǐng wú zōng	(idiom) (to disappear) without a trace	8	2
新婚燕尔	xīn hūn yàn ěr	(idiom) to experience the joy of being newly married	8	2
成亲	chéng qīn	to get married	8	2
开战	kāi zhàn	to start a war; to make war; to battle against	8	2
启程	qǐ chéng	to set out on a journey	8	2
分枝	fēn zhī	branch	8	2
军力	jūn lì	military power	8	2
共用	gòng yòng	to share the use of; to have joint use of	8	2
偏要	piān yào	to insist on doing sth; must do it, despite everything	8	2
侍从	shì cóng	to serve (an important personage); attendant; retainer	8	2
魔王	mó wáng	devil king; evil person	8	2
铁证	tiě zhèng	ironclad evidence; conclusive proof	8	2
配色	pèi sè	to coordinate colors	8	2
配制	pèi zhì	to compound (medicines etc); to prepare (by mixing ingredients)	8	2
递减	dì jiǎn	progressively decreasing; gradually falling; in descending order	8	2
肾上腺	shèn shàng xiàn	adrenal glands	8	2
粗细	cū xì	thick and thin; coarse and fine; thickness (caliber)	8	2
童装	tóng zhuāng	children's clothing	8	2
毒气	dú qì	poison gas; toxic gas; manifestation of passion, anger etc (Buddhism)	8	2
橡树	xiàng shù	oak	8	2
棺木	guān mù	coffin	8	2
散开	sàn kāi	to separate; to disperse	8	2
失衡	shī héng	to unbalance; an imbalance	8	2
卖掉	mài diào	to sell off	8	2
凄然	qī rán	distressed	8	2
全盘	quán pán	overall; comprehensive	8	2
光合作用	guāng hé zuò yòng	photosynthesis	8	2
主旋律	zhǔ xuán lǜ	(music) theme; principal melody; (fig.) central theme; main idea	8	2
道姑	dào gū	Daoist nun	8	2
贱人	jiàn rén	slut; cheap person	8	2
语种	yǔ zhǒng	language type (in a classification)	8	2
砂岩	shā yán	sandstone	8	2
特派员	tè pài yuán	special correspondent; sb dispatched on a mission; special commissioner	8	2
残废	cán fèi	deformity; handicapped	8	2
枝叶	zhī yè	branch and leaf	8	2
晨报	chén bào	morning newspaper; (in a newspaper's name) Morning Post	8	2
招式	zhāo shì	(martial arts) formalized move	8	2
抗美援朝	kàng měi yuán cháo	Resist US, help North Korea (1950s slogan)	8	2
扇形	shàn xíng	circular sector	8	2
墓穴	mù xué	tomb; grave	8	2
动词	dòng cí	verb	8	2
加速器	jiā sù qì	accelerator (computing); particle accelerator	8	2
创下	chuàng xià	to establish; to set (a new record)	8	2
不均	bù jūn	uneven; distributed unevenly	8	2
丁卯	dīng mǎo	fourth year D4 of the 60 year cycle, e.g. 1987 or 2047	8	2
鬼神	guǐ shén	supernatural beings	8	2
避寒	bì hán	to escape the cold by going on a winter holiday	8	2
逃离	táo lí	to run out; to escape	8	2
语句	yǔ jù	sentence	8	2
育种	yù zhǒng	to breed; breeding	8	2
盐酸	yán suān	hydrochloric acid	8	2
皇太子	huáng tài zǐ	crown prince	8	2
消亡	xiāo wáng	to die out; to wither away	8	2
次序	cì xù	sequence; order	8	2
梯度	tī dù	gradient	8	2
期满	qī mǎn	to expire; to run out; to come to an end	8	2
星际	xīng jì	interstellar; interplanetary	8	2
无名	wú míng	nameless; obscure	8	2
挂牌	guà pái	lit. to hang up a plate; to open up for business	8	2
恭候	gōng hòu	to look forward to sth; to wait respectfully	8	2
必要条件	bì yào tiáo jiàn	requirement; necessary condition (math)	8	2
大腿	dà tuǐ	thigh	8	2
塑像	sù xiàng	to sculpt or mold a statue (by shaping a pliable material such as clay, plaster or wax, which may later be cast in metal – as distinct from carving in stone or wood)	8	2
地球化学	dì qiú huà xué	geochemistry	8	2
围城	wéi chéng	siege; besieged city	8	2
回廊	huí láng	winding corridor; cloister	8	2
囚禁	qiú jìn	to imprison; captivity	8	2
叛变	pàn biàn	to defect; to betray; to mutiny	8	2
原来如此	yuán lái rú cǐ	(idiom) so that's how it is; I see	8	2
原产	yuán chǎn	original production; native to (of species)	8	2
印记	yìn jì	imprint; trace	8	2
一月份	yī yuè fèn	January	8	2
颜料	yán liào	paint; dye; pigment	8	2
铁器	tiě qì	hardware; ironware	8	2
酒席	jiǔ xí	feast; banquet	8	2
超额	chāo é	above quota	8	2
质点	zhì diǎn	point mass; particle	8	2
生活资料	shēng huó zī liào	consumer goods; means of livelihood; means of subsistence	8	2
照相机	zhào xiàng jī	camera	8	2
温饱	wēn bǎo	to have enough food and warm clothes; adequately provided	8	2
未了	wèi liǎo	unfinished; outstanding (business); unfulfilled	8	2
昏暗	hūn àn	dusky	8	2
教士	jiào shì	churchman; clergy	8	2
情意	qíng yì	friendly regard; affection	8	2
必胜	bì shèng	to be certain of victory; to be bound to prevail	8	2
女友	nǚ yǒu	girlfriend	8	2
天神	tiān shén	god; deity	8	2
多变	duō biàn	fickle; (math.) multivariate	8	2
即令	jí lìng	even if; even though	8	2
上阵	shàng zhèn	to go into battle	8	2
针叶林	zhēn yè lín	needle-leaved forest	8	2
要冲	yào chōng	road hub; major crossroad	8	2
电饭煲	diàn fàn bāo	electric rice cooker	8	2
水草	shuǐ cǎo	aquatic plants	8	2
此行	cǐ xíng	this trip	8	2
放逐	fàng zhú	to banish; to deport; to send into exile	8	2
抽调	chōu diào	to transfer (personnel or material)	8	2
扬起	yáng qǐ	to raise one's head; to perk up	8	2
惩治	chéng zhì	to punish	8	2
怡悦	yí yuè	pleasant; happy	8	2
引着	yǐn zháo	to ignite; to kindle	8	2
式样	shì yàng	style	8	2
对内	duì nèi	internal; national; domestic (policy)	8	2
安葬	ān zàng	to bury (the dead)	8	2
堵截	dǔ jié	to intercept; to block the passage of; to interdict	8	2
冲天	chōng tiān	(lit. and fig.) to soar; to shoot upwards	8	2
停产	tíng chǎn	to stop production	8	2
严加	yán jiā	sternly; strictly; harshly	8	2
颁行	bān xíng	issue for enforcement	8	2
防火	fáng huǒ	to protect against fire	8	2
评级	píng jí	rating	8	2
艺术节	yì shù jié	arts festival	8	2
甜菜	tián cài	(sugar) beet; (US) beet; (UK) beetroot	8	2
牙口	yá kou	condition of one's teeth; ability to chew	8	2
水肿	shuǐ zhǒng	(medicine) to suffer from edema (dropsy)	8	2
母体	mǔ tǐ	(zoology, medicine) mother's body; (chemistry etc) parent; matrix	8	2
楼阁	lóu gé	building; pavilion	8	2
有所作为	yǒu suǒ zuò wéi	(idiom) to achieve sth worthwhile; to make a positive contribution	8	2
救护	jiù hù	to rescue; to administer first aid	8	2
接上	jiē shàng	to connect (a cable etc); to hook up (a device)	8	2
引出	yǐn chū	to extract; to draw out	8	2
奇观	qí guān	spectacle; impressive sight	8	2
国宾	guó bīn	state visitor; visiting head of state	8	2
医保	yī bǎo	medical insurance	8	2
包金	bāo jīn	to gild	8	2
分属	fēn shǔ	classification	8	2
何方	hé fāng	where?	8	2
企盼	qǐ pàn	to hope for; to look forward to	8	2
不无	bù wú	not without	8	2
骨架	gǔ jià	framework; skeleton	8	2
跨过	kuà guò	to surmount; to cross over	8	2
认识论	rèn shi lùn	epistemology (in philosophy, the theory of how we know things)	8	2
觅食	mì shí	to forage; to hunt for food; to scavenge	8	2
薪资	xīn zī	salary	8	2
航天飞机	háng tiān fēi jī	space shuttle	8	2
致电	zhì diàn	to phone; to telegram	8	2
群落	qún luò	community; (science) biocoenosis; ecological community	8	2
畅达	chàng dá	free-flowing; smooth	8	2
烤鸡	kǎo jī	roast chicken	8	2
洞窟	dòng kū	a cave	8	2
彩印	cǎi yìn	color printing	8	2
幽深	yōu shēn	serene and hidden in depth or distance	8	2
名望	míng wàng	renown; prestige	8	2
受访者	shòu fǎng zhě	participant in a survey; interviewee; respondent	8	2
利刃	lì rèn	sharp blade	8	2
出世	chū shì	to be born; to come into being; to withdraw from worldly affairs	8	2
人杰地灵	rén jié dì líng	illustrious hero, spirit of the place (idiom); a place derives reflected glory from an illustrious son	8	2
不失为	bù shī wéi	can be regarded as; qualifies as (something positive)	8	2
超音速	chāo yīn sù	supersonic	8	2
誓言	shì yán	to pledge; to promise; oath	8	2
藻类	zǎo lèi	algae	8	2
自旋	zì xuán	(physics) spin (of a particle)	8	2
纯净	chún jìng	pure; clean; unmixed	8	2
留情	liú qíng	to relent (to spare sb's feelings); to show mercy or forgiveness	8	2
猛禽	měng qín	bird of prey	8	2
树丛	shù cóng	thicket; undergrowth	8	2
席卷	xí juǎn	to engulf; to sweep; to carry away everything	8	2
工农兵	gōng nóng bīng	workers, peasants, and soldiers; the proletariat	8	2
妇科	fù kē	gynecology	8	2
受害者	shòu hài zhě	casualty; victim; those injured and wounded	8	2
博得	bó dé	to win; to gain	8	2
出家人	chū jiā rén	monk; nun (Buddhist or Daoist)	8	2
冒烟	mào yān	to discharge smoke; to fume with rage	8	2
傻蛋	shǎ dàn	stupid young fellow; idiot	8	2
轰然	hōng rán	loudly; with a loud bang; a loud rumble	8	2
论著	lùn zhù	treatise; study	8	2
纸张	zhǐ zhāng	paper	8	2
纷争	fēn zhēng	to dispute	8	2
火箭弹	huǒ jiàn dàn	rocket (artillery)	8	2
标的	biāo dì	target; aim; objective	8	2
朝臣	cháo chén	court councilor	8	2
有意识	yǒu yì shí	conscious	8	2
整日	zhěng rì	all day long; the whole day	8	2
放进	fàng jìn	to put into	8	2
成方	chéng fāng	(TCM) set prescription (i.e. medicine specifically prescribed for a definite condition)	8	2
成文	chéng wén	written; statutory	8	2
思量	sī liang	to reckon; to consider; to turn over in one's mind	8	2
头球	tóu qiú	(soccer) header	8	2
声波	shēng bō	sound wave	8	2
哇哇	wā wā	sound of crying	8	2
割断	gē duàn	to cut off; to sever	8	2
列位	liè wèi	ladies and gentlemen; all of you present	8	2
冰期	bīng qī	glacial epoch; ice age	8	2
军工	jūn gōng	defense industry (abbr. for 軍事工業)	8	2
公案	gōng àn	judge's desk; complex legal case; contentious issue	8	2
供应商	gōng yìng shāng	supplier	8	2
他杀	tā shā	homicide (law)	8	2
人种	rén zhǒng	race (of people)	8	2
高能	gāo néng	high energy	8	2
集散	jí sàn	to assemble (goods, passengers etc from various locations) and dispatch (them)	8	2
阅卷	yuè juàn	to grade exam papers; to review case files	8	2
还给	huán gěi	to return sth to sb	8	2
读物	dú wù	reading material	8	2
精魂	jīng hún	spirit; soul	8	2
空投	kōng tóu	to airdrop	8	2
盐度	yán dù	salinity	8	2
生态学	shēng tài xué	ecology	8	2
炒锅	chǎo guō	wok; frying pan	8	2
游历	yóu lì	to tour; to travel	8	2
渐近	jiàn jìn	to approach gradually	8	2
流动性	liú dòng xìng	flowing; shifting; fluidity; mobility; liquidity (of funds)	8	2
春风	chūn fēng	spring breeze	8	2
拦河坝	lán hé bà	a dam across a river	8	2
打响	dǎ xiǎng	to start shooting or firing; to win an initial success	8	2
手指头	shǒu zhǐ tou	fingertip; finger	8	2
域名	yù míng	(computing) domain name	8	2
喝采	hè cǎi	to acclaim; to cheer	8	2
卫校	wèi xiào	medical school; nursing school	8	2
分部	fēn bù	branch; subsection; to subdivide	8	2
分封	fēn fēng	to divide and confer (property on one's descendants)	8	2
入伍	rù wǔ	to enter the army; to enlist	8	2
便秘	biàn mì	constipation; Taiwan pr.	8	2
乏力	fá lì	lacking in strength; weak; feeble; not up to the task	8	2
主料	zhǔ liào	main ingredients (in a cooking recipe)	8	2
上身	shàng shēn	upper part of the body; to put on (clothes on the upper body)	8	2
驱使	qū shǐ	to urge; to prompt; to spur on	8	2
领头	lǐng tóu	to take the lead; to be first to start	8	2
霸王	bà wáng	hegemon; overlord; despot	8	2
阁楼	gé lóu	garret; loft; attic	8	2
贪图	tān tú	to covet; to seek (riches, fame)	8	2
评议	píng yì	to appraise through discussion	8	2
认购	rèn gòu	to undertake to purchase sth; to subscribe (to share issue)	8	2
血型	xuè xíng	blood group; blood type	8	2
腹痛	fù tòng	bellyache; stomach pain	8	2
玉女	yù nǚ	beautiful woman; fairy maiden attending the Daoist immortals	8	2
焊接	hàn jiē	to weld; welding	8	2
曲面	qū miàn	curved surface; surface	8	2
日落	rì luò	sundown; sunset	8	2
无尽	wú jìn	endless; inexhaustible	8	2
教众	jiào zhòng	(religion) believers; followers; adherents; the faithful	8	2
摇手	yáo shǒu	to wave the hand (to say goodbye, or in a negative gesture)	8	2
如愿	rú yuàn	to have one's wishes fulfilled	8	2
因果	yīn guǒ	karma; cause and effect	8	2
刺伤	cì shāng	to stab	8	2
划一	huà yī	uniform; to standardize	8	2
冲积	chōng jī	to alluviate; alluviation; alluvial	8	2
人流	rén liú	stream of people; abortion	8	2
上品	shàng pǐn	top-quality	8	2
连环	lián huán	chain of rings; (attributive) linked; successive; serial	8	2
赐予	cì yǔ	to grant; to bestow	8	2
谬误	miù wù	error; mistaken idea; falsehood	8	2
虾子	xiā zǐ	shrimp roe; shrimp eggs	8	2
自给自足	zì jǐ zì zú	self-sufficiency; autarky	8	2
经络	jīng luò	energy channels; meridian (TCM); (dialect) trick	8	2
织布	zhī bù	woven cloth; to weave cloth	8	2
级数	jí shù	(math.) series	8	2
篇章	piān zhāng	chapter; section (of a written work); passage of writing; (fig.) chapter (in the history of sth)	8	2
空洞	kōng dòng	cavity; empty; vacuous	8	2
浇注	jiāo zhù	to pour (molten metal, concrete etc) into a mold	8	2
散水	sàn shuǐ	apron (sloping brickwork to disperse water)	8	2
惩办	chéng bàn	to punish (someone); to take disciplinary action against (someone)	8	2
切块	qiē kuài	to cut into pieces	8	2
八字	bā zì	the character 8 or 八; birthdate characters used in fortune-telling	8	2
主教	zhǔ jiào	bishop	8	2
近郊	jìn jiāo	suburbs; outskirts	8	2
运载火箭	yùn zài huǒ jiàn	carrier rocket	8	2
资质	zī zhì	aptitude; natural endowments	8	2
见闻	jiàn wén	what one has seen and heard; knowledge; one's experience	8	2
立案	lì àn	to register (to an official organism)	8	2
穿行	chuān xíng	to go through; to pass through; to thread one's way through	8	2
河鱼	hé yú	freshwater fish	8	2
收下	shōu xià	to accept; to receive	8	2
操持	cāo chi	to manage; to handle	8	2
守备	shǒu bèi	to garrison; to stand guard; on garrison duty	8	2
学海	xué hǎi	sea of learning; erudite; knowledgeable person	8	2
商用	shāng yòng	(attributive) commercial	8	2
凝聚力	níng jù lì	cohesion; cohesiveness; cohesive	8	2
候补	hòu bǔ	to wait to fill a vacancy; reserve (candidate); alternate	8	2
修正主义	xiū zhèng zhǔ yì	revisionism	8	2
乳头	rǔ tóu	nipple	8	2
下放	xià fàng	to delegate; to decentralize	8	2
预警机	yù jǐng jī	early warning aircraft system, e.g. US AWACS	8	2
融为一体	róng wéi yī tǐ	to fuse together (idiom); hypostatic union (religion)	8	2
缠绕	chán rào	twisting; to twine; to wind	8	2
盗贼	dào zéi	robber	8	2
玩家	wán jiā	player (of a game); enthusiast (audio, model planes etc)	8	2
猜疑	cāi yí	to suspect; to have misgivings; suspicious	8	2
游击战	yóu jī zhàn	guerrilla warfare	8	2
来势	lái shì	momentum of sth approaching	8	2
春游	chūn yóu	spring outing; spring excursion	8	2
攻坚	gōng jiān	to assault a fortified position	8	2
探听	tàn tīng	to make inquiries; to try to find out; to pry	8	2
捉拿	zhuō ná	to arrest; to catch a criminal	8	2
引见	yǐn jiàn	to introduce (sb); (esp.) to present to the emperor	8	2
媚外	mèi wài	to fawn on foreigners; to pander to foreign powers	8	2
回锅	huí guō	to cook again; to rewarm food	8	2
同居	tóng jū	to live together; to cohabit	8	2
原意	yuán yì	original meaning; original intention	8	2
判刑	pàn xíng	to sentence (to prison etc)	8	2
青色	qīng sè	cyan; blue-green	8	2
集市	jí shì	market; bazaar; fair	8	2
辣椒酱	là jiāo jiàng	red pepper paste; chili sauce	8	2
自律	zì lǜ	self-discipline; self-regulation; autonomy (ethics)	8	2
端坐	duān zuò	to sit upright	8	2
瓦工	wǎ gōng	tiling; bricklaying; plastering	8	2
照亮	zhào liàng	to illuminate; to light up; lighting	8	2
煤田	méi tián	a coalfield	8	2
清白	qīng bái	pure; innocent	8	2
水利工程	shuǐ lì gōng chéng	hydraulic engineering	8	2
气节	qì jié	moral integrity; unflinching righteousness	8	2
曲艺	qǔ yì	folk musical theater	8	2
撬棍	qiào gùn	crowbar	8	2
小白菜	xiǎo bái cài	bok choy (Brassica rapa subsp. chinensis)	8	2
官位	guān wèi	official post	8	2
回老家	huí lǎo jiā	to go back to one's roots; to return to one's native place	8	2
叛军	pàn jūn	rebel army	8	2
刀工	dāo gōng	knife work (food preparation)	8	2
公办	gōng bàn	state-run	8	2
骨肉	gǔ ròu	blood relation; kin; one's flesh and blood	8	2
邻邦	lín bāng	neighboring country	8	2
透明度	tòu míng dù	transparency; (policy of) openness	8	2
结核	jié hé	tuberculosis; consumption; nodule	8	2
纺织厂	fǎng zhī chǎng	textile factory; cotton mill	8	2
油砂	yóu shā	oil sand (mining)	8	2
月刊	yuè kān	monthly magazine	8	2
星罗棋布	xīng luó qí bù	scattered about like stars in the sky or chess pieces on a board (idiom); spread all over the place	8	2
插口	chā kǒu	socket (for an electric plug); to interrupt (sb speaking); to butt in	8	2
提包	tí bāo	handbag; bag; valise	8	2
捣毁	dǎo huǐ	to destroy; to smash; sabotage	8	2
招来	zhāo lái	to attract; to incur	8	2
幼儿	yòu ér	young child; infant; preschooler	8	2
干贝	gān bèi	conpoy; dried scallop (dried adductor muscle of a scallop)	8	2
寻访	xún fǎng	to inquire after; to look for (sb)	8	2
密密麻麻	mì mi má má	numerous and close together; densely packed; thickly dotted	8	2
卓著	zhuó zhù	outstanding; eminent; brilliant	8	2
副教授	fù jiào shòu	associate professor (university post)	8	2
共同纲领	gòng tóng gāng lǐng	common program	8	2
亲口	qīn kǒu	one's own mouth; fig. in one's own words; to say sth personally	8	2
万民	wàn mín	all the people	8	2
迟缓	chí huǎn	slow; sluggish	8	2
赖以	lài yǐ	to rely on; to depend on	8	2
贡茶	gòng chá	tribute tea; fine quality tea	8	2
花粉	huā fěn	pollen	8	2
花灯	huā dēng	colored lantern (used at Lantern Festival 元宵節	8	2
罪人	zuì rén	sinner	8	2
社会保障	shè huì bǎo zhàng	social security	8	2
砖瓦	zhuān wǎ	tiles and bricks	8	2
用具	yòng jù	appliance; utensil; gear	8	2
现身	xiàn shēn	to show oneself; to appear; (of a deity) to appear in the flesh	8	2
猎头	liè tóu	headhunting (executive recruitment); headhunter (profession)	8	2
深造	shēn zào	to pursue one's studies	8	2
洗脸	xǐ liǎn	to wash the face	8	2
洋务	yáng wù	foreign affairs (in Qing times); foreign learning	8	2
斥责	chì zé	to lash out; to reprimand	8	2
弄堂	lòng táng	(dialect) alley; lane	8	2
干面	gān miàn	noodles mixed with a sauce and served with toppings (not in a soup)	8	2
实效	shí xiào	actual effect; practical result; efficacy	8	2
奠基人	diàn jī rén	founder; pioneer	8	2
备考	bèi kǎo	to prepare for an exam; (of an appendix, note etc) for reference	8	2
发疯	fā fēng	to go mad; to go crazy; to lose one's mind	8	2
单兵	dān bīng	individual soldier	8	2
募款	mù kuǎn	to raise money; donated money	8	2
利器	lì qì	sharp weapon; effective implement; outstandingly able individual	8	2
任性	rèn xìng	willful; headstrong; unruly	8	2
乌鱼	wū yú	gray mullet (Mugil cephalus); snakehead fish (family Channidae)	8	2
上校	shàng xiào	high ranking officer in Chinese army; colonel	8	2
长衫	cháng shān	long gown; cheongsam	8	2
过招	guò zhāo	to fight; to exchange blows	8	2
聚合物	jù hé wù	polymer	8	2
残存	cán cún	to survive; remnant	8	2
步子	bù zi	step; pace	8	2
市郊	shì jiāo	outer city; suburb	8	2
大本营	dà běn yíng	headquarters; base camp	8	2
雨量	yǔ liàng	rainfall	8	2
针刺	zhēn cì	to prick with a needle; to treat by acupuncture	8	2
药房	yào fáng	pharmacy; drugstore; dispensary	8	2
脚跟	jiǎo gēn	heel	8	2
脂肪酸	zhī fáng suān	fatty acid	8	2
肺癌	fèi ái	lung cancer	8	2
筋骨	jīn gǔ	muscles and bones; physique; strength	8	2
白夜	bái yè	white night	8	2
猴头菇	hóu tóu gū	Hericium erinaceus	8	2
死守	sǐ shǒu	to defend one's property to the death	8	2
正色	zhèng sè	stern; grim; resolute	8	2
权威性	quán wēi xìng	authority; authoritativeness	8	2
放眼	fàng yǎn	to survey; to view broadly	8	2
归附	guī fù	to realign one's allegiance (to another religion, ruler etc); to submit	8	2
小女	xiǎo nǚ	my daughter (humble)	8	2
妖魔	yāo mó	demon	8	2
头等	tóu děng	first class; prime; main	8	2
叫嚷	jiào rǎng	to shout; to bellow one's grievances	8	2
八成	bā chéng	eighty percent; most probably; most likely	8	2
光子	guāng zǐ	photon (particle physics)	8	2
鱼花	yú huā	fry; newly hatched fish	8	2
香炉	xiāng lú	a censer (for burning incense); incense burner; thurible	8	2
贴现	tiē xiàn	discount; rebate	8	2
考究	kǎo jiū	to investigate; to check and research; exquisite	8	2
终日	zhōng rì	all day long	8	2
热能	rè néng	heat energy	8	2
清早	qīng zǎo	first thing in the morning; at daybreak	8	2
深重	shēn zhòng	very serious; grave; profound	8	2
沉船	chén chuán	shipwreck; sunken boat; sinking ship	8	2
江猪	jiāng zhū	Chinese river dolphin, Lipotes vexillifer	8	2
气旋	qì xuán	cyclone	8	2
文选	wén xuǎn	compilation; selected works	8	2
把持	bǎ chí	to control; to dominate; to monopolize	8	2
恶鬼	è guǐ	evil spirit; devil	8	2
店主	diàn zhǔ	shop owner	8	2
导出	dǎo chū	to derive; derived; derivation	8	2
宽带	kuān dài	broadband	8	2
安息	ān xī	to rest; to go to sleep; to rest in peace	8	2
史籍	shǐ jí	historical records	8	2
升迁	shēng qiān	to advance to a higher-level position; to be promoted to a higher position in a new department	8	2
凸出	tū chū	to protrude; to stick out	8	2
全神贯注	quán shén guàn zhù	(idiom) to concentrate one's attention completely; with rapt attention	8	2
买房	mǎi fáng	to buy a house	8	2
中程	zhōng chéng	medium-range	8	2
迁入	qiān rù	to move in (to new lodging)	8	2
良知	liáng zhī	innate sense of right and wrong; conscience; bosom friend	8	2
统治权	tǒng zhì quán	sovereignty; dominion; dominance	8	2
激光器	jī guāng qì	laser	8	2
流产	liú chǎn	to have a miscarriage; (fig.) to fail; to fall through	8	2
本体	běn tǐ	main part; torso; the thing in itself	8	2
斜眼	xié yǎn	to look askance; cross or wall-eyed	8	2
引水	yǐn shuǐ	to pilot a ship; to channel water; to draw water (for irrigation)	8	2
崇敬	chóng jìng	to revere; to venerate; high esteem	8	2
好日子	hǎo rì zi	auspicious day; good day; happy life	8	2
备降	bèi jiàng	(aviation) to land at an alternate airport	8	2
埋头	mái tóu	to immerse oneself in; engrossed in sth	8	2
哲理	zhé lǐ	philosophic theory; philosophy	8	2
合唱团	hé chàng tuán	chorus; choir	8	2
升腾	shēng téng	to rise; to ascend; to leap up	8	2
办好	bàn hǎo	to take care of (a matter); to get (a task) done; to handle (a project) expeditiously	8	2
军需	jūn xū	military supplies	8	2
入党	rù dǎng	to join a political party (esp. the Communist Party)	8	2
不计	bù jì	to disregard; to take no account of	8	2
上篮	shàng lán	(basketball) layup	8	2
酒保	jiǔ bǎo	barman; bartender	8	2
连续性	lián xù xìng	continuity	8	2
转速	zhuàn sù	angular velocity; number of revolutions per minute	8	2
超声	chāo shēng	ultrasonic; ultrasound	8	2
起始	qǐ shǐ	to originate	8	2
背负	bēi fù	to bear; to carry on one's back; to shoulder	8	2
老母	lǎo mǔ	(coll.) mother; mom; (literary) elderly mother	8	2
维系	wéi xì	to maintain; to keep up; to hold together	8	2
等额选举	děng é xuǎn jǔ	non-competitive election (i.e. with as many candidates as there are seats)	8	2
礼节	lǐ jié	etiquette	8	2
矩阵	jǔ zhèn	(math.) matrix	8	2
曲目	qǔ mù	repertoire; program; song	8	2
振荡	zhèn dàng	vibration; oscillation	8	2
承接	chéng jiē	to receive; to accept; to carry on	8	2
干粮	gān liáng	rations (to take on expedition)	8	2
差遣	chāi qiǎn	to send (on errand)	8	2
定点	dìng diǎn	to determine a location; designated; appointed	8	2
如来	rú lái	tathagata (Buddha's name for himself, having many layers of meaning - Sanskrit: thus gone, having been Brahman, gone to the absolute etc)	8	2
大寿	dà shòu	(polite) birthday making the beginning of new decade of life for an older person, especially over 50 years old (e.g. 60th or 70th birthday)	8	2
原籍	yuán jí	ancestral home (town); birthplace	8	2
化学元素	huà xué yuán sù	chemical element	8	2
人形	rén xíng	human form; human-shaped; humanoid	8	2
久远	jiǔ yuǎn	lasting; enduring; extending over a long period of time	8	2
防洪	fáng hóng	flood control; flood prevention	8	2
裁军	cái jūn	disarmament	8	2
花坛	huā tán	decorative mass planting of flowers and shrubs, often bounded by a low masonry border, and often part of a streetscape	8	2
罢官	bà guān	to dismiss from office; to resign from office	8	2
秋审	qiū shěn	autumn trial (judicial hearing of capital cases during Ming and Qing)	8	2
相逢	xiāng féng	to meet (by chance); to come across	8	2
电离	diàn lí	ion; ionized (e.g. gas)	8	2
生物圈	shēng wù quān	biosphere	8	2
牛皮	niú pí	cowhide; leather; fig. flexible and tough	8	2
照应	zhào yìng	to correlate with; to correspond to	8	2
点穴	diǎn xué	to hit a pressure point (martial arts); dim mak	8	2
比划	bǐ hua	to gesture; to gesticulate	8	2
改观	gǎi guān	change of appearance; to revise one's point of view	8	2
援引	yuán yǐn	to quote; to cite; to recommend (a friend, an associate etc)	8	2
恶狠狠	è hěn hěn	very fierce	8	2
庶民	shù mín	the multitude of common people (in highbrow literature); plebeian	8	2
审问	shěn wèn	to interrogate; to examine; to question	8	2
夹攻	jiā gōng	attack from two sides; pincer movement; converging attack	8	2
声乐	shēng yuè	vocal music	8	2
命中率	mìng zhòng lǜ	hit rate; scoring rate	8	2
叫唤	jiào huan	to cry out; to bark out a sound	8	2
充斥	chōng chì	to be full of; to flood; to congest	8	2
产业链	chǎn yè liàn	industry value chain	8	2
颇具	pō jù	rather; quite; to have much	8	2
透镜	tòu jìng	lens (optics)	8	2
衍生物	yǎn shēng wù	derivative; offshoot	8	2
署名	shǔ míng	to sign (a signature)	8	2
突击队	tū jī duì	commando unit	8	2
港元	gǎng yuán	Hong Kong dollar	8	2
淋巴	lín bā	(physiology) (loanword) lymph	8	2
抑或	yì huò	or; could it be that...?	8	2
扔下	rēng xià	to throw down; to drop (bomb)	8	2
心动	xīn dòng	heartbeat; heart rate	8	2
帝位	dì wèi	imperial throne	8	2
定于	dìng yú	set at; scheduled at	8	2
学风	xué fēng	style of study; academic atmosphere; school discipline	8	2
太医	tài yī	imperial physician	8	2
大步	dà bù	large strides	8	2
坚定不移	jiān dìng bù yí	unswerving; unflinching	8	2
坑洞	kēng dòng	hole; pit; pothole	8	2
器皿	qì mǐn	household utensils	8	2
嘲讽	cháo fěng	to sneer at; to ridicule; to taunt	8	2
供水	gōng shuǐ	to supply water	8	2
两倍	liǎng bèi	twice as much; double the amount	8	2
专员	zhuān yuán	assistant director; commissioner	8	2
逃难	táo nàn	to run away from trouble; to flee from calamity; to be a refugee	8	2
负伤	fù shāng	to be wounded; to sustain an injury	8	2
船体	chuán tǐ	hull; body of a ship	8	2
经略	jīng lüè	(literary) to plan and administer; to govern and develop	8	2
砖石	zhuān shí	brick	8	2
电解质	diàn jiě zhì	electrolyte	8	2
狂妄	kuáng wàng	egotistical; arrogant; brassy	8	2
抢占	qiǎng zhàn	to seize (the strategic high ground)	8	2
戎装	róng zhuāng	martial attire	8	2
恶斗	è dòu	hard fighting; fierce battle	8	2
快点	kuài diǎn	to do sth more quickly; Hurry up!; Get a move on!	8	2
主干	zhǔ gàn	trunk; main; core	8	2
为所欲为	wéi suǒ yù wéi	(idiom) to do whatever one pleases	8	2
裁减	cái jiǎn	to reduce; to lessen; to cut down	8	2
羞辱	xiū rǔ	to humiliate; to shame; humiliation	8	2
称道	chēng dào	to commend; to praise	8	2
短命	duǎn mìng	to die young; short-lived	8	2
照旧	zhào jiù	as before; as in the past	8	2
楼顶	lóu dǐng	top of a building	8	2
改写	gǎi xiě	to revise; to edit	8	2
撞见	zhuàng jiàn	to meet by accident	8	2
大病	dà bìng	serious illness	8	2
国际性	guó jì xìng	international; internationalism	8	2
国民收入	guó mín shōu rù	measures of national income and output	8	2
国势	guó shì	national strength; situation in a state	8	2
加固	jiā gù	to reinforce (a structure); to strengthen	8	2
出外	chū wài	to go out; to leave for another place	8	2
乡里	xiāng lǐ	one's home town or village	8	2
高官	gāo guān	high official	8	2
飞过	fēi guò	to fly over; to fly past	8	2
阴茎	yīn jīng	penis	8	2
钢刀	gāng dāo	steel knife; sword	8	2
退路	tuì lù	a way out; a way to retreat; leeway	8	2
足见	zú jiàn	it goes to show that; one can see	8	2
肋骨	lèi gǔ	rib	8	2
正向	zhèng xiàng	forward (direction); positive (thinking, mood, values etc)	8	2
援军	yuán jūn	(military) reinforcements	8	2
投票权	tóu piào quán	suffrage; right to vote	8	2
恕罪	shù zuì	please forgive me	8	2
居中	jū zhōng	to be between two parties (as in mediation)	8	2
奉旨	fèng zhǐ	on imperial orders	8	2
国政	guó zhèng	national politics; archaic rank, "Minister of State"; common given name	8	2
嗓门	sǎng mén	voice; windpipe	8	2
信道	xìn dào	(telecommunications) channel	8	2
亲笔	qīn bǐ	in one's own handwriting	8	2
书法家	shū fǎ jiā	calligrapher	8	2
不力	bù lì	not to do one's best; not to exert oneself	8	2
追寻	zhuī xún	to pursue; to track down; to search	8	2
认清	rèn qīng	to see clearly; to recognize; to realize	8	2
订货	dìng huò	to order goods; to place an order	8	2
荒原	huāng yuán	wasteland	8	2
社员	shè yuán	commune member (PRC, 1958–1985)	8	2
猛虎	měng hǔ	fierce tiger	8	2
沉沉	chén chén	deeply; heavily	8	2
次子	cì zǐ	second son	8	2
楷书	kǎi shū	regular script (Chinese calligraphic style)	8	2
显见	xiǎn jiàn	obvious; clearly visible	8	2
拍打	pāi da	to pat; to slap; (of a bird) to flap (one's wings)	8	2
平庸	píng yōng	mediocre; indifferent; commonplace	8	2
城市化	chéng shì huà	urbanization	8	2
可否	kě fǒu	is it possible or not?	8	2
千金	qiān jīn	thousand jin 斤 (pounds) of gold; money and riches	8	2
全景	quán jǐng	panoramic view	8	2
买办	mǎi bàn	comprador	8	2
选购	xuǎn gòu	to select and purchase; to buy	8	2
诚然	chéng rán	indeed; true! (I agree with you)	8	2
评论家	píng lùn jiā	critic; reviewer	8	2
昨儿	zuó r	(coll.) yesterday	8	2
无权	wú quán	to have no right; to have no authority	8	2
政客	zhèng kè	politician	8	2
所得税	suǒ dé shuì	income tax	8	2
惊骇	jīng hài	to be shocked; to be appalled; to be terrified	8	2
喷气	pēn qì	to spurt steam (or air etc)	8	2
响动	xiǎng dòng	sound coming from sth (typically sth not immediately visible); also pr.	8	2
同日	tóng rì	on the same day	8	2
发亮	fā liàng	to shine; shiny	8	2
原始社会	yuán shǐ shè huì	primitive society	8	2
剥落	bō luò	to peel off	8	2
创造力	chuàng zào lì	ingenuity; creativity	8	2
公差	gōng chā	tolerance (allowed error); common difference (of an arithmetic series)	8	2
门派	mén pài	sect; school (group of followers of a particular doctrine)	8	2
过河	guò hé	to cross a river	8	2
行当	háng dang	profession; role (acting)	8	2
致死	zhì sǐ	to cause death; to be lethal; to be deadly	8	2
端详	duān xiáng	full details; full particulars	8	2
称得上	chēng de shàng	can be counted as	8	2
玩意	wán yì	toy; plaything; thing	8	2
烧香	shāo xiāng	to burn incense	8	2
激进	jī jìn	radical; extreme; extremist	8	2
混入	hùn rù	to sneak into	8	2
流落	liú luò	to wander about destitute; to be stranded	8	2
担架	dān jià	stretcher; litter; bier	8	2
成行	chéng xíng	to embark on a journey	8	2
愉悦	yú yuè	joyful; cheerful; delighted	8	2
想见	xiǎng jiàn	to infer; to gather	8	2
微粒	wēi lì	speck; particle	8	2
带宽	dài kuān	bandwidth	8	2
夜幕	yè mù	curtain of night; gathering darkness	8	2
地主阶级	dì zhǔ jiē jí	the landlord class	8	2
原野	yuán yě	plain; open country	8	2
便士	biàn shì	(loanword) pence; penny	8	2
临头	lín tóu	to befall; to be imminent	8	2
肺炎	fèi yán	pneumonia; inflammation of the lungs	8	2
白血病	bái xuè bìng	leukemia	8	2
白细胞	bái xì bāo	white blood cell; leukocyte	8	2
甩开	shuǎi kāi	to shake off; to get rid of	8	2
牵动	qiān dòng	to affect; to produce a change in sth	8	2
牛市	niú shì	bull market	8	2
清查	qīng chá	to investigate thoroughly; to carefully inspect; to verify	8	2
残破	cán pò	broken; dilapidated	8	2
朱漆	zhū qī	(traditional) red paint; red lacquer	8	2
新生儿	xīn shēng ér	newborn baby; neonate	8	2
文臣	wén chén	civilian court official (in former times)	8	2
攻略	gōng lüè	(literary) to storm and capture; strategy; directions; guide; how-to	8	2
惊吓	jīng xià	to frighten; to horrify; to terrify	8	2
征兆	zhēng zhào	omen; sign (that sth is about to happen); warning sign	8	2
归入	guī rù	to assign (to a class); to classify as; to include	8	2
大气层	dà qì céng	(meteorology) the atmosphere; atmospheric layer	8	2
向量	xiàng liàng	(math.) vector	8	2
功名	gōng míng	scholarly honor (in imperial exams); rank; achievement	8	2
击毙	jī bì	to kill; to shoot dead	8	2
光速	guāng sù	the speed of light; (fig.) extremely quickly	8	2
仰慕	yǎng mù	to admire	8	2
风速	fēng sù	wind speed	8	2
顶峰	dǐng fēng	peak; summit; fig. high point	8	2
音译	yīn yì	transliteration (rendering phonetic value, e.g. of English words in Chinese characters)	8	2
闪光	shǎn guāng	flash	8	2
追杀	zhuī shā	to chase to kill	8	2
苦于	kǔ yú	to suffer from (a disadvantage)	8	2
绩效	jì xiào	performance; results; achievement	8	2
破门	pò mén	to burst or force open a door	8	2
破口大骂	pò kǒu dà mà	(idiom) to let out a torrent of abuse	8	2
甘愿	gān yuàn	willingly	8	2
浓烈	nóng liè	strong (taste, flavor, smell)	8	2
油灯	yóu dēng	oil lamp	8	2
检索	jiǎn suǒ	to retrieve (data); to look up; retrieval	8	2
指针	zhǐ zhēn	pointer on a gauge; clock hand; cursor	8	2
扎营	zhā yíng	to camp; to pitch camp; stationed	8	2
心满意足	xīn mǎn yì zú	perfectly contented (idiom); perfectly satisfied	8	2
小车	xiǎo chē	small model car; mini-car; small horse-cart	8	2
官制	guān zhì	the civil service system; the bureaucratic system	8	2
剧照	jù zhào	photo taken during a theatrical production; a still (from a movie)	8	2
全天候	quán tiān hòu	all-weather; 24-hour	8	2
下丘脑	xià qiū nǎo	hypothalamus (anatomy)	8	2
非正式	fēi zhèng shì	unofficial; informal	8	2
赤手空拳	chì shǒu kōng quán	(idiom) with one's bare hands (unarmed – also figuratively: without assistance)	8	2
考古学家	kǎo gǔ xué jiā	archaeologist	8	2
老爸	lǎo bà	father; dad	8	2
突袭	tū xí	to raid; to storm; surprise attack	8	2
省得	shěng de	to avoid; so as to save (money or time)	8	2
狠毒	hěn dú	vicious; malicious; savage	8	2
特此	tè cǐ	hereby	8	2
照看	zhào kàn	to look after; to attend to; to have in care	8	2
火龙	huǒ lóng	a lantern or torchlight procession (resembling a fiery dragon)	8	2
构图	gòu tú	(art) composition	8	2
把守	bǎ shǒu	to guard	8	2
我辈	wǒ bèi	(literary) we; us	8	2
彗星	huì xīng	comet	8	2
底座	dǐ zuò	base; pedestal; foundation	8	2
小妹	xiǎo mèi	little sister; girl	8	2
复试	fù shì	to sit for the second round of a two-stage exam	8	2
境况	jìng kuàng	circumstances	8	2
善恶	shàn è	good and evil; good versus evil	8	2
商会	shāng huì	chamber of commerce	8	2
受刑	shòu xíng	beaten; tortured; executed	8	2
参政	cān zhèng	to be involved in politics; participation in politics	8	2
入狱	rù yù	to go to jail; to be sent to prison	8	2
位移	wèi yí	(geometry) displacement (a vector quantity)	8	2
上皮	shàng pí	(anatomy) epithelium; epithelial tissue	8	2
里里外外	lǐ lǐ wài wài	inside and out	8	2
走动	zǒu dòng	to walk around; to move about; to stretch one's legs; to go for a walk	8	2
脸庞	liǎn páng	face	8	2
脚踏	jiǎo tà	pedal	8	2
缺氧	quē yǎng	lacking oxygen; anaerobic	8	2
缓存	huǎn cún	(computing) cache; buffer memory	8	2
统考	tǒng kǎo	unified examination (e.g. across the country)	8	2
绝境	jué jìng	desperate straits	8	2
怒不可遏	nù bù kě è	unable to restrain one's anger (idiom); in a towering rage	8	2
得逞	dé chěng	to prevail; to have one's way; to get away with it	8	2
存储器	cún chǔ qì	memory (computing)	8	2
字号	zì hào	characters and numbers (as used in a code); alphanumeric code	8	2
大便	dà biàn	to defecate; excrement; feces	8	2
地底	dì dǐ	subterranean; underground	8	2
启奏	qǐ zòu	to submit a report to the king; to talk to the king	8	2
变幻	biàn huàn	to change irregularly; to fluctuate	8	2
剖析	pōu xī	to analyze; to dissect	8	2
前列腺	qián liè xiàn	prostate gland	8	2
刀枪	dāo qiāng	sword and spear; weapons	8	2
公司法	gōng sī fǎ	corporations law; company law; corporate law	8	2
体液	tǐ yè	bodily fluid	8	2
三甲	sān jiǎ	3rd rank of candidates who passed the imperial examination	8	2
除掉	chú diào	to eliminate	8	2
降雨	jiàng yǔ	precipitation; rainfall	8	2
量子力学	liàng zǐ lì xué	quantum mechanics	8	2
重围	chóng wéi	to redouble a siege	8	2
详见	xiáng jiàn	for further details, refer to	8	2
训斥	xùn chì	to reprimand; to rebuke; to berate	8	2
绝灭	jué miè	to annihilate; to exterminate; extinction	8	2
经得起	jīng de qǐ	to be able to withstand; to be able to endure	8	2
纸烟	zhǐ yān	cigarette	8	2
留住	liú zhù	to ask sb to stay; to keep sb for the night; to await (classical)	8	2
特异	tè yì	exceptionally good; excellent; clearly outstanding	8	2
欠身	qiàn shēn	to half rise out of one's chair (a polite gesture)	8	2
枪口	qiāng kǒu	muzzle of a gun	8	2
条子	tiáo zi	short note; slip of paper; stripe	8	2
杂草	zá cǎo	weeds	8	2
排泄	pái xiè	to drain (factory waste etc); to excrete (urine, sweat etc)	8	2
总能	zǒng néng	total energy	8	2
怀有	huái yǒu	to have in one's person (feelings, talent etc)	8	2
回击	huí jī	to fight back; to return fire; to counterattack	8	2
善行	shàn xíng	good actions	8	2
吼声	hǒu shēng	roar	8	2
受众	shòu zhòng	recipients (of information, media etc); audience	8	2
原子量	yuán zǐ liàng	atomic weight; atomic mass	8	2
单项	dān xiàng	single-item	8	2
前胸	qián xiōng	human chest; breast	8	2
创设	chuàng shè	to establish; to set up; to create (suitable conditions etc)	8	2
刑场	xíng chǎng	execution ground	8	2
分隔	fēn gé	to divide; to separate; partition	8	2
债权人	zhài quán rén	creditor	8	2
下方	xià fāng	underneath; below; the underside	8	2
阻塞	zǔ sè	to block; to clog	8	2
转眼间	zhuǎn yǎn jiān	in the blink of an eye	8	2
讲演	jiǎng yǎn	to lecture; to speak publicly	8	2
自主权	zì zhǔ quán	the power to act independently; autonomy; the right of self-determination	8	2
老哥	lǎo gē	form of address for a (slightly) older man (esp. among males)	8	2
紧要关头	jǐn yào guān tóu	urgent and important moment (idiom); critical juncture	8	2
第二轮	dì èr lún	second round (of match, or election)	8	2
立宪	lì xiàn	to set up a constitution	8	2
现阶段	xiàn jiē duàn	at the present stage	8	2
猛扑	měng pū	to charge; to pounce on; to swoop down on	8	2
梦境	mèng jìng	dreamland	8	2
条文	tiáo wén	clause; explanatory section in a document	8	2
攻取	gōng qǔ	to attack and seize	8	2
支书	zhī shū	branch secretary	8	2
惊惧	jīng jù	to be alarmed; to be terrified	8	2
恍然	huǎng rán	suddenly (perceive); confused; vague; distracted	8	2
开赴	kāi fù	(of troops) to depart for; to head for	8	2
多重	duō chóng	multi- (faceted, cultural, ethnic etc)	8	2
圣上	shèng shàng	courtier's or minister's form of address for the current Emperor	8	2
响彻	xiǎng chè	to resound; to resonate	8	2
反贼	fǎn zéi	(imperial China) rebel; traitor	8	2
卓有成效	zhuó yǒu chéng xiào	highly effective; fruitful	8	2
协奏曲	xié zòu qǔ	concerto	8	2
劲风	jìng fēng	strong wind; gale	8	2
分立	fēn lì	to establish as separate entities	8	2
内膜	nèi mó	inner membrane; internal lining (of an organ or body cavity)	8	2
侧耳	cè ěr	to bend an ear (to); to listen	8	2
香精	xiāng jīng	seasoning; condiment; flavoring	8	2
门阀	mén fá	rich and powerful family	8	2
长诗	cháng shī	long poem	8	2
铁骑	tiě qí	armored horses; crack horsemen	8	2
行署	xíng shǔ	administrative office	8	2
脑门	nǎo mén	forehead	8	2
硬着头皮	yìng zhe tóu pí	to brace oneself to do sth; to put a bold face on it	8	2
电磁场	diàn cí chǎng	electromagnetic fields	8	2
烟叶	yān yè	leaf tobacco	8	2
正派	zhèng pài	(of a person) upright; respectable; decent	8	2
染发剂	rǎn fà jì	hair dye; rinse; tint	8	2
暴徒	bào tú	bandit; thug; ruffian	8	2
暮色	mù sè	twilight	8	2
手心	shǒu xīn	palm (of one's hand)	8	2
性欲	xìng yù	sexual desire; lust	8	2
实则	shí zé	actually; in fact	8	2
宗法	zōng fǎ	patriarchal clan system	8	2
夺目	duó mù	to dazzle the eyes	8	2
唤醒	huàn xǐng	to wake sb; to rouse	8	2
发兵	fā bīng	to dispatch an army; to send troops	8	2
冻土	dòng tǔ	frozen earth; permafrost; tundra	8	2
个数	gè shù	number of items or individuals	8	2
上层建筑	shàng céng jiàn zhù	superstructure	8	2
车夫	chē fū	cart driver; coachman	8	2
脾胃	pí wèi	spleen and stomach (digestive organs in TCM); preferences	8	2
老式	lǎo shì	old-fashioned; old type; outdated	8	2
经销商	jīng xiāo shāng	dealer; seller; distributor	8	2
织造	zhī zào	to weave; to manufacture by weaving	8	2
眼圈	yǎn quān	rim of the eye; eye socket	8	2
滴定	dī dìng	titration	8	2
液态	yè tài	liquid (state)	8	2
换装	huàn zhuāng	to get changed; to change clothes	8	2
建设性	jiàn shè xìng	constructive; constructiveness	8	2
底盘	dǐ pán	chassis	8	2
吵闹	chǎo nào	noisy; raucous; to shout and scream	8	2
双层	shuāng céng	double tier; double decker	8	2
内参	nèi cān	restricted document, available only to certain individuals such as high-ranking Party officials (abbr. for 內部參考	8	2
人丛	rén cóng	crowd of people	8	2
锐气	ruì qì	acute spirit; dash; drive	8	2
遮掩	zhē yǎn	to cover; to mask; to cover up or conceal (the truth etc)	8	2
迷糊	mí hu	muddle-headed; dazed; only half conscious	8	2
花鸟	huā niǎo	painting of birds and flowers	8	2
疾苦	jí kǔ	pain and difficulties; suffering (of the people)	8	2
混交林	hùn jiāo lín	mixed forest	8	2
泪珠	lèi zhū	teardrop; tear	8	2
敌意	dí yì	enmity; hostility	8	2
支线	zhī xiàn	branch line; side road; spur	8	2
支气管	zhī qì guǎn	bronchial tube; bronchus	8	2
据点	jù diǎn	stronghold; defended military base; base for operations	8	2
性感	xìng gǎn	sex appeal; eroticism; sexuality	8	2
导线	dǎo xiàn	electrical lead	8	2
多年生	duō nián shēng	(botany) (of a plant) perennial	8	2
基岩	jī yán	bedrock	8	2
古玩	gǔ wán	antique; curio	8	2
变压器	biàn yā qì	transformer	8	2
升空	shēng kōng	to rise to the sky; to lift off; to levitate	8	2
凝重	níng zhòng	dignified; grave (expression); imposing (attitude)	8	2
假说	jiǎ shuō	hypothesis	8	2
伤痛	shāng tòng	pain (from wound); sorrow	8	2
专权	zhuān quán	autocracy; dictatorship	8	2
不为过	bù wéi guò	not an exaggeration; not excessive; not wide of the mark	8	2
题写	tí xiě	to create a work of calligraphy for display in a prominent place (typically, a sign)	8	2
隐隐约约	yǐn yǐn yuē yuē	(idiom) vaguely; faintly; indistinctly	8	2
闲置	xián zhì	to leave unused; to leave idle; to lie idle	8	2
践踏	jiàn tà	to trample	8	2
荡然无存	dàng rán wú cún	to obliterate completely; to vanish from the face of the earth	8	2
苍老	cāng lǎo	old; aged; (of calligraphy or painting) vigorous	8	2
脱水	tuō shuǐ	to dry out; to extract water; dehydration	8	2
矮胖	ǎi pàng	short and stout; dumpy; roly-poly	8	2
珠子	zhū zi	pearl; bead	8	2
煎熬	jiān áo	to suffer; to torture; to torment	8	2
水师	shuǐ shī	navy (in Qing times)	8	2
横幅	héng fú	horizontal scroll; banner; streamer	8	2
改元	gǎi yuán	to change an emperor's or ruler's reign title (old)	8	2
戒律	jiè lǜ	monastic discipline; commandment	8	2
怪人	guài rén	strange person; eccentric	8	2
委任	wěi rèn	to appoint	8	2
壮士	zhuàng shì	hero; fighter; brave strong guy	8	2
坐镇	zuò zhèn	(of a commanding officer) to keep watch; to oversee	8	2
品味	pǐn wèi	to sample; to taste; to appreciate	8	2
出入境	chū rù jìng	to leave or enter a country	8	2
准备金	zhǔn bèi jīn	reserve fund	8	2
农具	nóng jù	farm implements; farm tools	8	2
军事家	jūn shì jiā	military expert; general	8	2
公家	gōng jiā	the public; the state; society	8	2
充裕	chōng yù	abundant; ample; plenty	8	2
借机	jiè jī	to seize the opportunity	8	2
任由	rèn yóu	to let (sb do sth); to allow; regardless of	8	2
中生代	zhōng shēng dài	the middle generation (between senior and junior cohorts, esp. in a profession)	8	2
不顾一切	bù gù yī qiè	(idiom) to disregard all negative considerations; to cast aside all concerns	8	2
音乐家	yīn yuè jiā	musician	8	2
野菜	yě cài	wild herb; potherb	8	2
迷茫	mí máng	vast and indistinct; perplexed; bewildered	8	2
起居	qǐ jū	everyday life; regular pattern of life	8	2
著录	zhù lù	to record; to put down in writing	8	2
苦闷	kǔ mèn	depressed; dejected; feeling low	8	2
胁迫	xié pò	to coerce; to compel; to force	8	2
耗子	hào zi	(dialect) mouse; rat	8	2
精良	jīng liáng	excellent; of superior quality	8	2
源自	yuán zì	to originate from	8	2
洗手	xǐ shǒu	to wash one's hands; to go to the toilet	8	2
洗劫	xǐ jié	to loot; to ransack; to pillage	8	2
暗淡	àn dàn	dark; dim (light); dull (color); drab; (fig.) gloomy; bleak	8	2
新编	xīn biān	to compile anew; new (version); newly set up (part of an organization)	8	2
小肠	xiǎo cháng	small intestine	8	2
容积	róng jī	volume; capacity	8	2
字画	zì huà	the strokes of a character; calligraphy and painting	8	2
婉转	wǎn zhuǎn	(voice, music) suave; mellow; (speech) indirect	8	2
外流	wài liú	outflow; to flow out; to drain	8	2
出题	chū tí	to draw up the theme (for discussion)	8	2
何如	hé rú	how about; what kind of	8	2
五指	wǔ zhǐ	the five fingers of one's hand	8	2
买方	mǎi fāng	buyer (in contracts)	8	2
铁匠	tiě jiang	blacksmith; ironworker	8	2
螺旋桨	luó xuán jiǎng	propeller	8	2
荒地	huāng dì	wasteland; uncultivated land	8	2
空空导弹	kōng kōng dǎo dàn	air-to-air missile	8	2
禅师	chán shī	honorific title for a Buddhist monk	8	2
气喘吁吁	qì chuǎn xū xū	to pant; to gasp for breath	8	2
暗藏	àn cáng	to hide; to conceal	8	2
旅游胜地	lǚ yóu shèng dì	tourist destination; tourist attraction	8	2
故人	gù rén	old friend; the deceased	8	2
攻击机	gōng jī jī	ground attack aircraft	8	2
手提	shǒu tí	portable	8	2
恼火	nǎo huǒ	annoyed; riled; vexed	8	2
异同	yì tóng	comparison; differences and similarities	8	2
座舱	zuò cāng	cockpit; cabin	8	2
度量	dù liàng	measure; tolerance; breadth	8	2
床头	chuáng tóu	bedhead; bedside; headboard	8	2
外壳	wài ké	envelope; outer shell; hull	8	2
土木	tǔ mù	building; construction; civil engineering	8	2
围观	wéi guān	to stand in a circle and watch	8	2
危亡	wēi wáng	at stake; in peril	8	2
内里	nèi lǐ	the inside	8	2
入土	rù tǔ	to bury; buried; interred	8	2
修正案	xiū zhèng àn	amendment; revised draft	8	2
便衣	biàn yī	civilian clothes; plain clothes; plainclothesman	8	2
谈何容易	tán hé róng yì	easier said than done (idiom)	8	2
获得者	huò dé zhě	recipient	8	2
至极	zhì jí	extremely	8	2
自小	zì xiǎo	since childhood; from a young age	8	2
背脊	bèi jǐ	the back of the human body	8	2
老一辈	lǎo yī bèi	older generation	8	2
粉身碎骨	fěn shēn suì gǔ	(lit.) torn body and crushed bones (idiom)	8	2
稻米	dào mǐ	rice (crop)	8	2
步步	bù bù	step by step; at every step	8	2
标明	biāo míng	to mark; to indicate	8	2
方法论	fāng fǎ lùn	methodology	8	2
撤走	chè zǒu	to retire; to remove; to withdraw	8	2
嫂嫂	sǎo sao	older brother's wife; sister-in-law	8	2
女排	nǚ pái	women's volleyball	8	2
天井	tiān jǐng	courtyard; atrium; opening in a roof	8	2
土改	tǔ gǎi	land reform (abbr. for 土地改革)	8	2
喝醉	hē zuì	to get drunk	8	2
君主制	jūn zhǔ zhì	monarchy	8	2
光是	guāng shì	solely; just	8	2
充任	chōng rèn	to fill a post of; to act as	8	2
主动权	zhǔ dòng quán	initiative (as in "seize the initiative")	8	2
不要脸	bù yào liǎn	to have no sense of shame; shameless	8	2
顶点	dǐng diǎn	summit; peak; (math.) vertex	8	2
送达	sòng dá	to deliver; to serve notice (law)	8	2
辨证	biàn zhèng	to investigate	8	2
躲闪	duǒ shǎn	to evade; to dodge (out of the way)	8	2
脸皮	liǎn pí	face; cheek	8	2
画廊	huà láng	art gallery; decorated corridor	8	2
汇兑	huì duì	remittance; funds paid to a bank account	8	2
搭载	dā zài	(of a vehicle) to carry (a passenger or payload)	8	2
打赢	dǎ yíng	to win; to beat (one's opponent)	8	2
常规赛	cháng guī sài	(sports) regular season	8	2
夜空	yè kōng	night sky	8	2
壮烈	zhuàng liè	brave; heroic	8	2
吃药	chī yào	to take medicine	8	2
口诀	kǒu jué	mnemonic chant	8	2
参差	cēn cī	uneven; jagged; snaggletooth; ragged; serrated	8	2
到手	dào shǒu	to take possession of; to get hold of	8	2
分列	fēn liè	to divide into rows; to identify subcategories	8	2
不济	bù jì	(coll.) no good; of no use	8	2
一肚子	yī dù zi	bellyful (of sth); full of (sth)	8	2
顿足	dùn zú	stamp (one's feet)	8	2
通货	tōng huò	currency	8	2
贫乏	pín fá	impoverished; lacking; deficient	8	2
缠绵	chán mián	touching (emotions); lingering (illness)	8	2
破损	pò sǔn	to become damaged	8	2
矿工	kuàng gōng	miner	8	2
矿井	kuàng jǐng	a mine; a mine shaft	8	2
矩形	jǔ xíng	rectangle	8	2
相称	xiāng chèn	to match; to suit; mutually compatible	8	2
溃败	kuì bài	to be utterly defeated; to be routed	8	2
棉衣	mián yī	cotton-padded clothes	8	2
月季	yuè jì	Chinese rose (Rosa chinensis)	8	2
旗子	qí zi	flag; banner	8	2
敌国	dí guó	enemy country	8	2
摆布	bǎi bù	to arrange; to order about; to manipulate	8	2
挥发	huī fā	to volatilize; to vaporize; to evaporate (esp. at ordinary temperatures)	8	2
战利品	zhàn lì pǐn	spoils of war	8	2
惨叫	cǎn jiào	to scream; blood-curdling screech; miserable shriek	8	2
己方	jǐ fāng	our side; one's own (side etc)	8	2
尿道	niào dào	urethra; urinary tract	8	2
密谋	mì móu	conspiracy; secret plan; to conspire	8	2
助长	zhù zhǎng	to encourage; to foster; to foment	8	2
刺激性	cì jī xìng	thrilling; exciting; stimulating	8	2
分批	fēn pī	to do sth in batches or groups	8	2
交通工具	jiāo tōng gōng jù	means of transportation; vehicle	8	2
亚麻	yà má	flax	8	2
险峻	xiǎn jùn	(of terrain) mountainous; rugged; (of a situation) precarious; daunting	8	2
阐释	chǎn shì	to explain; to expound; to interpret	8	2
银行家	yín háng jiā	banker	8	2
铁丝	tiě sī	iron wire; subway enthusiast (abbr. for 地鐵粉絲)	8	2
违者	wéi zhě	violator	8	2
苦战	kǔ zhàn	to fight a hard battle; (fig.) to struggle hard	8	2
红晕	hóng yùn	a reddish flush on the face (as from emotion, health or exertion); a rosy tint (on clouds, flowers or water)	8	2
甬道	yǒng dào	walled-in path; paved pathway; canopied passageway	8	2
环顾	huán gù	to look around; to survey	8	2
杀敌	shā dí	to attack the enemy	8	2
有期徒刑	yǒu qī tú xíng	limited term of imprisonment (i.e. anything less than life imprisonment)	8	2
摄取	shè qǔ	to absorb (nutrients etc); to assimilate; intake	8	2
抢险	qiǎng xiǎn	emergency (measures); to react to an emergency	8	2
委实	wěi shí	indeed; really (very much so)	8	2
受用	shòu yòng	to enjoy; to reap the benefits (of sth)	8	2
僵持	jiāng chí	to be deadlocked	8	2
低潮	dī cháo	low tide; low ebb	8	2
互通	hù tōng	to intercommunicate; to interoperate	8	2
不法	bù fǎ	lawless; illegal; unlawful	8	2
饭桌	fàn zhuō	dining table	8	2
领衔	lǐng xián	leading (role); heading list of signatories; leading actors (in a show)	8	2
钢管	gāng guǎn	steel pipe; pole (in pole dancing)	8	2
金针	jīn zhēn	needle used in embroidery or sewing; acupuncture needle	8	2
选中	xuǎn zhòng	to select; to choose; to decide on	8	2
进食	jìn shí	to eat; to take food	8	2
轻盈	qīng yíng	graceful; lithe; light and graceful	8	2
超群	chāo qún	surpassing; preeminent; outstanding	8	2
花草	huā cǎo	flowers and plants	8	2
肤色	fū sè	skin color	8	2
缴获	jiǎo huò	to capture; to seize	8	2
皮层	pí céng	cortex	8	2
滔滔	tāo tāo	torrential	8	2
流体力学	liú tǐ lì xué	fluid mechanics; hydrodynamics	8	2
朝服	cháo fú	court dress in former times	8	2
有效性	yǒu xiào xìng	validity	8	2
捂住	wǔ zhù	to cover (typically by placing a hand over sb's mouth, nose or ears etc)	8	2
披挂	pī guà	to put on a suit of armor; to put on dress; to wear	8	2
投篮	tóu lán	(basketball) to shoot for the basket	8	2
战斗部	zhàn dòu bù	warhead	8	2
总编辑	zǒng biān jí	chief editor (of newspaper)	8	2
寄主	jì zhǔ	host (of a parasite)	8	2
守御	shǒu yù	to defend	8	2
奉承	fèng cheng	to fawn on; to flatter; to ingratiate oneself	8	2
全球通	quán qiú tōng	Global System for Mobile Communications (GSM) (telecommunications)	8	2
伤寒	shāng hán	typhoid	8	2
亭子	tíng zi	pavilion	8	2
一瞬	yī shùn	one instant; very short time; the twinkle of an eye	8	2
黄道	huáng dào	(astronomy) the ecliptic	8	2
青石	qīng shí	bluestone; limestone (colloquial)	8	2
遥望	yáo wàng	to look into the distance	8	2
臣子	chén zǐ	official in feudal court; subject	8	2
纯熟	chún shú	skillful; proficient	8	2
碎屑	suì xiè	fragments; particles	8	2
漂流	piāo liú	to float on the current; to drift along or about; rafting	8	2
消化道	xiāo huà dào	digestive tract	8	2
手稿	shǒu gǎo	manuscript; script	8	2
战战兢兢	zhàn zhàn jīng jīng	trembling with fear; with fear and trepidation	8	2
情状	qíng zhuàng	situation; circumstances	8	2
忘却	wàng què	(literary) to put out of one's mind; to forget	8	2
姑且	gū qiě	for the time being; tentatively	8	2
午夜	wǔ yè	midnight	8	2
千瓦	qiān wǎ	kilowatt	8	2
劲敌	jìng dí	formidable opponent	8	2
列传	liè zhuàn	historical biography	8	2
出狱	chū yù	to be released from prison	8	2
人际	rén jì	human relationships; interpersonal	8	2
不相干	bù xiāng gān	to be irrelevant; to have nothing to do with	8	2
三重	sān chóng	treble	8	2
驱除	qū chú	to drive off; to dispel; to expel	8	2
道义	dào yì	morality; righteousness and justice	8	2
透视	tòu shì	(drawing and painting) perspective	8	2
贵金属	guì jīn shǔ	precious metal	8	2
财主	cái zhǔ	rich man; moneybags	8	2
触发	chù fā	to trigger; to spark	8	2
装填	zhuāng tián	to load; to fill (into a container)	8	2
莫不	mò bù	none doesn't; there is none who isn't; everyone	8	2
耕田	gēng tián	to cultivate soil; to till fields	8	2
离散	lí sàn	(of family members) separated from one another; scattered about; dispersed	8	2
献出	xiàn chū	to offer; to give (as tribute); to devote (one's life)	8	2
特异性	tè yì xìng	specific; specificity; idiosyncrasy	8	2
火枪	huǒ qiāng	firearms (in historical context)	8	2
木制	mù zhì	wooden	8	2
有加	yǒu jiā	extremely (placed after verb or adjective)	8	2
无与伦比	wú yǔ lún bǐ	incomparable	8	2
授课	shòu kè	to teach; to give lessons	8	2
忽而	hū ér	suddenly; now (..., now...)	8	2
屋外	wū wài	outdoors; outside	8	2
学制	xué zhì	educational system; length of schooling	8	2
妇联	fù lián	women's league; women's association	8	2
士族	shì zú	land-owning class, esp. during Wei, Jin and North-South dynasties 魏晉南北朝	8	2
冲入	chōng rù	to rush into; to break into	8	2
全歼	quán jiān	to annihilate; to wipe out completely; to exterminate	8	2
全副武装	quán fù wǔ zhuāng	fully armed; armed to the teeth; fig. fully equipped	8	2
作证	zuò zhèng	to bear witness; to testify; to serve as evidence	8	2
下地	xià dì	to go down to the fields; to get up from bed; to leave one's sickbed	8	2
隆冬	lóng dōng	midwinter; the depth of winter	8	2
贫僧	pín sēng	(humble) I (used by Buddhist monks)	8	2
设宴	shè yàn	to host a banquet	8	2
老太	lǎo tài	old lady	8	2
硬化	yìng huà	to harden; (medicine) sclerosis	8	2
百般	bǎi bān	in hundred and one ways; in every possible way; by every means	8	2
瘦子	shòu zi	thin person	8	2
男孩子	nán hái zi	boy	8	2
浸透	jìn tòu	to soak; to saturate; to drench; to permeate	8	2
排序	pái xù	to sort; to arrange in order	8	2
抗洪	kàng hóng	to fight a flood	8	2
心理学家	xīn lǐ xué jiā	psychologist	8	2
强忍	qiǎng rěn	to resist (with great difficulty)	8	2
富饶	fù ráo	fertile; richly provided	8	2
名录	míng lù	directory	8	2
司徒	sī tú	minister of land and people (in ancient times)	8	2
分身	fēn shēn	(of one who has supernatural powers) to replicate oneself so as to appear in two or more places at the same time	8	2
儿媳妇	ér xí fù	daughter-in-law	8	2
做工	zuò gōng	to work with one's hands; manual work; workmanship	8	2
久而久之	jiǔ ér jiǔ zhī	over time; as time passes; in the fullness of time	8	2
鬼魂	guǐ hún	ghost	8	2
野猪	yě zhū	wild boar (Sus scrofa)	8	2
辅导班	fǔ dǎo bān	tutorial class; remedial class; preparatory course	8	2
诸事	zhū shì	everything; every matter	8	2
聚众	jù zhòng	to gather a crowd; to muster	8	2
繁复	fán fù	complicated	8	2
祖上	zǔ shàng	ancestors; forebears	8	2
男友	nán yǒu	boyfriend	8	2
猴儿	hóu ér	little devil	8	2
淹死	yān sǐ	to drown	8	2
沉没	chén mò	to sink	8	2
核试	hé shì	nuclear test	8	2
束手无策	shù shǒu wú cè	lit. to have one's hands bound and be unable to do anything about it (idiom); fig. helpless in the face of a crisis	8	2
拦阻	lán zǔ	to block; to obstruct	8	2
成婚	chéng hūn	to get married	8	2
怒吼	nù hǒu	to bellow; to rave; to snarl	8	2
工党	gōng dǎng	worker's party; labor party	8	2
巡捕	xún bǔ	to patrol; policeman (in China's former foreign concessions)	8	2
安歇	ān xiē	to go to bed; to retire for the night	8	2
坏死	huài sǐ	necrosis	8	2
名校	míng xiào	famous school	8	2
券商	quàn shāng	securities dealer; share broker	8	2
分析家	fēn xī jiā	(political) analyst	8	2
书记处	shū ji chù	secretariat	8	2
长成	zhǎng chéng	to grow up	8	2
锯齿	jù chǐ	sawtooth	8	2
酒壶	jiǔ hú	wine pot; wine cup	8	2
责令	zé lìng	to order; to enjoin; to charge	8	2
诗意	shī yì	poetry; poetic quality or flavor	8	2
舒展	shū zhǎn	to roll out; to extend; to smooth out	8	2
脸蛋	liǎn dàn	cheek; face	8	2
环形	huán xíng	ring-shaped; (math.) annulus	8	2
洗净	xǐ jìng	to wash clean	8	2
未定	wèi dìng	undecided; indeterminate; still in doubt	8	2
无为	wú wéi	the Daoist doctrine of inaction; let things take their own course	8	2
想象力	xiǎng xiàng lì	imagination	8	2
恶性肿瘤	è xìng zhǒng liú	malignant tumor	8	2
急躁	jí zào	irritable; irascible; impetuous	8	2
姨妈	yí mā	(coll.) mother's sister; maternal aunt	8	2
冰块	bīng kuài	ice cube; ice chunk	8	2
军售	jūn shòu	arms sales	8	2
互利	hù lì	mutually beneficial	8	2
门生	mén shēng	disciple; student (of a famous master)	8	2
遭逢	zāo féng	to encounter (sth unpleasant)	8	2
说了算	shuō le suàn	to have the final say; to be the one in charge	8	2
角质	jiǎo zhì	cutin; keratin	8	2
规律性	guī lǜ xìng	regular	8	2
肉眼	ròu yǎn	naked eye; layman's eyes	8	2
真实性	zhēn shí xìng	authenticity; truthfulness; veracity	8	2
相容	xiāng róng	compatible; consistent; to tolerate (each other)	8	2
热血沸腾	rè xuè fèi téng	(idiom) to be fired up; to have one's blood racing; to be burning (with excitement, passion, anger etc)	8	2
次生	cì shēng	derivative; secondary; sub-	8	2
报国	bào guó	to dedicate oneself to the service of one's country	8	2
审时度势	shěn shí duó shì	to judge the hour and size up the situation; to take stock	8	2
季节性	jì jié xìng	seasonal	8	2
头绪	tóu xù	outline; main threads	8	2
大惊失色	dà jīng shī sè	to turn pale with fright (idiom)	8	2
大帝	dà dì	heavenly emperor; "the Great" (title)	8	2
四条	sì tiáo	four of a kind; quads (poker)	8	2
吓倒	xià dǎo	to be frightened	8	2
共存	gòng cún	to coexist	8	2
了得	liǎo de	exceptional; outstanding; dreadful	8	2
主旨	zhǔ zhǐ	gist; main idea; general tenor	8	2
中式	zhòng shì	to pass the imperial examinations	8	2
严明	yán míng	strict and impartial; firm	8	2
香火	xiāng huǒ	incense burning in front of a temple; burning joss sticks	8	2
营生	yíng shēng	to earn a living	8	2
自个儿	zì gě r	(dialect) oneself; by oneself	8	2
禽兽	qín shòu	birds and animals; creature; beast (brutal person)	8	2
沼泽地	zhǎo zé dì	marsh; swamp; everglade	8	2
核弹	hé dàn	nuclear bomb	8	2
接种	jiē zhòng	to be vaccinated; to be inoculated	8	2
必要性	bì yào xìng	necessity	8	2
心甘情愿	xīn gān qíng yuàn	delighted to (do sth, idiom); perfectly happy to do; most willing to do	8	2
工件	gōng jiàn	workpiece	8	2
对答	duì dá	to reply; to answer; response	8	2
密室	mì shì	a room for keeping sth hidden; secret room; hidden chamber	8	2
宫颈	gōng jǐng	cervix; the neck of the uterus	8	2
变相	biàn xiàng	in disguised form; covert	8	2
停靠	tíng kào	to call at; to stop at; berth	8	2
侠客	xiá kè	chivalrous person; knight-errant	8	2
优待	yōu dài	preferential treatment; to give preferential treatment	8	2
上吊	shàng diào	to hang oneself	8	2
默认	mò rèn	to agree tacitly; tacit approval; default (setting)	8	2
顷刻	qǐng kè	instantly; in no time	8	2
违抗	wéi kàng	to disobey	8	2
近前	jìn qián	to come close; to get near to; front	8	2
花厅	huā tīng	reception pavilion (generally part of a large residence, and often built in a garden)	8	2
脱险	tuō xiǎn	to get out of danger	8	2
管线	guǎn xiàn	pipeline; general term for pipes, cables etc	8	2
相干	xiāng gān	relevant; to have to do with; (physics) (of light etc) coherent	8	2
毛皮	máo pí	fur; pelt	8	2
摇动	yáo dòng	to shake; to sway	8	2
愚昧	yú mèi	ignorant; uneducated; ignorance	8	2
尽心	jìn xīn	with all of one's heart	8	2
室外	shì wài	outdoor	8	2
妙计	miào jì	excellent plan; brilliant scheme	8	2
天象	tiān xiàng	meteorological or astronomical phenomenon (e.g. rainbow or eclipse)	8	2
垂危	chuí wēi	close to death; life-threatening (illness)	8	2
土丘	tǔ qiū	mound; hillock; barrow	8	2
割裂	gē liè	to cut apart; to sever; to separate; to isolate	8	2
冒险主义	mào xiǎn zhǔ yì	adventurism (a left-wing error against Mao's line during the 1930s)	8	2
光波	guāng bō	light wave	8	2
信息系统	xìn xī xì tǒng	information system	8	2
仓皇	cāng huáng	in a panic; flurried	8	2
亲家	qìng jia	parents of one's daughter-in-law or son-in-law; relatives by marriage	8	2
一本正经	yī běn zhèng jīng	(idiom) in deadly earnest; deadpan	8	2
靠山	kào shān	patron; backer; close to a mountain	8	2
阻隔	zǔ gé	to separate; to cut off	8	2
还击	huán jī	to hit back; to return fire	8	2
跳板	tiào bǎn	springboard; jumping-off point; gangplank	8	2
诊治	zhěn zhì	to diagnose and treat	8	2
蕴含	yùn hán	to contain; to accumulate	8	2
营运	yíng yùn	running; operation (of airport, bus service, business etc)	8	2
脏器	zàng qì	internal organs	8	2
考点	kǎo diǎn	exam site; test center; key topic (to be tested in an exam)	8	2
疏远	shū yuǎn	to drift apart; to become estranged; to alienate	8	2
淋巴结	lín bā jié	lymph node; lymph gland	8	2
武职	wǔ zhí	military official; military position (i.e. job)	8	2
抵抗力	dǐ kàng lì	resistance; immunity	8	2
性急	xìng jí	impatient	8	2
导电	dǎo diàn	to conduct electricity	8	2
发号施令	fā hào shī lìng	to boss people around (idiom)	8	2
反对党	fǎn duì dǎng	opposition (political) party	8	2
先天性	xiān tiān xìng	congenital; intrinsic; innate	8	2
不顺	bù shùn	unfavorable; adverse	8	2
领海	lǐng hǎi	territorial waters	8	2
集散地	jí sàn dì	distribution center	8	2
迎风	yíng fēng	in the wind; facing the wind; downwind	8	2
转正	zhuǎn zhèng	to transfer to full membership; to obtain tenure	8	2
血红蛋白	xuè hóng dàn bái	hemoglobin	8	2
缩减	suō jiǎn	to cut; to reduce	8	2
空手	kōng shǒu	empty-handed; unarmed	8	2
稀释	xī shì	to dilute	8	2
神父	shén fu	Catholic or Orthodox priest; Father (title of address)	8	2
注目	zhù mù	attention; to stare at; to fix attention on sth	8	2
强暴	qiáng bào	violent; to rape	8	2
幼小	yòu xiǎo	young; immature	8	2
尾翼	wěi yì	empennage (of an aircraft); fletching (of an arrow); fins (of a missile, rocket etc); rear spoiler (of a car)	8	2
大抵	dà dǐ	generally speaking; by and large; for the most part	8	2
增补	zēng bǔ	to augment; to supplement; to add	8	2
功德	gōng dé	achievements and virtue	8	2
公国	gōng guó	duchy; dukedom; principality	8	2
先师	xiān shī	one's late teacher	8	2
交还	jiāo huán	to return sth; to hand back	8	2
东家	dōng jiā	master (i.e. employer); landlord; boss	8	2
不俗	bù sú	impressive; out of the ordinary	8	2
避孕	bì yùn	contraception	8	2
赌场	dǔ chǎng	casino	8	2
精光	jīng guāng	nothing left (money, food etc); all finished; bright and shiny	8	2
独到	dú dào	original	8	2
核准	hé zhǔn	to authorize; to investigate then ratify	8	2
教官	jiào guān	military instructor	8	2
提携	tí xié	to lead by the hand; to guide; to support	8	2
恐怖主义	kǒng bù zhǔ yì	terrorism	8	2
当夜	dāng yè	on that night	8	2
复出	fù chū	to come back out of retirement; to get involved again after having withdrawn	8	2
地区性	dì qū xìng	regional; local	8	2
召唤	zhào huàn	to summon; to beckon; to call	8	2
双亲	shuāng qīn	both parents	8	2
原件	yuán jiàn	the original; original document; master copy	8	2
单单	dān dān	only; merely; just	8	2
初三	chū sān	third year in junior middle school; third day of a lunar month	8	2
出师	chū shī	to finish apprenticeship; to graduate	8	2
亮度	liàng dù	brightness	8	2
雾气	wù qì	fog; mist; vapor	8	2
跟进	gēn jìn	to follow; to follow up	8	2
超额利润	chāo é lì rùn	superprofit; excess profit	8	2
诗作	shī zuò	poem; poetic works	8	2
行车	xíng chē	to drive a vehicle; movement of vehicles	8	2
行踪	xíng zōng	whereabouts; (lose) track (of)	8	2
血糖	xuè táng	blood sugar	8	2
莫名	mò míng	inexpressible; indescribable; unexplainable; inexplicable	8	2
空缺	kòng quē	vacancy	8	2
磁化	cí huà	to magnetize	8	2
看准	kàn zhǔn	to observe and make sure; to check	8	2
燃起	rán qǐ	to ignite; to light	8	2
毛细血管	máo xì xuè guǎn	capillary blood vessels	8	2
果品	guǒ pǐn	fruit	8	2
收盘	shōu pán	market close	8	2
持刀	chí dāo	to hold a knife; knife-wielding	8	2
拍马	pāi mǎ	to urge on a horse by patting its bottom; fig. to encourage	8	2
托管	tuō guǎn	trusteeship; to trust	8	2
尚可	shàng kě	not bad; satisfactory	8	2
将令	jiàng lìng	an order	8	2
增减	zēng jiǎn	to add or subtract; to increase or decrease; to go up or go down	8	2
单于	chán yú	king of the Xiongnu 匈奴	8	2
力主	lì zhǔ	advocate strongly	8	2
儒生	rú shēng	Confucian scholar (old)	8	2
使用权	shǐ yòng quán	usage rights	8	2
体育运动	tǐ yù yùn dòng	sports; athletic activities	8	2
传遍	chuán biàn	to spread widely	8	2
上交	shàng jiāo	to hand over to; to give to higher authority	8	2
鼻梁	bí liáng	bridge of the nose	8	2
赌气	dǔ qì	to act in a fit of pique; to get in a huff; to be peeved	8	2
被告人	bèi gào rén	defendant (in legal case)	8	2
行宫	xíng gōng	temporary imperial residence	8	2
胆量	dǎn liàng	courage; boldness; guts	8	2
组织者	zǔ zhī zhě	organizer	8	2
直流	zhí liú	to flow steadily; direct current (DC)	8	2
疲软	pí ruǎn	tired and feeble	8	2
灌丛	guàn cóng	scrub; shrubland; undergrowth	8	2
抒发	shū fā	to express (an emotion); to give vent	8	2
愤恨	fèn hèn	to hate; hatred; to resent	8	2
心肌	xīn jī	myocardium	8	2
圣火	shèng huǒ	sacred fire; (esp.) the Olympic flame	8	2
喷射	pēn shè	to spurt; to spray; to jet; spurt; spray; jet	8	2
听懂	tīng dǒng	to understand (on hearing); to catch (what is spoken)	8	2
半球	bàn qiú	hemisphere	8	2
几岁	jǐ suì	how old are you? (familiar, or to a child)	8	2
党籍	dǎng jí	party membership	8	2
党人	dǎng rén	party member; partisan	8	2
光度	guāng dù	luminosity	8	2
二老	èr lǎo	mother and father; parents	8	2
二元	èr yuán	duality; dual; bipolar	8	2
买下	mǎi xià	to purchase (sth expensive, e.g. a house); to acquire (a company, a copyright etc)	8	2
黄牌	huáng pái	(sports) yellow card; (fig.) admonishment	8	2
闭塞	bì sè	to stop up; to close up; hard to get to	8	2
轻薄	qīng bó	light (weight); frivolous; a philanderer	8	2
起用	qǐ yòng	to promote; to reinstate (in a position or job)	8	2
责难	zé nàn	to censure	8	2
谋划	móu huà	to scheme; to plot; conspiracy	8	2
街巷	jiē xiàng	streets and alleys; street; alley	8	2
罢市	bà shì	protest strike by merchants	8	2
笔法	bǐ fǎ	technique of writing, calligraphy or drawing	8	2
祖坟	zǔ fén	ancestral tomb	8	2
理想国	lǐ xiǎng guó	ideal state; utopia	8	2
玩弄	wán nòng	to play with; to toy with; to dally with	8	2
江边	jiāng biān	river bank	8	2
机缘	jī yuán	chance; opportunity; destiny	8	2
撤职	chè zhí	to eliminate; to sack; to remove from office	8	2
扶植	fú zhí	to foster; to support	8	2
心旷神怡	xīn kuàng shén yí	lit. heart untroubled, spirit pleased (idiom); carefree and relaxed	8	2
微量	wēi liàng	a smidgen; minute; micro-	8	2
待人	dài rén	to treat people (politely, harshly etc)	8	2
尸骨	shī gǔ	skeleton of the dead	8	2
外戚	wài qī	(historical) consort kin	8	2
图腾	tú téng	totem (loanword)	8	2
国名	guó míng	name of country	8	2
受阻	shòu zǔ	to be obstructed; to be hindered	8	2
前朝	qián cháo	the previous dynasty	8	2
伸长	shēn cháng	to stretch; to extend	8	2
不公	bù gōng	unjust; unfair	8	2
面板	miàn bǎn	panel; faceplate	8	2
酸软	suān ruǎn	aching and weary	8	2
进退	jìn tuì	to advance or retreat; knowing when to come and when to leave	8	2
行贿	xíng huì	to offer a bribe	8	2
脊背	jǐ bèi	back (of a human or other vertebrate)	8	2
美术史	měi shù shǐ	history of art	8	2
研习	yán xí	research and study	8	2
眉目	méi mù	general facial appearance; features	8	2
甘薯	gān shǔ	sweet potato; Ipomoea batatas	8	2
理论家	lǐ lùn jiā	theorist; theoretician	8	2
狠心	hěn xīn	callous; heartless; to resolve (to do sth); firm resolve (as in 下狠心)	8	2
物理量	wù lǐ liàng	physical quantity	8	2
片名	piān míng	movie title	8	2
松手	sōng shǒu	to relinquish one's grip; to let go	8	2
杀头	shā tóu	to behead	8	2
旗舰	qí jiàn	flagship	8	2
新生代	xīn shēng dài	new generation	8	2
斜坡	xié pō	slope; incline	8	2
散落	sǎn luò	to lie scattered (over an area); Taiwan pr.	8	2
提供商	tí gōng shāng	provider (company)	8	2
推倒	tuī dǎo	to push over; to overthrow	8	2
拨开	bō kāi	to push aside; to part; to brush away	8	2
名堂	míng tang	item (in a program of entertainments); trick (act of mischief)	8	2
凝望	níng wàng	to gaze at; to stare fixedly at	8	2
先人	xiān rén	ancestor; forefather; sb's late father	8	2
佩戴	pèi dài	to wear (as an accessory: jewelry, pedometer, ID card etc)	8	2
仰望	yǎng wàng	to look up at; to look up to sb hopefully	8	2
严严实实	yán yán shí shí	(sealed) tightly; (wrapped) closely; (covered) completely	8	2
不单	bù dān	not the only; not merely; not simply	8	2
集群	jí qún	clan; to clan together; to flock together	8	2
缩写	suō xiě	abbreviation; to abridge	8	2
算命	suàn mìng	fortune-telling; to tell fortune	8	2
简略	jiǎn lüè	simple; brief	8	2
男儿	nán ér	a (real) man; boy; son	8	2
游街	yóu jiē	to parade sb through the streets; to march or parade in the streets	8	2
浓烟	nóng yān	thick smoke	8	2
沉降	chén jiàng	to subside; to cave in; subsidence	8	2
杀气	shā qì	menacing air; murderous look; to vent one's anger	8	2
明晃晃	míng huǎng huǎng	shining; bright	8	2
无罪	wú zuì	innocent; guileless; not guilty (of crime)	8	2
捆绑	kǔn bǎng	to bind	8	2
技术性	jì shù xìng	technical; technological	8	2
扔掉	rēng diào	to throw away; to throw out	8	2
怎么着	zěn me zhāo	what?; how?; how about?	8	2
如期	rú qī	as scheduled; on time; punctual	8	2
免疫力	miǎn yì lì	immunity	8	2
人氏	rén shì	native; person from a particular place	8	2
五官	wǔ guān	five sense organs of TCM (nose, eyes, lips, tongue, ears 鼻目口舌耳)	8	2
个人崇拜	gè rén chóng bài	personality cult	8	2
领导层	lǐng dǎo céng	ruling class; leaders (of society); oligarchy	8	2
非典	fēi diǎn	atypical pneumonia; Severe Acute Respiratory Syndrome; SARS	8	2
闲谈	xián tán	to chat	8	2
述说	shù shuō	to recount; to narrate; to give an account of	8	2
败仗	bài zhàng	lost battle; defeat	8	2
舍弃	shě qì	to give up; to abandon; to abort	8	2
胸怀	xiōng huái	one's bosom (the seat of emotions); breast; broad-minded and open	8	2
灭火	miè huǒ	to extinguish a fire; firefighting	8	2
溪流	xī liú	stream	8	2
枪支	qiāng zhī	a gun; guns in general	8	2
故事片	gù shi piàn	fictional film; feature film	8	2
放大器	fàng dà qì	amplifier	8	2
摄政	shè zhèng	to act as regent	8	2
排行	pái háng	to rank; ranking; seniority (among siblings)	8	2
战犯	zhàn fàn	war criminal	8	2
惨烈	cǎn liè	bitter; desperate	8	2
悬浮	xuán fú	to float (in the air etc); suspension	8	2
引向	yǐn xiàng	to lead to; to draw to; to steer towards	8	2
女方	nǚ fāng	the bride's side (of a wedding); of the bride's party	8	2
奢华	shē huá	luxurious; sumptuous; lavish	8	2
城里人	chéng lǐ rén	city dweller; townspeople	8	2
回声	huí shēng	echo	8	2
假话	jiǎ huà	a lie; untrue statement; misstatement	8	2
低落	dī luò	downcast; gloomy; to decline; to get worse	8	2
不二	bù èr	the only (choice, way etc); undivided (loyalty)	8	2
逼人	bī rén	pressing; threatening	8	2
费时	fèi shí	to take time; time-consuming	8	2
谋略	móu lüè	stratagem; strategy; resourcefulness	8	2
触怒	chù nù	to anger sb; to enrage	8	2
表征	biǎo zhēng	symbol; indicator; representation	8	2
般若	bō rě	(Buddhism) wisdom; insight into the true nature of reality (from Sanskrit prajñā)	8	2
自我批评	zì wǒ pī píng	self-criticism	8	2
耗尽	hào jìn	to exhaust; to use up; to deplete	8	2
略带	lüè dài	to have (an attribute) to a small degree; to have a touch of	8	2
电离层	diàn lí céng	ionosphere	8	2
收藏家	shōu cáng jiā	a collector (e.g. of artworks)	8	2
征讨	zhēng tǎo	to go on a punitive expedition	8	2
征伐	zhēng fá	to go on or send a punitive expedition	8	2
当家	dāng jiā	to manage the household; to be the one in charge of the family	8	2
年长	nián zhǎng	senior	8	2
工钱	gōng qián	salary; wages	8	2
外传	wài chuán	to tell others (a secret); to divulge to an outsider; to be rumored	8	2
备忘录	bèi wàng lù	memorandum; aide-memoire; memorandum book	8	2
国境	guó jìng	national border; frontier	8	2
命脉	mìng mài	lifeline	8	2
匪夷所思	fěi yí suǒ sī	unimaginable; outrageous; freakish	8	2
动武	dòng wǔ	to use force; to come to blows	8	2
兵书	bīng shū	a book on the art of war	8	2
风韵	fēng yùn	charm; grace; elegant bearing (usually feminine)	8	2
颜面	yán miàn	face; prestige	8	2
雷击	léi jī	lightning strike; thunderbolt	8	2
闸门	zhá mén	sluice gate	8	2
辉映	huī yìng	to reflect; to shine	8	2
赢利	yíng lì	gain; profit; to make a profit	8	2
裁缝	cái féng	to make an item of clothing; to tailor	8	2
血泊	xuè pō	pool of blood	8	2
能级	néng jí	energy level	8	2
胶体	jiāo tǐ	colloid	8	2
礼乐	lǐ yuè	(Confucianism) rites and music (the means of regulating society)	8	2
短促	duǎn cù	short in time; fleeting; brief	8	2
皇朝	huáng cháo	the imperial court; the government in imperial times	8	2
电厂	diàn chǎng	electric power plant	8	2
用语	yòng yǔ	choice of words; wording; phraseology	8	2
犯罪分子	fàn zuì fèn zǐ	criminal; offender	8	2
特使	tè shǐ	special envoy; special ambassador	8	2
游动	yóu dòng	to move about; to go from place to place; roving	8	2
沙土	shā tǔ	sandy soil	8	2
民权	mín quán	civil liberties	8	2
核反应	hé fǎn yìng	nuclear reaction	8	2
无望	wú wàng	without hope; hopeless; without prospects	8	2
斩断	zhǎn duàn	to cut off; to chop sth in half	8	2
字符串	zì fú chuàn	string (computing)	8	2
头子	tóu zi	boss; gang leader	8	2
基座	jī zuò	underlay; foundation; pedestal	8	2
可好	kě hǎo	good or not?; luckily; fortuitously	8	2
兴致勃勃	xìng zhì bó bó	to become exhilarated (idiom); in high spirits; full of zest	8	2
公馆	gōng guǎn	residence (of sb rich or important); mansion	8	2
光复	guāng fù	to recover (territory or power)	8	2
借给	jiè gěi	to lend to sb	8	2
买入	mǎi rù	to buy (finance)	8	2
专卖	zhuān mài	monopoly; exclusive right to trade	8	2
饮宴	yǐn yàn	banquet; dinner; drinking party	8	2
锐利	ruì lì	sharp; keen; acute	8	2
车队	chē duì	motorcade; convoy (CL:列); fleet of vehicles	8	2
豪迈	háo mài	bold; open-minded; heroic	8	2
要犯	yào fàn	major criminal	8	2
蔑视	miè shì	to loathe; to despise; contempt	8	2
致密	zhì mì	fine; dense; compact	8	2
肥力	féi lì	fertility (of soil)	8	2
神明	shén míng	deities; gods	8	2
物理化学	wù lǐ huà xué	physical chemistry	8	2
洞开	dòng kāi	to be wide open	8	2
法名	fǎ míng	name in religion (of Buddhist or Daoist within monastery); same as 法號	8	2
歌功颂德	gē gōng sòng dé	to sing sb's praises (mostly derogatory)	8	2
横冲直撞	héng chōng zhí zhuàng	(idiom) to barge through, jostling and elbowing; to charge around; to rampage	8	2
时至今日	shí zhì jīn rì	(idiom) up to the present; even now; now (in contrast with the past)	8	2
散乱	sǎn luàn	in disorder; messy; Taiwan pr.	8	2
掩埋	yǎn mái	to bury	8	2
拳击	quán jī	boxing	8	2
尖刀	jiān dāo	dagger	8	2
小店	xiǎo diàn	small store	8	2
天仙	tiān xiān	immortal (esp. female); deity; fairy	8	2
夏日	xià rì	summertime	8	2
动量	dòng liàng	momentum	8	2
加速度	jiā sù dù	acceleration	8	2
光束	guāng shù	light beam	8	2
先烈	xiān liè	martyr	8	2
低微	dī wēi	meager (wages); humble (social status); feeble (voice)	8	2
仿真	fǎng zhēn	to emulate; to simulate; emulation	8	2
今儿个	jīn r ge	(coll.) today	8	2
乱石	luàn shí	rocks; stones; rubble	8	2
九天	jiǔ tiān	the ninth heaven; the highest of the heavens	8	2
上访	shàng fǎng	to seek an audience with higher-ups (esp. government officials) to petition for sth	8	2
霸道	bà dào	the Way of the Hegemon; despotic rule; rule by might	8	2
踏进	tà jìn	to set foot in; to tread (in or on); to walk into	8	2
街市	jiē shì	downtown area; commercial district	8	2
禁毒	jìn dú	drug prohibition	8	2
球门	qiú mén	goalmouth (in soccer)	8	2
渔人	yú rén	fisherman	8	2
歌谣	gē yáo	folksong; ballad; nursery rhyme	8	2
根系	gēn xì	root system	8	2
报应	bào yìng	(Buddhism) divine retribution; karma	8	2
报业	bào yè	newspaper industry	8	2
抚慰	fǔ wèi	to console; to comfort; to soothe	8	2
折回	zhé huí	to turn back; to retrace one's steps	8	2
执事	zhí shì	to perform one's job; attendant; job	8	2
手书	shǒu shū	to write personally; personal letter	8	2
房舍	fáng shè	house; building	8	2
强奸	qiáng jiān	to rape	8	2
封存	fēng cún	to sequester; to seal up (for safe keeping); to freeze (an account)	8	2
头巾	tóu jīn	cloth head covering worn by men in ancient times	8	2
咱家	zá jiā	I; me; my	8	2
可逆	kě nì	reversible; (math.) invertible	8	2
取舍	qǔ shě	to select; to make one's choice; to decide what to accept and what to reject	8	2
协约国	xié yuē guó	Allies; entente (i.e. Western powers allied to China in WW1)	8	2
兵制	bīng zhì	military system	8	2
倒腾	dǎo teng	to move; to shift; to exchange	8	2
倒像	dào xiàng	(optics) inverted image	8	2
俭朴	jiǎn pǔ	thrifty and simple	8	2
云梯	yún tī	(military) ladder used for scaling the walls of a fortified place (i.e. for escalading) in ancient times	8	2
主攻	zhǔ gōng	main assault; to focus on; to specialize in	8	2
不言而喻	bù yán ér yù	(idiom) it goes without saying; it is self-evident	8	2
长生	cháng shēng	long life	8	2
钦定	qīn dìng	to authorize; to designate	8	2
重病	zhòng bìng	serious illness	8	2
避风	bì fēng	to take shelter from the wind; to lie low; to stay out of trouble	8	2
造船厂	zào chuán chǎng	dockyard; shipyard	8	2
跪拜	guì bài	to kowtow; to kneel and worship	8	2
行之有效	xíng zhī yǒu xiào	to be effective (idiom)	8	2
绝无仅有	jué wú jǐn yǒu	one and only (idiom); rarely seen; unique of its kind	8	2
站点	zhàn diǎn	a place set up to serve a specific function (train station, bus stop, toll plaza, bike rental station, meteorological station etc)	8	2
税率	shuì lǜ	tax rate	8	2
现时	xiàn shí	current	8	2
独裁者	dú cái zhě	dictator; autocrat	8	2
牧草	mù cǎo	pasture grass; fodder	8	2
清秀	qīng xiù	delicate and pretty	8	2
清热	qīng rè	to alleviate fever (medicine); to clear internal heat (Chinese medicine)	8	2
检疫	jiǎn yì	quarantine	8	2
柔情	róu qíng	gentle feelings; tender sentiments	8	2
未婚	wèi hūn	unmarried	8	2
含泪	hán lèi	tearful; tearfully	8	2
同名	tóng míng	of the same name; homonymous; self-titled (album)	8	2
反导	fǎn dǎo	anti-missile	8	2
分派	fēn pài	to assign (a task to different people); to allocate	8	2
震颤	zhèn chàn	to tremble; to quiver	8	2
选择性	xuǎn zé xìng	selective; selectiveness; selectivity	8	2
轻度	qīng dù	mild (symptoms etc)	8	2
账目	zhàng mù	accounts; financial records; accounting entry	8	2
贝类	bèi lèi	shellfish; mollusks	8	2
诚心	chéng xīn	sincerity	8	2
菜篮子	cài lán zi	vegetable or food basket; (fig.) food supply	8	2
茶碗	chá wǎn	teacup	8	2
红肿	hóng zhǒng	inflamed; red and swollen	8	2
站稳	zhàn wěn	to stand firm	8	2
甲级	jiǎ jí	first rate; top class; excellent	8	2
甜味剂	tián wèi jì	sweetener (food additive)	8	2
爵位	jué wèi	order of feudal nobility, namely: Duke 公, Marquis 侯, Count 伯, Viscount 子, Baron 男	8	2
深陷	shēn xiàn	to be deeply in (trouble, debt etc); deep set (eyes)	8	2
气孔	qì kǒng	air-bubble; pore; stoma	8	2
毁掉	huǐ diào	to destroy	8	2
普遍性	pǔ biàn xìng	ubiquity; universality	8	2
教头	jiào tóu	sporting coach; military drill master (in Song times)	8	2
撰文	zhuàn wén	to write an article	8	2
拼死	pīn sǐ	to go all out for sth at risk of one's life	8	2
成形	chéng xíng	to take shape; shaping; forming	8	2
弹壳	dàn ké	ammunition case	8	2
废水	fèi shuǐ	waste water; drain water; effluent	8	2
岛国	dǎo guó	island nation (sometimes refers specifically to Japan)	8	2
小说家	xiǎo shuō jiā	novelist	8	2
实务	shí wù	practice (customary action, as opposed to theory); practical	8	2
学识	xué shí	erudition; scholarly knowledge	8	2
基团	jī tuán	radical (chemistry)	8	2
唱戏	chàng xì	to perform in opera	8	2
同心	tóng xīn	to be of one mind; united; concentric	8	2
升职	shēng zhí	to get promoted (at work etc); promotion	8	2
冠心病	guān xīn bìng	coronary heart disease	8	2
二号	èr hào	2nd day of the month	8	2
举足轻重	jǔ zú qīng zhòng	to play a critical role (idiom); influential	8	2
中用	zhōng yòng	useful; helpful; Taiwan pr.	8	2
高频	gāo pín	high frequency	8	2
配方	pèi fāng	prescription; cooking recipe; formulation	8	2
连累	lián lei	to implicate; to get (sb) into trouble; also pr. or	8	2
肿胀	zhǒng zhàng	swelling; oedema; internal bruising	8	2
翻腾	fān téng	(of water, waves, emotions etc) to churn; to surge; to seethe	8	2
私心	sī xīn	selfishness; selfish motives	8	2
省悟	xǐng wù	to wake up to reality; to come to oneself; to realize	8	2
白骨	bái gǔ	bones of the dead	8	2
病逝	bìng shì	to die of illness	8	2
消瘦	xiāo shòu	to waste away; to become thin	8	2
没底	méi dǐ	unsure; uncertain; unending	8	2
日日	rì rì	every day	8	2
手足无措	shǒu zú wú cuò	at a loss to know what to do (idiom); bewildered	8	2
感受器	gǎn shòu qì	sensory receptor	8	2
常任	cháng rèn	permanent	8	2
封冻	fēng dòng	to freeze over (of water or land)	8	2
家业	jiā yè	family property	8	2
国界	guó jiè	national boundary; border between countries	8	2
嚷嚷	rāng rang	to argue noisily; to shout; to make widely known	8	2
同僚	tóng liáo	colleague; coworker	8	2
史学家	shǐ xué jiā	historian	8	2
分神	fēn shén	to give some attention to; to divert one's attention; to be distracted	8	2
击沉	jī chén	to attack and sink (a ship)	8	2
做为	zuò wéi	to act as; used erroneously for 作為	8	2
偏将	piān jiàng	deputy general	8	2
倘或	tǎng huò	if; supposing that	8	2
上万	shàng wàn	over ten thousand; fig. untold numbers; innumerable	8	2
一统	yī tǒng	to unify; unified	8	2
龙骨	lóng gǔ	"dragon bones" (fossilized animal bones or teeth, used in TCM)	8	2
飞升	fēi shēng	to fly upwards; (fig.) to rise; to increase	8	2
闭合	bì hé	to close by coming together (like the lips of a wound, the doors of an elevator, the walls of a channel)	8	2
选择题	xuǎn zé tí	multiple-choice question	8	2
进化论	jìn huà lùn	theory of evolution; (esp.) Darwinism	8	2
过目	guò mù	to look over	8	2
试制	shì zhì	to try out a new product (or manufacturing process); prototype	8	2
译文	yì wén	translated text	8	2
茶楼	chá lóu	teahouse (usu. of two stories)	8	2
绒毛	róng máo	fur; down (soft fur); villi capillary (in the small intestine)	8	2
烧死	shāo sǐ	to burn to death	8	2
泪花	lèi huā	tears in the eyes	8	2
毒辣	dú là	cruel; sinister; vicious	8	2
机会主义	jī huì zhǔ yì	opportunism; pragmatism	8	2
服药	fú yào	to take medicine	8	2
投影	tóu yǐng	to project; a projection	8	2
戏剧性	xì jù xìng	dramatic	8	2
惊呆	jīng dāi	stupefied; stunned	8	2
心眼	xīn yǎn	heart; intention; conscience	8	2
弹射	tán shè	to catapult; to launch; to eject (from a plane)	8	2
引路	yǐn lù	to guide; to show the way	8	2
应得	yīng dé	to deserve	8	2
地宫	dì gōng	underground palace (as part of imperial tomb)	8	2
同归于尽	tóng guī yú jìn	to die in such a way that sb (or sth) else also perishes	8	2
叠加	dié jiā	to superimpose; to layer; to overlay	8	2
功过	gōng guò	merits and demerits; contributions and errors	8	2
刚体	gāng tǐ	rigid body	8	2
军港	jūn gǎng	naval port; naval base	8	2
乳汁	rǔ zhī	milk; (botany) latex	8	2
主政	zhǔ zhèng	to lead a government	8	2
上月	shàng yuè	last month	8	2
阴毒	yīn dú	sinister; insidious	8	2
闪亮	shǎn liàng	brilliant; shiny; a flare	8	2
长年	cháng nián	all the year round	8	2
铸成	zhù chéng	to cast in metal; (fig.) to forge; to fashion	8	2
采摘	cǎi zhāi	to pluck; to pick	8	2
过问	guò wèn	to show an interest in; to get involved with	8	2
跳进	tiào jìn	to plunge into; to jump into	8	2
警示	jǐng shì	to warn; to alert; warning	8	2
裂开	liè kāi	to split open	8	2
英尺	yīng chǐ	foot (unit of length equal to 0.3048 m)	8	2
舞动	wǔ dòng	to move as in a dance; to wave (some implement); to flourish	8	2
缔造	dì zào	to found; to create	8	2
稻田	dào tián	paddy field; rice paddy	8	2
水银	shuǐ yín	mercury; quicksilver	8	2
此时此刻	cǐ shí cǐ kè	at this very moment	8	2
榨油	zhà yóu	to extract oil from vegetables; to press	8	2
棉布	mián bù	cotton cloth	8	2
样样	yàng yàng	all kinds	8	2
族长	zú zhǎng	clan elder	8	2
抽查	chōu chá	random inspection; to do a spot check	8	2
抄家	chāo jiā	to search a house and confiscate possessions	8	2
患难	huàn nàn	trials and tribulations	8	2
微臣	wēi chén	this small official; humble servant	8	2
守恒	shǒu héng	conservation (e.g. of energy, momentum or heat in physics)	8	2
大潮	dà cháo	spring tide; (fig.) momentous social change	8	2
坦言	tǎn yán	to say candidly; to acknowledge frankly	8	2
决策者	jué cè zhě	policymaker	8	2
俯冲	fǔ chōng	to dive down fast; to swoop down	8	2
供职	gòng zhí	to hold an office or post	8	2
乡下人	xiāng xià rén	country folk; rustic; rural folk	8	2
丈量	zhàng liáng	to measure; measurement	8	2
铸币	zhù bì	coin; to mint (coins)	8	2
谋士	móu shì	skilled manipulator; tactician; strategist	8	2
调配	diào pèi	to allocate; to deploy	8	2
讲义	jiǎng yì	teaching materials	8	2
警备	jǐng bèi	guard; garrison	8	2
裸体	luǒ tǐ	naked	8	2
虚名	xū míng	false reputation	8	2
薪金	xīn jīn	salary; wage	8	2
营寨	yíng zhài	barracks	8	2
舞剧	wǔ jù	dance drama; ballet	8	2
自强	zì qiáng	to strive for self-improvement	8	2
老外	lǎo wài	(coll.) foreigner (esp. non Asian person); layman; amateur	8	2
管理员	guǎn lǐ yuán	manager; administrator	8	2
映照	yìng zhào	to shine upon; to reflect	8	2
星团	xīng tuán	star cluster	8	2
微量元素	wēi liàng yuán sù	trace element (chemistry)	8	2
影射	yǐng shè	to refer obliquely to; to insinuate; innuendo	8	2
彩云	cǎi yún	rosy clouds	8	2
居留	jū liú	to reside	8	2
七零八落	qī líng bā luò	(idiom) everything broken and in disorder	8	2
飞马	fēi mǎ	at the gallop	8	2
静态	jìng tài	static; sedate; quiet	8	2
躯干	qū gàn	trunk; torso	8	2
负重	fù zhòng	(lit. and fig.) to carry a heavy load; to carry a heavy burden	8	2
衣冠	yī guān	hat and clothes; attire	8	2
胎盘	tāi pán	placenta	8	2
疫情	yì qíng	epidemic situation	8	2
枪炮	qiāng pào	firearm	8	2
支架	zhī jià	trestle; support; stand; frame; (medicine) stent; to prop up	8	2
搜索引擎	sōu suǒ yǐn qíng	search engine	8	2
排外	pái wài	xenophobic; anti-foreigner	8	2
拆解	chāi jiě	to disassemble	8	2
急匆匆	jí cōng cōng	hurried; hasty	8	2
念珠	niàn zhū	prayer beads; rosary; rosary beads	8	2
忧伤	yōu shāng	distressed; laden with grief	8	2
心绪	xīn xù	state of mind; mood	8	2
微光	wēi guāng	glimmer	8	2
差役	chāi yì	forced labor of feudal tenant (corvée); bailiff of feudal yamen	8	2
实数	shí shù	real number (math.); actual value	8	2
大兵	dà bīng	soldier; large army; powerful army	8	2
原委	yuán wěi	the whole story	8	2
初冬	chū dōng	early winter	8	2
出乎意料	chū hū yì liào	(idiom) unexpected	8	2
会馆	huì guǎn	provincial or county guild hall	8	2
交手	jiāo shǒu	to fight hand to hand	8	2
一举成名	yī jǔ chéng míng	(idiom) to become famous in one stroke; to shoot to fame (originally referred to passing the imperial examination)	8	2
饰演	shì yǎn	to act; to play a part	8	2
领主	lǐng zhǔ	feudal lord; suzerain; overlord	8	2
身长	shēn cháng	height (of person)	8	2
行医	xíng yī	to practice medicine (esp. in private practice)	8	2
血泪	xuè lèi	tears of blood (symbol of extreme suffering); blood and tears	8	2
胆大	dǎn dà	daring; bold; audacious	8	2
立志	lì zhì	to be determined; to be resolved	8	2
瞎说	xiā shuō	to talk drivel	8	2
漫天	màn tiān	lit. to fill the whole sky; everywhere; as far as the eye can see	8	2
浅色	qiǎn sè	light color	8	2
月色	yuè sè	moonlight	8	2
挤满	jǐ mǎn	crowded to bursting point; filled to overflowing; jam-packed	8	2
引爆	yǐn bào	to ignite; to detonate	8	2
干尸	gān shī	desiccated corpse; mummified body	8	2
宿主	sù zhǔ	(biology) host	8	2
口口声声	kǒu kou shēng shēng	to keep on saying (idiom); to repeat over and over again	8	2
友爱	yǒu ài	friendly affection; fraternal love	8	2
勘测	kān cè	to investigate; to survey	8	2
功业	gōng yè	achievement; outstanding work; glorious deed	8	2
乐团	yuè tuán	band; orchestra	8	2
不消	bù xiāo	to not need; needless (to say)	8	2
不悦	bù yuè	displeased; annoyed	8	2
不做声	bù zuò shēng	keep silent; not say a word	8	2
锐减	ruì jiǎn	steep decline	8	2
退还	tuì huán	to return (sth borrowed etc); to send back; to refund; to rebate	8	2
过夜	guò yè	to spend the night; overnight	8	2
语调	yǔ diào	intonation; tone of voice	8	2
训练场	xùn liàn chǎng	training ground	8	2
袍子	páo zi	Chinese-style gown	8	2
血性	xuè xìng	brave; staunch; unyielding	8	2
药丸	yào wán	pill	8	2
茶壶	chá hú	teapot	8	2
胚珠	pēi zhū	ovule	8	2
破坏性	pò huài xìng	destructive	8	2
皮下	pí xià	under the skin; subcutaneous (injection)	8	2
火山口	huǒ shān kǒu	volcanic crater	8	2
满腹	mǎn fù	filled with; preoccupied with	8	2
清净	qīng jìng	peaceful; quiet; tranquil	8	2
液化	yè huà	to liquefy	8	2
派系	pài xì	sect; faction	8	2
洗衣	xǐ yī	laundry	8	2
法师	fǎ shī	one who has mastered the sutras (Buddhism)	8	2
气死	qì sǐ	to infuriate; to be furious; to die from an excess of anger	8	2
格调	gé diào	style (of art or literature); form; one's work style	8	2
撒手	sā shǒu	to let go of sth; to give up	8	2
打分	dǎ fēn	to grade; to give a mark	8	2
戏台	xì tái	stage	8	2
感悟	gǎn wù	to come to realize; to appreciate (feelings)	8	2
应考	yìng kǎo	to take an exam	8	2
年收入	nián shōu rù	annual income	8	2
就业率	jiù yè lǜ	employment rate	8	2
家主	jiā zhǔ	head of a household	8	2
实属	shí shǔ	(to) really (be)	8	2
天边	tiān biān	horizon; ends of the earth; remotest places	8	2
名目	míng mù	name; designation; item	8	2
吊桥	diào qiáo	drawbridge; suspension bridge	8	2
压强	yā qiáng	pressure (physics)	8	2
凑近	còu jìn	to approach; to lean close to	8	2
减去	jiǎn qù	minus; to subtract	8	2
养分	yǎng fèn	nutrient	8	2
借钱	jiè qián	to borrow money; to lend money	8	2
低压	dī yā	low pressure; low voltage	8	2
不慌不忙	bù huāng bù máng	(idiom) calm; unhurried; composed	8	2
下文	xià wén	the text below; the following text	8	2
饱受	bǎo shòu	to endure; to suffer; to be subjected to	8	2
鄙夷	bǐ yí	to despise; to look down on; to feel contempt for	8	2
评说	píng shuō	to comment; to evaluate	8	2
私家	sī jiā	private; privately owned or managed	8	2
社会关系	shè huì guān xì	social relation	8	2
石匠	shí jiàng	stonemason	8	2
电解	diàn jiě	electrolysis; electrolytic	8	2
渺茫	miǎo máng	uncertain; remote; distant and indistinct	8	2
河套	hé tào	river bend	8	2
开幕词	kāi mù cí	opening speech (at a conference)	8	2
屠刀	tú dāo	butcher's knife; abattoir hatchet	8	2
客体	kè tǐ	object (philosophy)	8	2
学徒	xué tú	apprentice; to serve an apprenticeship	8	2
奸细	jiān xi	a spy; a crafty person	8	2
剥蚀	bō shí	to corrode; to expose by corrosion (geology)	8	2
切合	qiè hé	to fit in with; to suit; appropriate	8	2
公牛	gōng niú	bull	8	2
你死我活	nǐ sǐ wǒ huó	lit. you die, I live (idiom); irreconcilable adversaries	8	2
亲事	qīn shì	marriage	8	2
交换价值	jiāo huàn jià zhí	exchange value	8	2
专管	zhuān guǎn	to be in charge of something specific	8	2
下定决心	xià dìng jué xīn	to make a firm resolution	8	2
默不作声	mò bù zuò shēng	to keep silent	8	2
骨灰	gǔ huī	bone ash; cremation ashes; cremains	8	2
音调	yīn diào	pitch of voice (high or low); pitch (of a musical note); tone	8	2
配子	pèi zǐ	gamete	8	2
近况	jìn kuàng	recent developments; current circumstances	8	2
赞誉	zàn yù	to praise; to acclaim	8	2
航向	háng xiàng	course; direction (a ship or plane is heading in)	8	2
绣花	xiù huā	to embroider; to do embroidery	8	2
粉红	fěn hóng	pink	8	2
称颂	chēng sòng	to praise	8	2
离别	lí bié	to leave (on a long journey); to part from sb	8	2
磁矩	cí jǔ	magnetic moment	8	2
殊荣	shū róng	special glory; distinction; rare honor	8	2
枪法	qiāng fǎ	marksmanship	8	2
推论	tuī lùn	to infer; inference; corollary	8	2
捷径	jié jìng	shortcut	8	2
指战员	zhǐ zhàn yuán	PLA commanders and fighters	8	2
徒手	tú shǒu	with bare hands; unarmed; fighting hand-to-hand	8	2
开往	kāi wǎng	(of a bus, train etc) to leave for; heading for	8	2
尔后	ěr hòu	henceforth; thereafter; subsequently	8	2
如若	rú ruò	if	8	2
声东击西	shēng dōng jī xī	to threaten the east and strike to the west (idiom)	8	2
培植	péi zhí	to cultivate; to train; cultivation	8	2
可见光	kě jiàn guāng	visible light; light in optical spectrum	8	2
医疗保险	yī liáo bǎo xiǎn	medical insurance	8	2
区域性	qū yù xìng	regional	8	2
依恋	yī liàn	to be fondly attached to; to not wish to part with; to cling to	8	2
人命	rén mìng	human life	8	2
乐府	yuè fǔ	yuefu (Chinese style of lyric poetry)	8	2
举起	jǔ qǐ	to heave; to lift; to raise up	8	2
丧命	sàng mìng	to lose one's life	8	2
门道	mén dào	doorway; gateway	8	2
进逼	jìn bī	to advance on sth; to press closely (on some goal)	8	2
过重	guò zhòng	overweight (luggage)	8	2
角膜	jiǎo mó	cornea	8	2
观战	guān zhàn	to watch from the sidelines	8	2
笔下	bǐ xià	the wording and purport of what one writes	8	2
督办	dū bàn	to oversee; to supervise; superintendent	8	2
生人	shēng rén	stranger; living person; to give birth	8	2
派生	pài shēng	to produce (from sth else); to derive (from raw material); derivative	8	2
水田	shuǐ tián	paddy field; rice paddy	8	2
死战	sǐ zhàn	to fight to the death	8	2
有情	yǒu qíng	to be in love; sentient beings (Buddhism)	8	2
打点	dǎ dian	to bribe; to get (luggage) ready; to put in order	8	2
差使	chāi shǐ	to send; to assign; to appoint	8	2
小楼	xiǎo lóu	small multi-story building; modest house with two or more floors	8	2
大声疾呼	dà shēng jí hū	to call loudly (idiom); to get people's attention	8	2
吼叫	hǒu jiào	to howl; to bellow; to yell	8	2
化名	huà míng	to go by an alias; to assume a false name	8	2
包头	bāo tóu	turban; headband	8	2
办公桌	bàn gōng zhuō	office desk	8	2
光大	guāng dà	splendid; magnificent	8	2
假山	jiǎ shān	rock garden; rockery	8	2
亲眼目睹	qīn yǎn mù dǔ	to see for oneself; to see with one's own eyes	8	2
高寒	gāo hán	high and cold (mountain area)	8	2
面纱	miàn shā	veil	8	2
识破	shí pò	to penetrate; to see through	8	2
讲台	jiǎng tái	platform; podium; rostrum; lectern; (teacher's) desk	8	2
规避	guī bì	to evade; to dodge	8	2
规整	guī zhěng	according to a pattern; regular; orderly	8	2
要务	yào wù	key task; important affair	8	2
纠集	jiū jí	to gather together; to muster	8	2
章节	zhāng jié	chapter; section	8	2
空域	kōng yù	airspace	8	2
相加	xiāng jiā	to add up (numbers)	8	2
盘问	pán wèn	to interrogate; to cross-examine; to inquire	8	2
瘦削	shòu xuē	slim	8	2
灵敏度	líng mǐn dù	(level of) sensitivity	8	2
消散	xiāo sàn	to dissipate	8	2
水兵	shuǐ bīng	enlisted sailor in navy	8	2
支持者	zhī chí zhě	supporter	8	2
废止	fèi zhǐ	to repeal (a law); to put an end to; abolition	8	2
平房	píng fáng	bungalow; single-story house	8	2
壮阔	zhuàng kuò	grand; majestic; vast	8	2
合为	hé wéi	to combine	8	2
变种	biàn zhǒng	(biology) a mutation; a variety; a variant; a variety	8	2
发球	fā qiú	(tennis etc) to serve; (golf) to tee off	8	2
反对票	fǎn duì piào	dissenting vote	8	2
双人	shuāng rén	two-person; double; pair	8	2
匀称	yún chèn	well proportioned; well shaped	8	2
到头	dào tóu	to the end (of); at the end of; in the end	8	2
倾倒	qīng dǎo	to topple over; to fall over	8	2
不符	bù fú	inconsistent; not in agreement with; not agree or tally with	8	2
不息	bù xī	continually; without a break; ceaselessly	8	2
高歌	gāo gē	to sing loudly; to lift one's voice in song	8	2
阶段性	jiē duàn xìng	specific to a particular stage (of a project etc); interim (policy etc)	8	2
阅兵	yuè bīng	to review troops; military parade	8	2
长石	cháng shí	(mineralogy) feldspar	8	2
重赏	zhòng shǎng	ample reward; to reward generously	8	2
见状	jiàn zhuàng	upon seeing this, ...; in response, ...	8	2
花冠	huā guān	corolla	8	2
节庆	jié qìng	festival	8	2
膏药	gāo yao	herbal plaster applied to a wound	8	2
等同	děng tóng	to equate; equal to	8	2
程式	chéng shì	form; pattern; formula	8	2
石棺	shí guān	sarcophagus	8	2
督战	dū zhàn	to oversee combat operations	8	2
用量	yòng liàng	quantity used; usage; consumption; dose	8	2
特许	tè xǔ	license; licensed; concession	8	2
染上	rǎn shàng	to catch (a disease); to get (a bad habit)	8	2
木料	mù liào	lumber; timber	8	2
暖阁	nuǎn gé	warm room; warm partition of a room	8	2
敲打	qiāo dǎ	to beat sb; to beat (a drum)	8	2
挽联	wǎn lián	pair of parallel verses inscribed on streamers, used as funeral decoration	8	2
挽留	wǎn liú	to urge to stay; to detain	8	2
承运	chéng yùn	to provide transport; to accept the Mandate of Heaven	8	2
快感	kuài gǎn	pleasure; thrill; delight	8	2
必经	bì jīng	unavoidable; the only (road, entrance etc)	8	2
延迟	yán chí	to delay; to postpone; to keep putting sth off	8	2
就绪	jiù xù	to be ready; to be in order	8	2
就学	jiù xué	to attend school	8	2
宽裕	kuān yù	comfortably off; ample; plenty	8	2
威猛	wēi měng	bold and powerful	8	2
大神	dà shén	deity; (Internet slang) guru; expert	8	2
吞没	tūn mò	to embezzle; to swallow up; to engulf	8	2
合理性	hé lǐ xìng	reason; rationality; rationale	8	2
兴冲冲	xìng chōng chōng	full of joy and expectations; animatedly	8	2
仓促	cāng cù	all of a sudden; hurriedly	8	2
亮光	liàng guāng	light; beam of light; gleam of light	8	2
一跃而起	yī yuè ér qǐ	to jump up suddenly; to bound up; to rise up in one bound	8	2
风寒	fēng hán	wind chill; cold weather; common cold (medicine)	8	2
阻击	zǔ jī	to check; to stop	8	2
调任	diào rèn	to transfer; to move to another post	8	2
记忆力	jì yì lì	faculty of memory; ability to remember	8	2
计数	jì shù	to count; reckoning	8	2
裂隙	liè xì	gap; slit; crack; crevice; fracture	8	2
草药	cǎo yào	herbal medicine	8	2
聪明才智	cōng ming cái zhì	intelligence and ability	8	2
结结巴巴	jiē jiē bā ba	stammeringly	8	2
纤细	xiān xì	fine; slim; tender	8	2
箭头	jiàn tóu	arrowhead; arrow symbol	8	2
称霸	chēng bà	lit. to proclaim oneself hegemon; to take a leading role	8	2
烛台	zhú tái	candlestick; candle holder	8	2
涌动	yǒng dòng	(of water, people, thoughts etc) to surge; to well up and flow; to move in waves	8	2
海平面	hǎi píng miàn	sea level	8	2
沉痛	chén tòng	grief; remorse; deep in sorrow	8	2
林地	lín dì	woodland	8	2
心痛	xīn tòng	to feel distressed about sth; heartache; cardiac pain	8	2
市值	shì zhí	market capitalization; market value	8	2
小鸟	xiǎo niǎo	small bird; young bird (hatchling, nestling, fledgling, chick)	8	2
小巷	xiǎo xiàng	alley	8	2
娃儿	wá ér	children (colloquial)	8	2
古书	gǔ shū	ancient book; old book	8	2
反应堆	fǎn yìng duī	reactor	8	2
单层	dān céng	single layer; single story; single deck	8	2
化作	huà zuò	to change into; to turn into; to become	8	2
保级	bǎo jí	(sports) to avoid relegation to a lower division	8	2
休整	xiū zhěng	to rest and reorganize (military)	8	2
主线	zhǔ xiàn	main line (of communication); main thread (of a plotline or concept)	8	2
下狱	xià yù	to imprison	8	2
驾崩	jià bēng	(of an emperor) to pass away	8	2
闪开	shǎn kāi	to get out of the way	8	2
银钱	yín qián	silver money (in former times)	8	2
豁然	huò rán	wide and open; a flash of understanding	8	2
裂谷	liè gǔ	(geology) rift valley	8	2
血小板	xuè xiǎo bǎn	blood platelet	8	2
蛮子	mán zi	barbarian; slave servant	8	2
良民	liáng mín	good people; ordinary people (i.e. not the lowest class)	8	2
至上	zhì shàng	supreme; paramount; above all else	8	2
穿孔	chuān kǒng	to punch a hole; to perforate; (medicine) perforation	8	2
禁运	jìn yùn	embargo; export ban (e.g. on weapons)	8	2
目视	mù shì	to look at; to visually observe (i.e. not using instruments or sensors)	8	2
玄学	xuán xué	Wei and Jin philosophical school amalgamating Daoist and Confucian ideals	8	2
特派	tè pài	special appointment; special correspondent; task force	8	2
片断	piàn duàn	section; fragment; segment	8	2
殊不知	shū bù zhī	little imagined; scarcely realized	8	2
次于	cì yú	second after; second only to	8	2
枪械	qiāng xiè	firearm	8	2
早先	zǎo xiān	previously; before	8	2
散居	sǎn jū	(of a group of people) to live scattered over an area	8	2
收兵	shōu bīng	to retreat; to withdraw troops; to recall troops	8	2
提纲	tí gāng	outline; synopsis; notes	8	2
挪用	nuó yòng	to shift (funds)	8	2
情理	qíng lǐ	reason; sense	8	2
并举	bìng jǔ	to develop simultaneously; to undertake concurrently	8	2
屋面	wū miàn	roof	8	2
宽慰	kuān wèi	to console; to soothe; relieved	8	2
名门	míng mén	famous family; prestigious house	8	2
制胜	zhì shèng	to win; to prevail; to come out on top	8	2
别有用心	bié yǒu yòng xīn	to have an ulterior motive (idiom)	8	2
兵变	bīng biàn	mutiny; (Tw) to be dumped by one's girlfriend while serving in the army	8	2
八哥	bā ge	(bird species of China) crested myna (Acridotheres cristatellus)	8	2
入住	rù zhù	to check in (at a hotel etc); to move into (a house)	8	2
飘荡	piāo dàng	to drift; to wave; to float on the waves	8	2
青霉素	qīng méi sù	(pharmacology) penicillin	8	2
辛辛苦苦	xīn xīn kǔ kǔ	painstakingly; with great trouble	8	2
轻敌	qīng dí	to underestimate the enemy	8	2
血战	xuè zhàn	bloody battle	8	2
脑壳	nǎo ké	(coll.) head; skull; (fig.) brains (mental capacity)	8	2
缓冲	huǎn chōng	buffer; to cushion; to adjust to sharp changes	8	2
祭器	jì qì	ritual dishes; sacrificial vessels	8	2
现世	xiàn shì	this life; to lose face; to be disgraced	8	2
汗珠	hàn zhū	beads of sweat	8	2
星空	xīng kōng	starry sky; the star-studded heavens	8	2
早起	zǎo qǐ	to get up early	8	2
无谓	wú wèi	pointless; meaningless; unnecessarily	8	2
敲响	qiāo xiǎng	to sound a bell; to raise the alarm	8	2
故作	gù zuò	to pretend; to feign	8	2
攻防	gōng fáng	to attack and defend (usu. in reference to opposing sides, but can be one party playing both roles)	8	2
我方	wǒ fāng	our side; we	8	2
引申	yǐn shēn	to extend (the meaning of a word, an analogy etc); derivation	8	2
应运而生	yìng yùn ér shēng	to emerge to meet a historic destiny (idiom)	8	2
工业品	gōng yè pǐn	manufactured goods	8	2
失当	shī dàng	inappropriate; improper	8	2
大难	dà nàn	great catastrophe	8	2
员外	yuán wài	landlord (old usage)	8	2
名不虚传	míng bù xū chuán	(idiom) to live up to one's famous name; its reputation is well deserved	8	2
受精	shòu jīng	to be fertilized; to be inseminated	8	2
区间	qū jiān	delimited area; defined section of a train or bus route; numerical range	8	2
化学性质	huà xué xìng zhì	chemical property	8	2
勘察	kān chá	to reconnoiter; to explore; to survey	8	2
制造厂	zhì zào chǎng	manufacturing plant; factory	8	2
分子量	fēn zǐ liàng	molecular mass	8	2
估量	gū liang	to estimate; to assess	8	2
以期	yǐ qī	in order to; hoping to; attempting to	8	2
一把抓	yī bǎ zhuā	to attempt all tasks at once	8	2
霉菌	méi jūn	mold	8	2
长者	zhǎng zhě	an elder; a senior	8	2
起哄	qǐ hòng	to heckle; rowdy jeering; to create a disturbance	8	2
责任人	zé rèn rén	responsible person; coordinator	8	2
讥讽	jī fěng	to satirize; to ridicule; to mock	8	2
臣妾	chén qiè	(literary) I, your servant (self-appellation of a lower-rank female)	8	2
突兀	tū wù	lofty; towering; sudden; abrupt	8	2
版画	bǎn huà	printmaking; a print	8	2
灵气	líng qì	spiritual influence (of mountains etc); cleverness; ingeniousness	8	2
满满	mǎn mǎn	full; closely packed	8	2
沉睡	chén shuì	to be fast asleep; (fig.) to lie dormant; to lie undiscovered	8	2
残害	cán hài	to injure; to devastate; to slaughter	8	2
杂志社	zá zhì shè	magazine publisher	8	2
斩钉截铁	zhǎn dīng jié tiě	(lit.) to chop the nail and slice the iron (idiom)	8	2
才子	cái zǐ	gifted scholar	8	2
截然	jié rán	sharply; distinctly; radically	8	2
念经	niàn jīng	to recite or chant Buddhist scripture	8	2
封地	fēng dì	feudal fiefdom; land held as a vassal in feudal society; enfeoffment	8	2
对头	duì tóu	correct; normal; to be on good terms with	8	2
宽心	kuān xīn	relieved; comforted; to relieve anxieties	8	2
妄为	wàng wéi	to take rash action	8	2
奸人	jiān rén	crafty scoundrel; villain	8	2
堆满	duī mǎn	to pile up	8	2
器重	qì zhòng	to regard sth as valuable; to think highly of (a younger person, a subordinate etc)	8	2
唱腔	chàng qiāng	vocal music (in opera); aria	8	2
品性	pǐn xìng	nature; characteristic; moral character	8	2
农机	nóng jī	agricultural machinery	8	2
全套	quán tào	complete set; full complement	8	2
假象	jiǎ xiàng	false appearance; facade	8	2
依从	yī cóng	to comply with; to obey	8	2
二等	èr děng	second class; second-rate	8	2
丰美	fēng měi	abundant and prosperous	8	2
中弹	zhòng dàn	to get hit by a bullet; to get shot	8	2
专访	zhuān fǎng	to interview (a particular person or on a particular topic)	8	2
闪耀	shǎn yào	to glint; to glitter; to sparkle	8	2
银行业	yín háng yè	banking	8	2
金融市场	jīn róng shì chǎng	financial market	8	2
酒菜	jiǔ cài	food and drink; food to accompany wine	8	2
遗言	yí yán	words of the deceased; last words of the dying; wisdom of past sages	8	2
逃窜	táo cuàn	to run away; to flee in disarray	8	2
迷雾	mí wù	dense fog; fig. completely misleading	8	2
肿大	zhǒng dà	swelling; enlargement; hypertrophy	8	2
联动	lián dòng	(of the parts of a machine) to move together	8	2
罪状	zuì zhuàng	charges or facts about a crime; the nature of the offense	8	2
结构性	jié gòu xìng	structural	8	2
签发	qiān fā	to issue (a document); to sign and issue officially	8	2
穿插	chuān chā	to insert; to take turns, alternate; to interweave	8	2
白日	bái rì	daytime; sun; time	8	2
物质文明	wù zhì wén míng	material culture	8	2
消退	xiāo tuì	to wane; to vanish gradually	8	2
求饶	qiú ráo	to beg forgiveness	8	2
歌剧院	gē jù yuàn	opera house	8	2
条纹	tiáo wén	stripe	8	2
挨次	āi cì	in sequence; in the proper order; one by one	8	2
性爱	xìng ài	sex; lovemaking	8	2
急事	jí shì	urgent matter	8	2
如常	rú cháng	as usual	8	2
大总统	dà zǒng tǒng	president (primarily used during the early years of the Republic of China, 1912–1928)	8	2
外间	wài jiān	outer room; the external world; outside	8	2
喜色	xǐ sè	happy expression; cheerful look	8	2
吏治	lì zhì	style of governing (of minor official); achievement in office	8	2
劫掠	jié lüè	to loot; to plunder	8	2
军国主义	jūn guó zhǔ yì	militarism	8	2
体例	tǐ lì	style (of literature); form	8	2
交由	jiāo yóu	to hand over (responsibility for sth) to (sb)	8	2
乱叫	luàn jiào	to inconsiderately shout	8	2
举荐	jǔ jiàn	to recommend	8	2
不灵	bù líng	not work; be ineffective	8	2
高性能	gāo xìng néng	high performance	8	2
饥荒	jī huāng	crop failure; famine; debt	8	2
门卫	mén wèi	guard at gate; sentry	8	2
金鸡	jīn jī	golden pheasant (Chrysolophus pictus)	8	2
语声	yǔ shēng	spoken language; sound of speaking	8	2
补缺	bǔ quē	to fill a vacancy; to make up for a shortage; to supply a deficiency	8	2
血书	xuè shū	letter written in one's own blood, expressing determination, hatred, last wishes etc	8	2
荷包	hé bāo	embroidered pouch for carrying loose change etc; purse	8	2
紧贴	jǐn tiē	to stick close to; to press up against	8	2
算不得	suàn bù dé	not count as	8	2
矢量	shǐ liàng	(math.) vector	8	2
盘缠	pán chán	to twine; to coil	8	2
溶洞	róng dòng	(geology) solutional cave (typically, a limestone cave)	8	2
清幽	qīng yōu	(of a location) quiet and secluded; beautiful and secluded	8	2
浑浊	hún zhuó	muddy; turbid	8	2
气急败坏	qì jí bài huài	flustered and exasperated; utterly discomfited	8	2
欢心	huān xīn	favor; liking; love	8	2
校正	jiào zhèng	to proofread and correct; to edit and rectify; to correct	8	2
末了	mò liǎo	(coll.) final part; last bit; (coll.) in the end; finally	8	2
星等	xīng děng	magnitude of a star	8	2
时钟	shí zhōng	clock	8	2
方剂	fāng jì	prescription; recipe (Chinese medicine)	8	2
救兵	jiù bīng	relief troops; reinforcements	8	2
报告书	bào gào shū	written report	8	2
径向	jìng xiàng	radial (direction)	8	2
异端	yì duān	heresy	8	2
异物	yì wù	rarity; rare delicacy; foreign matter	8	2
并排	bìng pái	side by side; abreast	8	2
屏蔽	píng bì	to screen; to block (sth or sb); to shield	8	2
存活	cún huó	to survive (a serious accident); survival	8	2
失色	shī sè	to lose color; to turn pale	8	2
可变	kě biàn	variable	8	2
发声	fā shēng	to produce a sound; to vocalize	8	2
出战	chū zhàn	(military) to go off to war; (sports) to compete	8	2
冲向	chōng xiàng	to charge into	8	2
冤家	yuān jia	enemy; foe; (in opera) sweetheart or destined love	8	2
养育	yǎng yù	to rear; to bring up; to nurture	8	2
其三	qí sān	thirdly; the third	8	2
公祭	gōng jì	public memorial service	8	2
代理商	dài lǐ shāng	agent	8	2
乱世	luàn shì	the world in chaos; troubled times; (in Buddhism) the mortal world	8	2
义士	yì shì	high-minded and righteous person; patriot; loyalist	8	2
不意	bù yì	unexpectedly; unawareness; unpreparedness	8	2
不孝	bù xiào	unfilial	8	2
骨子里	gǔ zi lǐ	beneath the surface; fundamentally; at the deepest level	8	2
醉心	zuì xīn	enthralled; fascinated	8	2
责无旁贷	zé wú páng dài	to be duty bound; to be one's unshirkable responsibility	8	2
环状	huán zhuàng	annular; toroidal; loop-shaped	8	2
消费资料	xiāo fèi zī liào	consumption data; consumer goods	8	2
有违	yǒu wéi	to run counter to	8	2
昂然	áng rán	upright and unafraid	8	2
政界	zhèng jiè	political and government circles	8	2
挥霍	huī huò	to squander money; extravagant; prodigal	8	2
找回	zhǎo huí	to retrieve	8	2
扑鼻	pū bí	to assail the nostrils (of fragrance and odors)	8	2
忠心耿耿	zhōng xīn gěng gěng	loyal and devoted (idiom); faithful and true	8	2
形而上学	xíng ér shàng xué	metaphysics	8	2
巷战	xiàng zhàn	(military) street fighting; urban combat	8	2
好玩	hǎo wán	amusing; fun; interesting	8	2
国君	guó jūn	monarch	8	2
动情	dòng qíng	to get excited; passionate; aroused to passion	8	2
兵营	bīng yíng	military camp; barracks	8	2
会展	huì zhǎn	conventions and exhibitions (abbr. for 會議 + 展覽)	8	2
举杯	jǔ bēi	to toast sb (with wine etc); to drink a toast	8	2
高唱	gāo chàng	to sing loudly; fig. to mouth slogans	8	2
顶棚	dǐng péng	ceiling; awning (under ceiling)	8	2
革职	gé zhí	to sack; to remove from a position; to depose	8	2
集体经济	jí tǐ jīng jì	collective economy	8	2
避孕药	bì yùn yào	oral contraceptive	8	2
轻武器	qīng wǔ qì	light weapon	8	2
象征性	xiàng zhēng xìng	symbolic; emblem; token	8	2
该死	gāi sǐ	Damn it!; damned; wretched	8	2
解法	jiě fǎ	solution (to a math problem); method of solving	8	2
获释	huò shì	freed (from prison); to obtain release	8	2
花丛	huā cóng	cluster of flowers; inflorescence; flowering shrub	8	2
直流电	zhí liú diàn	direct current	8	2
班上	bān shàng	(in the) class	8	2
独资	dú zī	wholly-owned (often by foreign company); exclusive investment	8	2
炉火纯青	lú huǒ chún qīng	(lit.) the stove fire has turned bright green (allusion to Daoist alchemy) (idiom)	8	2
灭菌	miè jūn	to sterilize	8	2
松懈	sōng xiè	to relax; to relax efforts; to slack off	8	2
杀气腾腾	shā qì téng téng	ferocious; murderous-looking	8	2
机头	jī tóu	the front (nose) of a plane etc	8	2
无菌	wú jūn	sterile; aseptic	8	2
数论	shù lùn	number theory (math.)	8	2
教职工	jiào zhí gōng	teaching and administrative staff	8	2
敌视	dí shì	hostile; malevolence; antagonism	8	2
对生	duì shēng	(botany) opposite leaf arrangement; paired leaf arrangement	8	2
对接	duì jiē	to join up; to dock; a joint (between components)	8	2
定睛	dìng jīng	to stare at	8	2
守法	shǒu fǎ	to abide by the law	8	2
大计	dà jì	large scale program of lasting importance	8	2
多寡	duō guǎ	number; amount	8	2
告发	gào fā	to lodge an accusation; accusation (law)	8	2
吞吞吐吐	tūn tūn tǔ tǔ	to hum and haw (idiom); to mumble as if hiding sth	8	2
击打	jī dǎ	to beat; to lash	8	2
内含	nèi hán	to contain; to include	8	2
公愤	gōng fèn	public anger; popular indignation	8	2
党校	dǎng xiào	(political) party school	8	2
假意	jiǎ yì	insincerity; hypocrisy; insincerely	8	2
例证	lì zhèng	example; case in point	8	2
主裁判	zhǔ cái pàn	(sports) referee; umpire	8	2
专机	zhuān jī	chartered plane; VIP aircraft	8	2
三五成群	sān wǔ chéng qún	in groups of three or four (idiom)	8	2
黑纱	hēi shā	black armband	8	2
高下	gāo xià	relative superiority (better or worse, stronger or weaker, above or below etc)	8	2
闲人	xián rén	idle person; idler	8	2
迫不得已	pò bù dé yǐ	to have no alternative (idiom); compelled by circumstances	8	2
辛辣	xīn là	spicy hot (taste); fig. biting (criticism)	8	2
苦衷	kǔ zhōng	secret trouble; sorrow; difficulties	8	2
缉捕	jī bǔ	to seize; to apprehend; an arrest	8	2
素日	sù rì	usually	8	2
突破性	tū pò xìng	groundbreaking	8	2
种植园	zhòng zhí yuán	plantation	8	2
痛打	tòng dǎ	to beat sb soundly	8	2
烧伤	shāo shāng	burn (injury)	8	2
溶解度	róng jiě dù	solubility	8	2
求生	qiú shēng	to seek survival; to possess the will to live	8	2
水池	shuǐ chí	pond; pool; sink	8	2
毒虫	dú chóng	poisonous insect (or spider etc); venomous snake; (slang) junkie	8	2
查问	chá wèn	to inquire about	8	2
枪管	qiāng guǎn	gun barrel	8	2
枝条	zhī tiáo	branch; twig; stem	8	2
朝见	cháo jiàn	to have an audience (with the Emperor)	8	2
普天之下	pǔ tiān zhī xià	(idiom) all under heaven; in the whole world; throughout the world	8	2
昂首	áng shǒu	head high; in high spirits; to raise one's head (e.g. of neighing horse)	8	2
整改	zhěng gǎi	to reform; to rectify and improve	8	2
教条主义	jiào tiáo zhǔ yì	dogmatism	8	2
推介	tuī jiè	to recommend	8	2
抽身	chōu shēn	to get away from; to withdraw; to free oneself	8	2
把门	bǎ mén	to stand as a goalkeeper; to keep guard on a gate	8	2
成规	chéng guī	established rules; the beaten track	8	2
居里	jū lǐ	curie (Ci) (loanword)	8	2
复方	fù fāng	compound prescription (involving several medicines)	8	2
变性	biàn xìng	to denature; denaturation; to have a sex change	8	2
刺痛	cì tòng	to tingle; to sting; to have a sudden sharp pain; (fig.) to hurt deeply	8	2
分送	fēn sòng	to send; to distribute	8	2
先导	xiān dǎo	to lead the way; guide; forerunner; pioneer	8	2
侨民	qiáo mín	expatriates	8	2
何为	hé wéi	what is; (in a rhetorical question) it's no use	8	2
静坐	jìng zuò	to sit quietly; to meditate; to stage a sit-in	8	2
镇痛	zhèn tòng	to suppress pain	8	2
酸痛	suān tòng	to ache	8	2
途经	tú jīng	to pass through; via; by way of	8	2
轻柔	qīng róu	soft; gentle; pliable	8	2
竹筒	zhú tǒng	bamboo tube; bamboo pipe	8	2
祭坛	jì tán	altar	8	2
研究者	yán jiū zhě	investigator; researcher	8	2
真伪	zhēn wěi	true or bogus; authenticity	8	2
皱眉头	zhòu méi tóu	to scowl; to knit the brows	8	2
烛火	zhú huǒ	candle flame	8	2
气动	qì dòng	pneumatic	8	2
死罪	sǐ zuì	capital offense; crime punishable by death; my deepest apologies	8	2
枯竭	kū jié	used up; dried up; exhausted (of resources)	8	2
朴刀	pō dāo	sword with a curved blade and a long hilt, wielded with both hands	8	2
时政	shí zhèng	current politics; political situation of the time	8	2
整形	zhěng xíng	shaping; reshaping; plastic surgery or orthopedics (abbr. of 整形外科)	8	2
攀登	pān dēng	to climb; to pull oneself up; to clamber	8	2
搭救	dā jiù	to rescue	8	2
援兵	yuán bīng	(military) reinforcements	8	2
挺直	tǐng zhí	upright; erect; to straighten up (one's back etc); to hold erect	8	2
招考	zhāo kǎo	to advertise an entrance examination for an academic institution (old)	8	2
心切	xīn qiè	eager; impatient; guileless	8	2
巡回	xún huí	to go around; to roam; to tour	8	2
尽忠	jìn zhōng	to display utter loyalty; to be loyal to the end	8	2
寒流	hán liú	cold air current; cold ocean current; cold stream	8	2
富庶	fù shù	populous and affluent	8	2
复合材料	fù hé cái liào	composite material	8	2
吹奏	chuī zòu	to play (wind instruments)	8	2
公会	gōng huì	guild; professional or trade association	8	2
互联	hù lián	interconnected	8	2
书名	shū míng	name of a book; reputation as calligrapher	8	2
首任	shǒu rèn	first person to be appointed to a post	8	2
轴承	zhóu chéng	(mechanical) bearing	8	2
起疑	qǐ yí	to begin to suspect; to grow suspicious	8	2
良种	liáng zhǒng	improved type; good breed; pedigree	8	2
船厂	chuán chǎng	shipyard; shipbuilder's yard	8	2
舰只	jiàn zhī	warship	8	2
自重	zì zhòng	to conduct oneself with dignity; to be dignified; deadweight	8	2
聘礼	pìn lǐ	betrothal gift	8	2
缔约国	dì yuē guó	signatory states; countries that are party to a treaty	8	2
约合	yuē hé	approximately; about (some numerical value)	8	2
直射	zhí shè	(of light, rays etc) to fall directly on	8	2
瓜果	guā guǒ	fruit (plural sense); melons and fruit	8	2
漏斗	lòu dǒu	funnel	8	2
浮游	fú yóu	to float; to drift; to wander	8	2
水井	shuǐ jǐng	(water) well	8	2
无声无息	wú shēng wú xī	wordless and uncommunicative (idiom); without speaking; taciturn	8	2
收成	shōu chéng	harvest	8	2
必经之路	bì jīng zhī lù	(idiom) the road one must follow; the only way	8	2
微风	wēi fēng	breeze; light wind	8	2
大陆性	dà lù xìng	continental	8	2
大义	dà yì	righteousness; virtuous cause; a woman's marriage	8	2
坠落	zhuì luò	to fall; to drop	8	2
反党	fǎn dǎng	anti-party	8	2
前路	qián lù	the road ahead	8	2
典故	diǎn gù	classical story or quote from the literature; the story behind sth	8	2
何止	hé zhǐ	far more than; not just	8	2
伟人	wěi rén	great person	8	2
额度	é dù	quota; (credit) limit	8	2
闭关	bì guān	to close the passes; to seal off the country	8	2
银色	yín sè	silver (color)	8	2
起落	qǐ luò	to rise and fall; takeoff and landing; ups and downs	8	2
谋取	móu qǔ	to seek; to strive for; to obtain	8	2
营房	yíng fáng	barracks; living quarters	8	2
菩提	pú tí	bodhi (Sanskrit); enlightenment (Buddhism)	8	2
船身	chuán shēn	hull; body of a ship	8	2
肠胃	cháng wèi	stomach and intestine; digestive system	8	2
罢手	bà shǒu	to give up	8	2
细密	xì mì	fine (texture); meticulous; careful; detailed	8	2
细则	xì zé	detailed rules and regulations; bylaws	8	2
第一流	dì yī liú	first-class	8	2
礼炮	lǐ pào	gun salute (e.g. 21-gun salute); salvo	8	2
看上	kàn shàng	to take a fancy to; to find suitable and choose; to settle on	8	2
百余	bǎi yú	a hundred or more	8	2
留待	liú dài	to leave sth for later; to postpone (work, a decision etc)	8	2
环抱	huán bào	to encircle; to surround; to embrace	8	2
独占	dú zhàn	to have all to oneself; to monopolize	8	2
炼钢	liàn gāng	to make steel; steelmaking	8	2
灵动	líng dòng	to be quick-witted	8	2
潜望镜	qián wàng jìng	periscope	8	2
欺压	qī yā	to bully; to push around	8	2
服气	fú qì	to be convinced; to accept	8	2
明摆着	míng bǎi zhe	evident; clear; undoubted	8	2
无视	wú shì	to ignore; to disregard	8	2
新闻稿	xīn wén gǎo	press release	8	2
教化	jiào huà	to enlighten; to civilize; to indoctrinate	8	2
撤除	chè chú	to remove; to dismantle	8	2
弹丸	dàn wán	pellet	8	2
开赛	kāi sài	to start a match; the kick-off	8	2
尊驾	zūn jià	lit. your honored carriage; your highness; honored Sir (also sarcastic)	8	2
对视	duì shì	to look face to face	8	2
如初	rú chū	as before; as ever	8	2
夺权	duó quán	to seize power	8	2
坐标系	zuò biāo xì	(geometry) coordinate system	8	2
固态	gù tài	solid state (physics)	8	2
听信	tīng xìn	to listen to information; to get the news; to believe what one hears	8	2
参演	cān yǎn	to take part in a performance; to appear in (a movie etc)	8	2
切削	qiē xiāo	to cut; cutting; machining	8	2
分界线	fēn jiè xiàn	dividing line	8	2
再者	zài zhě	moreover; besides	8	2
偏爱	piān ài	to be partial towards sth; to favor; to prefer	8	2
债务人	zhài wù rén	debtor	8	2
伏击	fú jī	ambush; to ambush	8	2
人事部	rén shì bù	personnel office; human resources (HR)	8	2
不育	bù yù	to be infertile; to have no offspring	8	2
鼓噪	gǔ zào	(in ancient times) to beat the drums and yell (at the moment of launching into battle)	8	2
革命性	gé mìng xìng	revolutionary	8	2
雅致	yǎ zhì	elegant; refined; in good taste	8	2
间距	jiān jù	gap; spacing; distance between objects; interval between events	8	2
透析	tòu xī	to analyze in depth	8	2
进贡	jìn gòng	to present tribute (to a suzerain, the emperor etc)	8	2
辨明	biàn míng	to clarify; to distinguish; to elucidate	8	2
轻飘飘	qīng piāo piāo	light as a feather	8	2
轻描淡写	qīng miáo dàn xiě	(idiom) to treat sth as no big deal; to downplay; to understate	8	2
赔率	péi lǜ	betting odds	8	2
解剖学	jiě pōu xué	anatomy	8	2
蓄电池	xù diàn chí	secondary (rechargeable) battery; accumulator; storage cell	8	2
营养素	yíng yǎng sù	nutrient	8	2
老天	lǎo tiān	God; Heavens	8	2
缓刑	huǎn xíng	suspended sentence; probation	8	2
细胞核	xì bāo hé	nucleus (of cell)	8	2
称做	chēng zuò	to be called; to be known as	8	2
种菜	zhòng cài	to grow vegetables	8	2
神志	shén zhì	consciousness; state of mind; compos mentis	8	2
疲乏	pí fá	tired; weary	8	2
电波	diàn bō	electric wave; alternating current	8	2
独尊	dú zūn	to revere as sole orthodoxy	8	2
沙场	shā chǎng	sandpit; battleground; battlefield	8	2
气度	qì dù	bearing; manner; presence	8	2
气功	qì gōng	qigong, a traditional Chinese system of cultivating vital energy 氣 through coordinated breathing, movement and meditation	8	2
极化	jí huà	polarization	8	2
杀伤力	shā shāng lì	destructive power; harmfulness	8	2
护航	hù háng	a naval escort; to convoy	8	2
情境	qíng jìng	situation; context; setting; environment	8	2
异地	yì dì	different place; abroad	8	2
年号	nián hào	reign title	8	2
年事已高	nián shì yǐ gāo	old in years	8	2
平局	píng jú	a draw (in competition); a tie	8	2
常量	cháng liàng	a constant (physics, math.)	8	2
左首	zuǒ shǒu	left-hand side	8	2
孩童	hái tóng	child	8	2
地热	dì rè	geothermal heat	8	2
咖啡馆	kā fēi guǎn	café; coffee shop	8	2
吃水	chī shuǐ	drinking water; to obtain water (for daily needs); to absorb water	8	2
发芽	fā yá	(of a seed) to germinate; (of a plant) to sprout; to bud	8	2
卵形	luǎn xíng	oval; egg-shaped (leaves in botany)	8	2
劝解	quàn jiě	conciliation; mediation; to mollify	8	2
前仆后继	qián pū hòu jì	one falls, the next follows (idiom); stepping into the breach to replace fallen comrades	8	2
养子	yǎng zǐ	adopted son; foster son	8	2
先民	xiān mín	forebears	8	2
使眼色	shǐ yǎn sè	to give sb a meaningful look	8	2
体态	tǐ tài	figure; physique; posture	8	2
伤病	shāng bìng	injury and illness	8	2
交叉点	jiāo chā diǎn	junction; crossroads; (geometry) point of intersection	8	2
为数不多	wéi shù bù duō	not many; only a few	8	2
不堪设想	bù kān shè xiǎng	too horrible to contemplate; unthinkable; inconceivable	8	2
三分球	sān fēn qiú	(basketball) three-point shot	8	2
逆流	nì liú	against the stream; adverse current; a countercurrent	8	2
说服力	shuō fú lì	persuasiveness	8	2
设防	shè fáng	to set up defenses; to fortify	8	2
置之不理	zhì zhī bù lǐ	to pay no heed to (idiom); to ignore; to brush aside	8	2
绿叶	lǜ yè	green leaf; (fig.) actor playing a supporting role	8	2
绝迹	jué jì	to be eradicated; to vanish; extinct	8	2
细分	xì fēn	to divide (into subgroups etc); to break down (into subcategories, subprocesses etc)	8	2
紧跟	jǐn gēn	to follow precisely; to comply with	8	2
第一轮	dì yī lún	first round (of match, or election)	8	2
生铁	shēng tiě	pig iron	8	2
火气	huǒ qì	anger; internal heat (TCM)	8	2
渐次	jiàn cì	gradually; one by one	8	2
深层次	shēn céng cì	deep level; deep-seated; in-depth	8	2
派驻	pài zhù	to dispatch (sb) in an official capacity	8	2
洗涤	xǐ dí	to rinse; to wash; washing	8	2
注解	zhù jiě	to annotate; annotation; comment	8	2
求援	qiú yuán	to ask for help	8	2
水边	shuǐ biān	edge of the water; waterside; shore (of sea, lake or river)	8	2
措辞	cuò cí	wording; way of expressing something; turn of phrase	8	2
恶行	è xíng	evil or wicked conduct	8	2
形貌	xíng mào	appearance	8	2
小偷	xiǎo tōu	thief	8	2
士人	shì rén	scholar	8	2
合编	hé biān	to compile in collaboration with	8	2
包厢	bāo xiāng	box (in a theater or concert hall)	8	2
劝慰	quàn wèi	to console	8	2
前厅	qián tīng	anteroom; vestibule; lobby (of a hotel etc)	8	2
制片厂	zhì piàn chǎng	film studio	8	2
冷空气	lěng kōng qì	(meteorology) cold air mass	8	2
侍立	shì lì	to stand by in attendance	8	2
使团	shǐ tuán	diplomatic mission	8	2
使不得	shǐ bu de	cannot be used; must not (do sth); unacceptable	8	2
仗义	zhàng yì	to uphold justice; to be loyal (to one's friends); to stick by	8	2
五色	wǔ sè	multicolored; the rainbow; garish	8	2
一命呜呼	yī mìng wū hū	to die (idiom); to breathe one's last; to give up the ghost	8	2
贩子	fàn zi	trafficker; dealer; monger; peddler	8	2
败退	bài tuì	to retreat in defeat	8	2
象棋	xiàng qí	Chinese chess	8	2
读写	dú xiě	reading and writing	8	2
视而不见	shì ér bù jiàn	(idiom) to turn a blind eye to; to ignore	8	2
胃癌	wèi ái	stomach cancer	8	2
经不起	jīng bu qǐ	can't stand it; to be unable to bear; to be unable to resist	8	2
红娘	hóng niáng	matchmaker	8	2
策应	cè yìng	to support by coordinated action	8	2
稀薄	xī bó	thin; rarefied	8	2
种地	zhòng dì	to farm; to work the land	8	2
碎裂	suì liè	to disintegrate; to shatter into small pieces	8	2
灰白	huī bái	ash-colored	8	2
浮出	fú chū	to emerge	8	2
死难	sǐ nàn	to die in an accident; to die for a just cause	8	2
横竖	héng shu	anyway	8	2
校舍	xiào shè	school building	8	2
有损	yǒu sǔn	to be harmful (to)	8	2
斧头	fǔ tóu	ax; hatchet	8	2
微积分	wēi jī fēn	calculus (branch of mathematics)	8	2
当值	dāng zhí	to be on duty	8	2
异化	yì huà	alienation (philosophy); (of speech) dissimilation	8	2
巨轮	jù lún	large ship; large wheel	8	2
基本面	jī běn miàn	basics; essentials; fundamentals; (finance) fundamentals	8	2
圈定	quān dìng	to highlight sth by drawing a circle around it	8	2
喷气式	pēn qì shì	jet-propelled	8	2
哲学史	zhé xué shǐ	history of philosophy	8	2
品类	pǐn lèi	category; kind	8	2
办到	bàn dào	to accomplish; to get (sth) done	8	2
共通	gòng tōng	universal; applicable to all (or both); shared; common	8	2
作答	zuò dá	to answer; to respond	8	2
代数学	dài shù xué	algebra (as branch of math.)	8	2
亏得	kuī de	fortunately; luckily; (sarcastic) fancy that, how fortunate!	8	2
下肢	xià zhī	lower limb (from hip to toes)	8	2
下人	xià rén	(dialect) children; grandchildren	8	2
一年一度	yī nián yī dù	(idiom) annual; once a year	8	2
鬼怪	guǐ guài	hobgoblin; bogey; phantom	8	2
食管	shí guǎn	esophagus; gullet	8	2
页岩	yè yán	shale	8	2
雄风	xióng fēng	vigor; virility; dynamism	8	2
间歇	jiàn xiē	to stop in the middle of sth; intermittent; intermittence	8	2
酷刑	kù xíng	cruelty; torture	8	2
贫农	pín nóng	poor peasant	8	2
谈恋爱	tán liàn ài	to be in a romantic relationship; to go steady; to be dating	8	2
视作	shì zuò	to regard as; to treat as	8	2
袋子	dài zi	bag	8	2
血肉	xuè ròu	flesh	8	2
节律	jié lǜ	rhythm; pace	8	2
翻转	fān zhuǎn	to roll; to turn over; to invert	8	2
翘首	qiáo shǒu	to raise one's head and look	8	2
线圈	xiàn quān	coil (of wire)	8	2
看做	kàn zuò	to regard as; to look upon as	8	2
盘膝	pán xī	cross-legged	8	2
畏怯	wèi qiè	timorous; nervous	8	2
男方	nán fāng	(of a marriage) the bridegroom's side; the husband's side	8	2
浮桥	fú qiáo	pontoon bridge	8	2
流连忘返	liú lián wàng fǎn	to linger; to remain enjoying oneself and forget to go home	8	2
杂乱	zá luàn	in a mess; in a jumble; chaotic	8	2
文档	wén dàng	(computer) file; document; documentation	8	2
撇下	piē xia	to cast away	8	2
抽样	chōu yàng	sample; sampling	8	2
总线	zǒng xiàn	computer bus	8	2
怪事	guài shì	strange thing; curious occurrence	8	2
峰顶	fēng dǐng	summit; crest	8	2
小腿	xiǎo tuǐ	lower leg (from knee to ankle); shank	8	2
寄存	jì cún	to deposit; to store; to leave sth with sb	8	2
大虫	dà chóng	tiger	8	2
大凡	dà fán	generally; in general	8	2
大不了	dà bu liǎo	at worst; if worst comes to worst	8	2
四起	sì qǐ	to spring up everywhere; from all around	8	2
员额	yuán é	authorized number of employees; staff quota	8	2
原生	yuán shēng	original; primary; native	8	2
医科	yī kē	medicine (as a science); medical science	8	2
勾引	gōu yǐn	to seduce; to tempt	8	2
写实	xiě shí	realism; realistic portrayal; realistic	8	2
内线	nèi xiàn	inside source; mole; insider; inside information; insider connections	8	2
主见	zhǔ jiàn	one's own view; definite opinion	8	2
世面	shì miàn	the wider world; diverse aspects of society	8	2
下毒手	xià dú shǒu	to attack murderously; to strike treacherously	8	2
一声不响	yī shēng bù xiǎng	to keep totally silent; noiselessly	8	2
首演	shǒu yǎn	maiden stage role; first performance; first public showing	8	2
雄浑	xióng hún	vigorous; firm; forceful	8	2
隐含	yǐn hán	to contain in a concealed form; to keep covered up; implicit	8	2
队列	duì liè	formation (of troops); alignment; (computing) queue	8	2
闹市区	nào shì qū	busy commercial district; downtown area	8	2
铁矿石	tiě kuàng shí	iron ore	8	2
通缉令	tōng jī lìng	order for arrest; wanted circular; wanted poster	8	2
逃荒	táo huāng	to escape from a famine; to get away from a famine-stricken region	8	2
计谋	jì móu	stratagem; scheme	8	2
衰败	shuāi bài	to decline; to wane; to decay	8	2
营帐	yíng zhàng	tent; camp	8	2
能见度	néng jiàn dù	visibility	8	2
胆囊	dǎn náng	gallbladder	8	2
策马	cè mǎ	to urge on a horse using a whip or spurs	8	2
笔名	bǐ míng	pen name; pseudonym	8	2
物化	wù huà	to objectify; (literary) to die	8	2
父系	fù xì	paternal line; patrilineal	8	2
漂移	piāo yí	to drift	8	2
洋枪	yáng qiāng	western style guns (in former times)	8	2
法郎	fǎ láng	franc	8	2
毁伤	huǐ shāng	to injure; to damage	8	2
检察官	jiǎn chá guān	public prosecutor; public procurator (judicial officer whose job may involve both criminal investigation and public prosecution)	8	2
无序	wú xù	disorderly; irregular; lack of order	8	2
教职员	jiào zhí yuán	teaching and administrative staff	8	2
插话	chā huà	to interrupt (sb speaking); interruption; digression	8	2
抓获	zhuā huò	to arrest	8	2
惊觉	jīng jué	to realize suddenly; to wake up with a start	8	2
微机	wēi jī	micro (computer)	8	2
年轻力壮	nián qīng lì zhuàng	young and vigorous (idiom)	8	2
嵌入	qiàn rù	to insert; to embed	8	2
对流	duì liú	convection	8	2
寥寥	liáo liáo	very few	8	2
宾主	bīn zhǔ	guest and host	8	2
大字报	dà zì bào	big-character poster	8	2
基本法	jī běn fǎ	basic law (constitutional document)	8	2
商机	shāng jī	business opportunity; commercial opportunity	8	2
同乡	tóng xiāng	person from the same hometown or home region	8	2
发落	fā luò	to deal with (an offender)	8	2
劳模	láo mó	model worker	8	2
割让	gē ràng	to cede; cession	8	2
减缓	jiǎn huǎn	to slow down; to retard	8	2
仰头	yǎng tóu	to raise one's head	8	2
付之一炬	fù zhī yī jù	to put to the torch (idiom); to commit to the flames	8	2
飘飘	piāo piāo	to float about; to flutter (in the breeze); (dialect) gay guy	8	2
酒食	jiǔ shí	food and drink	8	2
赌钱	dǔ qián	to gamble	8	2
评奖	píng jiǎng	to determine the recipient of an award through discussion	8	2
药剂	yào jì	medicine; medicament; drug	8	2
色调	sè diào	hue; tone	8	2
组件	zǔ jiàn	module; unit; component	8	2
空空	kōng kōng	empty; vacuous; nothing	8	2
石像	shí xiàng	stone statue	8	2
百十	bǎi shí	a hundred or so	8	2
父老	fù lǎo	elders	8	2
热切	rè qiè	fervent	8	2
灯塔	dēng tǎ	lighthouse	8	2
游艇	yóu tǐng	barge; yacht	8	2
泛指	fàn zhǐ	to make a general reference; to be used in a general sense	8	2
案卷	àn juàn	records; files; archives	8	2
敌情	dí qíng	the situation of the enemy positions; intelligence about the enemy	8	2
摄制	shè zhì	to produce (a TV show etc)	8	2
抢走	qiǎng zǒu	to snatch (esp related to a robbery)	8	2
患上	huàn shang	to come down with; to be afflicted with (an illness)	8	2
应答	yìng dá	to reply	8	2
帮会	bāng huì	secret society; underworld gang	8	2
岂敢	qǐ gǎn	how could one dare?; I don't deserve such praise	8	2
处决	chǔ jué	to execute (a condemned criminal)	8	2
基建	jī jiàn	capital construction; infrastructure development (abbr. for 基本建設)	8	2
发麻	fā má	to feel numb	8	2
历史学	lì shǐ xué	history	8	2
卖方	mài fāng	seller (in contracts)	8	2
列队	liè duì	in formation (military)	8	2
击球	jī qiú	to bat; to hit a ball (sport)	8	2
入股	rù gǔ	to invest	8	2
光头	guāng tóu	shaven head; bald head; to go bareheaded	8	2
依仗	yī zhàng	to count on; to rely on	8	2
低矮	dī ǎi	short; low	8	2
伤者	shāng zhě	casualty; victim (of an accident); wounded person	8	2
了不得	liǎo bu de	terrific; terrible; (after 得) very	8	2
高楼	gāo lóu	high building; multistory building; skyscraper	8	2
阅兵式	yuè bīng shì	military parade	8	2
重者	zhòng zhě	more serious case; in extreme cases	8	2
通奸	tōng jiān	adultery; to commit adultery	8	2
逆贼	nì zéi	renegade; traitor and bandit	8	2
连发	lián fā	to fire (a weapon) in rapid succession	8	2
输赢	shū yíng	win or loss; outcome	8	2
让位	ràng wèi	to abdicate; to yield	8	2
视网膜	shì wǎng mó	retina	8	2
草草	cǎo cǎo	carelessly; hastily	8	2
草拟	cǎo nǐ	first draft; to draw up (a first version)	8	2
能手	néng shǒu	expert	8	2
聚落	jù luò	settlement; dwelling place; town	8	2
瞬时	shùn shí	instantaneous	8	2
海陆	hǎi lù	sea and land	8	2
流沙	liú shā	quicksand	8	2
流民	liú mín	refugee	8	2
法政	fǎ zhèng	law and government; law and politics	8	2
毫毛	háo máo	fine hair (on the body); down	8	2
止痛	zhǐ tòng	to relieve pain; to stop pain; analgesic	8	2
有价证券	yǒu jià zhèng quàn	(finance) negotiable securities	8	2
时下	shí xià	at present; right now	8	2
无动于衷	wú dòng yú zhōng	aloof; indifferent; unconcerned	8	2
撕毁	sī huǐ	to tear up; to rip up; too shred	8	2
性腺	xìng xiàn	gonad; sex gland	8	2
宜于	yí yú	to be suitable for	8	2
嫌疑人	xián yí rén	a suspect	8	2
女篮	nǚ lán	women's basketball; women's basketball team	8	2
大兴	dà xīng	to go in for something in a big way; to undertake on a large scale	8	2
地质学家	dì zhì xué jiā	geologist	8	2
国耻	guó chǐ	national humiliation, refers to Japanese incursions into China in the 1930s and 40s, and more especially to Mukden railway incident of 18th September 1931 九一八事變 and subsequent Japanese annexation of Manchuria	8	2
回流	huí liú	to flow back; reflux; circumfluence	8	2
商谈	shāng tán	to confer; to discuss; to engage in talks	8	2
各行各业	gè háng gè yè	every trade; all professions; all walks of life	8	2
分层	fēn céng	lamination; layering; stratification	8	2
分发	fēn fā	to distribute; distribution; to assign (sb) to a job	8	2
凹陷	āo xiàn	to cave in; hollow; sunken; depressed	8	2
内燃机	nèi rán jī	internal combustion engine	8	2
内核	nèi hé	core (of a fruit); (fig.) the essence (of a concept or doctrine etc)	8	2
兵种	bīng zhǒng	(military) branch of the armed forces	8	2
修道	xiū dào	to practice Daoism	8	2
信函	xìn hán	letter; piece of correspondence (incl. email)	8	2
龙眼	lóng yǎn	longan fruit; dragon eye fruit; Dimocarpus longan (botany)	8	2
预审	yù shěn	preliminary hearing; interrogation (of a suspect)	8	2
里外	lǐ wài	inside and out; or so	8	2
造血	zào xuè	(physiology) to produce blood; hematopoietic	8	2
言谈	yán tán	discourse; words; utterance	8	2
角楼	jiǎo lóu	corner (between walls)	8	2
胡言乱语	hú yán luàn yǔ	babbling nonsense (idiom); crazy and unfounded ravings; double Dutch	8	2
置换	zhì huàn	to permute; permutation (math.); to displace	8	2
督军	dū jūn	provincial military governor during the early Republic of China era (1911-1949 AD)	8	2
盾牌	dùn pái	shield; pretext; excuse	8	2
病菌	bìng jūn	harmful bacteria; pathogenic bacteria; germs	8	2
畅快	chàng kuài	carefree	8	2
猛兽	měng shòu	ferocious beast; fierce animal	8	2
焚香	fén xiāng	to burn incense	8	2
港区	gǎng qū	port area	8	2
渗水	shèn shuǐ	water seepage	8	2
无妨	wú fáng	no harm (in doing it); One might as well.; It won't hurt.	8	2
教练员	jiào liàn yuán	sports coach; training personnel	8	2
执政者	zhí zhèng zhě	ruler	8	2
成全	chéng quán	to help sb accomplish his aim; to help sb succeed; to complete	8	2
归根结底	guī gēn jié dǐ	in the final analysis; ultimately	8	2
属地	shǔ dì	dependency; possession; annexed territory	8	2
小民	xiǎo mín	ordinary people; commoner; civilian	8	2
射中	shè zhòng	to hit the target	8	2
家常	jiā cháng	the daily life of a family	8	2
客队	kè duì	visiting team (sports)	8	2
审判官	shěn pàn guān	judge; magistrate	8	2
外用	wài yòng	external	8	2
名医	míng yī	famous doctor	8	2
包揽	bāo lǎn	to take it all upon oneself; to undertake the whole task; (fig.) to sweep (all prizes etc)	8	2
共振	gòng zhèn	resonance (physics)	8	2
倾注	qīng zhù	to throw into	8	2
保有	bǎo yǒu	to keep; to retain	8	2
侵扰	qīn rǎo	to invade and harass	8	2
估值	gū zhí	valuation; estimation	8	2
乘船	chéng chuán	to embark; to travel by ship; to ferry	8	2
一败涂地	yī bài tú dì	lit. defeated, the ground blanketed with bodies (idiom)	8	2
集中营	jí zhōng yíng	concentration camp	8	2
鄙俗	bǐ sú	vulgar; philistine	8	2
过户	guò hù	to transfer ownership or title (of real estate or a vehicle etc); to register a change of ownership	8	2
跃迁	yuè qiān	transition; jump (e.g. quantum leap in spectroscopy)	8	2
自持	zì chí	to control onself; to exercise self-restraint; self-sustaining	8	2
胡萝卜素	hú luó bo sù	carotene	8	2
红外线	hóng wài xiàn	infrared ray	8	2
秘书处	mì shū chù	secretariat	8	2
祭文	jì wén	funeral oration; eulogy; elegiac address	8	2
灾祸	zāi huò	disaster	8	2
浸润	jìn rùn	to permeate; to percolate; fig. to saturate (with emotion)	8	2
气象学	qì xiàng xué	meteorology	8	2
本纪	běn jì	biographic sketch of an emperor	8	2
晚生	wǎn shēng	I (self-deprecatory, in front of elders) (old)	8	2
显示屏	xiǎn shì píng	display screen	8	2
新意	xīn yì	new idea	8	2
措置	cuò zhì	to handle; to arrange	8	2
招降	zhāo xiáng	to ask for sb's surrender	8	2
把戏	bǎ xì	acrobatics; jugglery; trick; ploy	8	2
打消	dǎ xiāo	to dispel (doubts, misgivings etc); to give up on	8	2
心性	xīn xìng	one's nature; temperament	8	2
山水画	shān shuǐ huà	landscape painting	8	2
少许	shǎo xǔ	a little; a few	8	2
安详	ān xiáng	serene	8	2
婚配	hūn pèi	to marry	8	2
好几年	hǎo jǐ nián	several years	8	2
奋不顾身	fèn bù gù shēn	to dash on bravely with no thought of personal safety (idiom); undaunted by dangers	8	2
国别	guó bié	nationality; country-specific (history, report etc)	8	2
同化	tóng huà	assimilation (cultural, digestive, phonemic etc)	8	2
合著	hé zhù	to write jointly; to co-author	8	2
去年底	qù nián dǐ	late last year; the end of last year	8	2
利落	lì luo	agile; nimble; all settled	8	2
充血	chōng xuè	hyperemia (increase in blood flow); blood congestion	8	2
元音	yuán yīn	vowel	8	2
低速	dī sù	low speed	8	2
亚种	yà zhǒng	subspecies (taxonomy)	8	2
主观主义	zhǔ guān zhǔ yì	subjectivism	8	2
专案组	zhuān àn zǔ	special investigation team (legal or judicial)	8	2
高深	gāo shēn	profound	8	2
霸权主义	bà quán zhǔ yì	hegemonism	8	2
铺子	pù zi	store; shop	8	2
重炮	zhòng pào	heavy artillery	8	2
采煤	cǎi méi	coal mining; coal extraction; coal cutting	8	2
逾越	yú yuè	to exceed	8	2
贩毒	fàn dú	to traffic narcotics; drugs trade; opium trade	8	2
试问	shì wèn	I would like to ask (usually used rhetorically); one might well ask	8	2
触手	chù shǒu	tentacle	8	2
莫不是	mò bù shì	probably; perhaps; could it be that...?	8	2
自打	zì dǎ	(coll.) since	8	2
称职	chèn zhí	well qualified; competent; to be equal to the task	8	2
租用	zū yòng	to lease; to hire; to rent (sth from sb)	8	2
科室	kē shì	department; administrative division; unit (e.g. intensive care unit)	8	2
独生子女	dú shēng zǐ nǚ	an only child	8	2
牢骚	láo sāo	discontent; complaint; to complain	8	2
有缘	yǒu yuán	related; brought together by fate	8	2
有种	yǒu zhǒng	to have guts; to have courage; to be brave	8	2
旧时	jiù shí	in former times; the olden days	8	2
无害	wú hài	harmless	8	2
斗篷	dǒu peng	cloak; mantle	8	2
整整齐齐	zhěng zhěng qí qí	neat and tidy	8	2
徒然	tú rán	in vain	8	2
市井	shì jǐng	marketplace; town; the street (urban milieu)	8	2
外省	wài shěng	another province (relative to the local one)	8	2
外墙	wài qiáng	facade; external wall	8	2
外侨	wài qiáo	foreigner	8	2
复位	fù wèi	to restore sb or sth to its original position; to regain the throne	8	2
基础教育	jī chǔ jiào yù	elementary education	8	2
参议员	cān yì yuán	senator	8	2
参与者	cān yù zhě	participant	8	2
医护	yī hù	doctors and nurses; medic; medical (personnel)	8	2
几样	jǐ yàng	several kinds	8	2
军粮	jūn liáng	army provisions	8	2
佳作	jiā zuò	masterpiece; fine piece of writing	8	2
传单	chuán dān	leaflet; flier; pamphlet	8	2
香菇	xiāng gū	shiitake (Lentinus edodes), an edible mushroom	8	2
预后	yù hòu	prognosis	8	2
附录	fù lù	appendix; supplement; attachment	8	2
转接	zhuǎn jiē	(telephony etc) to switch; to connect; to transfer	8	2
走人	zǒu rén	(coll.) to leave; to beat it	8	2
负载	fù zài	to carry; to support; load	8	2
说唱	shuō chàng	speaking and singing, as in various forms of storytelling such as 彈詞 and 相聲	8	2
自保	zì bǎo	to defend oneself; self-defense; self-preservation	8	2
胸腔	xiōng qiāng	thoracic cavity	8	2
肿块	zhǒng kuài	swelling; growth; tumor	8	2
端口	duān kǒu	interface; port	8	2
眼力	yǎn lì	eyesight; strength of vision; the ability to make discerning judgments	8	2
目送	mù sòng	to follow with one's eyes (a departing guest etc)	8	2
皮开肉绽	pí kāi ròu zhàn	flesh lacerated from corporal punishment (idiom)	8	2
病重	bìng zhòng	seriously ill	8	2
烟尘	yān chén	smoke and dust; air pollution	8	2
游艺	yóu yì	entertainment	8	2
植物园	zhí wù yuán	botanical garden; arboretum	8	2
推想	tuī xiǎng	to reckon; to infer; to imagine	8	2
手无寸铁	shǒu wú cùn tiě	lit. not an inch of steel (idiom); unarmed and defenseless	8	2
戏弄	xì nòng	to play tricks on; to make fun of; to tease	8	2
心律	xīn lǜ	(medicine) heart rhythm	8	2
干警	gàn jǐng	police; police cadres	8	2
居室	jū shì	room; apartment	8	2
小刀	xiǎo dāo	knife	8	2
学究	xué jiū	pedant	8	2
天涯	tiān yá	the other end of the world; a faraway place	8	2
回音	huí yīn	echo; reply; turn (ornament in music)	8	2
反比	fǎn bǐ	inversely proportional; inverse ratio	8	2
千千万万	qiān qiān wàn wàn	lit. by the thousands and tens of thousands (idiom); untold numbers	8	2
务农	wù nóng	farming; to work the land	8	2
利好	lì hǎo	(finance) sth that engenders bullish sentiment; favorable news	8	2
先知	xiān zhī	a person of foresight; (religion) a prophet	8	2
修饰	xiū shì	to decorate; to adorn; to dress up	8	2
传译	chuán yì	to translate; to interpret	8	2
丧权辱国	sàng quán rǔ guó	to forfeit sovereignty and humiliate the country (idiom)	8	2
饮茶	yǐn chá	to drink tea; (Cantonese) to have tea and dim sum	8	2
陆战	lù zhàn	(military) to fight on land; ground warfare	8	2
闪现	shǎn xiàn	to flash	8	2
锦绣	jǐn xiù	beautiful	8	2
谈及	tán jí	to talk about; to mention	8	2
观礼	guān lǐ	to attend a ritual	8	2
良策	liáng cè	good plan; good idea	8	2
老妈	lǎo mā	mother; mom	8	2
翻脸	fān liǎn	to fall out with sb; to become hostile	8	2
缺水	quē shuǐ	water shortage; dehydration	8	2
笔画	bǐ huà	strokes of a Chinese character	8	2
神力	shén lì	occult force; the power of a God or spirit	8	2
磨练	mó liàn	to temper oneself; to steel oneself; self-discipline	8	2
看守所	kān shǒu suǒ	detention center	8	2
泥石流	ní shí liú	landslide; torrent of mud and stones; mudslide	8	2
汇总	huì zǒng	to collect and summarize; to aggregate (data, reports etc)	8	2
柴草	chái cǎo	firewood	8	2
无误	wú wù	verified; unmistaken	8	2
敲击	qiāo jī	to pound; to rap	8	2
提成	tí chéng	to take a percentage (from a sum of money); a commission; a cut	8	2
抽取	chōu qǔ	to extract; to remove	8	2
执导	zhí dǎo	to direct (a film, play etc)	8	2
得寸进尺	dé cùn jìn chǐ	lit. win an inch, want a foot (idiom); fig. not satisfied with small gains	8	2
影踪	yǐng zōng	trace; sign	8	2
幼体	yòu tǐ	the young (unborn or newborn) of an animal; larva	8	2
居住地	jū zhù dì	current address; place of residence	8	2
将官	jiàng guān	general	8	2
大势	dà shì	overall trend	8	2
卤素	lǔ sù	halogen (chemistry)	8	2
功用	gōng yòng	function	8	2
刺中	cì zhòng	to hit with a piercing blow	8	2
利尿	lì niào	to promote urination; diuresis	8	2
冠名	guàn míng	to name (a sports team, a competition etc)	8	2
假借	jiǎ jiè	to make use of; to use sth as pretext; under false pretenses	8	2
以人为本	yǐ rén wéi běn	people-oriented	8	2
交会	jiāo huì	to encounter; to rendezvous; to converge	8	2
乡间	xiāng jiān	in the country; rural; pastoral	8	2
世道	shì dào	the ways of the world; the morals of the time	8	2
且不说	qiě bù shuō	not to mention; leaving aside	8	2
专属	zhuān shǔ	to belong or be dedicated exclusively to; proprietary; private; personal	8	2
限量	xiàn liàng	to limit the amount (of); to restrict the quantity (of)	8	2
降级	jiàng jí	to demote; to relegate; to degrade	8	2
金融业	jīn róng yè	financial sector; the banking business	8	2
逻辑学	luó ji xué	logic	8	2
迈向	mài xiàng	to stride toward (success); to march toward; to take a step toward	8	2
车马	chē mǎ	vehicles and horses	8	2
贸易额	mào yì é	volume of trade (between countries)	8	2
群英	qún yīng	assemblage of talented individuals; ensemble of heroes	8	2
糖类	táng lèi	sugar (chemistry)	8	2
移送	yí sòng	to transfer (a case, a person, files etc)	8	2
相视	xiāng shì	to look at each other	8	2
泪痕	lèi hén	tear stains	8	2
棉被	mián bèi	comforter; quilt	8	2
树龄	shù líng	age of a tree	8	2
有线	yǒu xiàn	wired; cable (television)	8	2
明快	míng kuài	(of style, mood etc) bright; lively; brisk; prompt; decisive	8	2
旅长	lǚ zhǎng	(military) brigade commander	8	2
拟订	nǐ dìng	to draw up (a plan)	8	2
招惹	zhāo rě	to court (trouble); to attract (attention); to provoke (sb)	8	2
感官	gǎn guān	sense; sense organ	8	2
年报	nián bào	annual report; annual publication	8	2
嫁人	jià rén	(of a woman) to get married; to take a husband	8	2
好气	hǎo qì	(coll.) good mood (usu. used in the negative)	8	2
奇人	qí rén	an eccentric; odd person; person of extraordinary talent	8	2
奄奄一息	yǎn yǎn yī xī	dying; at one's last gasp	8	2
天花板	tiān huā bǎn	ceiling (of a room)	8	2
大钱	dà qián	large sum of money; old Chinese type of coin of high denomination	8	2
国营企业	guó yíng qǐ yè	state-operated enterprise	8	2
前卫	qián wèi	advanced guard; vanguard; avant-garde	8	2
分社	fēn shè	subdivision or branch of an organization; news bureau	8	2
不争	bù zhēng	widely known; incontestable; undeniable	8	2
上半叶	shàng bàn yè	the first half (of a period)	8	2
音律	yīn lǜ	tuning; temperament; music	8	2
鞋匠	xié jiang	shoemaker; cobbler	8	2
链条	liàn tiáo	chain	8	2
钟表	zhōng biǎo	clock	8	2
重逢	chóng féng	to meet again; to be reunited; reunion	8	2
谢天谢地	xiè tiān xiè dì	(idiom) thank goodness	8	2
裁判员	cái pàn yuán	referee	8	2
缺憾	quē hàn	a regret; sth regrettable	8	2
编者	biān zhě	editor; compiler	8	2
物料	wù liào	material	8	2
照搬	zhào bān	to copy; to imitate	8	2
烧火	shāo huǒ	to light a fire for cooking	8	2
灾荒	zāi huāng	natural disaster; famine	8	2
演进	yǎn jìn	evolution; gradual forward progress	8	2
民选	mín xuǎn	democratically elected	8	2
梳洗	shū xǐ	to wash and groom oneself; to freshen up	8	2
来日	lái rì	future days; (literary) the next day	8	2
材质	cái zhì	texture of timber; quality of material; material (that sth is made of)	8	2
机警	jī jǐng	perceptive; astute; sharp	8	2
最低点	zuì dī diǎn	lowest point; nadir; minimum level	8	2
故而	gù ér	therefore	8	2
挺身	tǐng shēn	to straighten one's back	8	2
振幅	zhèn fú	amplitude	8	2
指派	zhǐ pài	to assign; to appoint; assignment	8	2
招抚	zhāo fǔ	to enlist enemy or rebel soldiers by offering amnesty	8	2
抗癌	kàng ái	anti-cancer	8	2
抄本	chāo běn	handwritten copy	8	2
总收入	zǒng shōu rù	gross income	8	2
怕死	pà sǐ	to be scared of dying	8	2
心肝	xīn gān	darling; (in negative sentences) heart; humanity	8	2
弱小	ruò xiǎo	small and weak; puny; the small and weak; children; women and children	8	2
幸灾乐祸	xìng zāi lè huò	lit. to take joy in calamity and delight in disaster (idiom); fig. to rejoice in other people's misfortune	8	2
屏息	bǐng xī	hold one's breath	8	2
寻死	xún sǐ	to attempt suicide; to court death	8	2
宴会厅	yàn huì tīng	ballroom; banqueting hall	8	2
复数	fù shù	(linguistics) plural; (math.) complex number	8	2
园艺	yuán yì	gardening; horticultural	8	2
含沙量	hán shā liàng	sand content; quantity of sediment (carried by a river)	8	2
发言权	fā yán quán	the right to speak; the right to express one's views	8	2
冬眠	dōng mián	to hibernate; hibernation	8	2
兼营	jiān yíng	a second job; supplementary way of making a living	8	2
代课	dài kè	to teach as substitute for absent teacher	8	2
一打	yī dá	dozen	8	2
阻断	zǔ duàn	to block; to obstruct; to intercept	8	2
闭门	bì mén	to close a door	8	2
重地	zhòng dì	location of political, economic, military, or cultural importance (usu. not open to the general public); sensitive area	8	2
酒后	jiǔ hòu	after drinking; under the influence of alcohol	8	2
通例	tōng lì	general rule; standard practice	8	2
远景	yuǎn jǐng	scenery in the distance; long-term prospects; (photography) long shot	8	2
走时	zǒu shí	(of a watch or clock) to keep time; (physics) propagation time	8	2
费解	fèi jiě	to be puzzled; hard to understand; unintelligible	8	2
蒙面	méng miàn	to cover one's face; to wear a mask; brazen; shameless	8	2
自足	zì zú	self-sufficient; satisfied with oneself	8	2
腺体	xiàn tǐ	gland	8	2
腰部	yāo bù	waist; small of the back	8	2
脖颈	bó gěng	back of the neck; nape	8	2
编撰	biān zhuàn	to compile; to edit	8	2
织机	zhī jī	loom	8	2
程序员	chéng xù yuán	programmer	8	2
白眼	bái yǎn	to give sb a dirty look; to cast a supercilious glance	8	2
病态	bìng tài	morbid or abnormal state	8	2
略略	lüè lüè	slightly; roughly; briefly; very generally	8	2
男篮	nán lán	men's basketball; men's basketball team	8	2
生产队	shēng chǎn duì	production team	8	2
淋巴细胞	lín bā xì bāo	lymphocyte	8	2
浴血	yù xuè	bathed in blood; (fig.) amid bloodshed and great sacrifice	8	2
泥炭	ní tàn	peat	8	2
泛起	fàn qǐ	to appear; to emerge; to surface	8	2
旗人	qí rén	Manchu; bannerman (refers to the eight Manchu banners 八旗)	8	2
断送	duàn sòng	to forfeit (future profit, one's life etc); ruined	8	2
撕裂	sī liè	to tear; to rip apart	8	2
摇曳	yáo yè	to sway gently (as in the wind); (of a flame) to flicker	8	2
接地	jiē dì	earth (electric connection); to earth	8	2
挺拔	tǐng bá	tall and straight	8	2
已婚	yǐ hūn	married	8	2
威势	wēi shì	might; power and influence	8	2
大水	dà shuǐ	flood	8	2
垮台	kuǎ tái	(of a dynasty, regime etc) to collapse; to fall from power	8	2
器乐	qì yuè	instrumental music	8	2
同性恋	tóng xìng liàn	homosexuality; gay person; gay love	8	2
叮当	dīng dāng	(onom.) ding dong; jingling of bells; clanking sound	8	2
医术	yī shù	medical expertise; art of healing	8	2
凭空	píng kōng	baseless (lie); without foundation	8	2
军令状	jūn lìng zhuàng	military order	8	2
兵役	bīng yì	military service	8	2
先主	xiān zhǔ	former ruler; founding ruler	8	2
井下	jǐng xià	underground; in the pit (mining)	8	2
鸡肉	jī ròu	chicken meat	8	2
追查	zhuī chá	to try to find out; to trace; to track down	8	2
轻举妄动	qīng jǔ wàng dòng	to act blindly without thinking (idiom)	8	2
软体动物	ruǎn tǐ dòng wù	mollusk	8	2
记性	jì xing	memory (ability to retain information)	8	2
角球	jiǎo qiú	corner kick (in soccer); free strike in hockey	8	2
若无其事	ruò wú qí shì	(idiom) as if nothing had happened; calm and composed; nonchalant	8	2
臣服	chén fú	to acknowledge allegiance to (some regime); to serve	8	2
肉食	ròu shí	carnivorous	8	2
筹委会	chóu wěi huì	organizing committee	8	2
祭礼	jì lǐ	sacrificial offerings; worship; religious rite	8	2
痛骂	tòng mà	to bawl out; to reprimand severely	8	2
病程	bìng chéng	course of disease	8	2
犯法	fàn fǎ	to break the law	8	2
歌舞团	gē wǔ tuán	song and dance troupe	8	2
楼盘	lóu pán	building under construction; commercial property	8	2
梳头	shū tóu	to comb one's hair; to comb sb's hair	8	2
极性	jí xìng	(chemical, electrical) polarity; polarized	8	2
掌控	zhǎng kòng	to control; in control of	8	2
按劳分配	àn láo fēn pèi	distribution according to work	8	2
恶战	è zhàn	hard fighting; fierce battle	8	2
待见	dài jian	(coll.) to like	8	2
归档	guī dàng	to file away; to place on file	8	2
弹琴	tán qín	to play or strum a lute or other stringed instrument	8	2
少不得	shǎo bu dé	cannot be avoided; cannot do without	8	2
小行星	xiǎo xíng xīng	asteroid; minor planet	8	2
圆盘	yuán pán	disk	8	2
围栏	wéi lán	fencing; railings; fence	8	2
后辈	hòu bèi	younger generation	8	2
叫醒	jiào xǐng	to awaken; to wake sb up; to rouse	8	2
动心	dòng xīn	to be moved; to be tempted	8	2
分段	fēn duàn	to divide (sth) into sections; to segment	8	2
分析法	fēn xī fǎ	the analytic method; analytic reasoning	8	2
冲刷	chōng shuā	to cleanse; to scrub; to scour	8	2
先河	xiān hé	source; precursor; forerunner	8	2
元宵	yuán xiāo	Lantern Festival; night of the 15th of the first lunar month	8	2
侨胞	qiáo bāo	countryman living abroad	8	2
何妨	hé fáng	what harm is there in (doing sth)	8	2
亲吻	qīn wěn	to kiss; kiss	8	2
产业工人	chǎn yè gōng rén	industrial worker	8	2
预留	yù liú	to set aside; to reserve	8	2
障碍物	zhàng ài wù	obstacle; hindrance	8	2
镜片	jìng piàn	lens	8	2
铁道	tiě dào	railway line; rail track	8	2
酒宴	jiǔ yàn	feast; banquet	8	2
货舱	huò cāng	cargo hold; cargo bay (of a plane)	8	2
装入	zhuāng rù	to load	8	2
苍茫	cāng máng	boundless; vast; hazy (distant horizon)	8	2
节节败退	jié jié bài tuì	to retreat again and again in defeat; to suffer defeat after defeat	8	2
臭味	chòu wèi	bad smell; foul odor	8	2
脸谱	liǎn pǔ	types of facial makeup in operas	8	2
稿件	gǎo jiàn	piece of writing submitted for publication; manuscript; article	8	2
稀缺	xī quē	scarce; scarcity	8	2
球状	qiú zhuàng	sphere	8	2
滑行	huá xíng	to slide; to coast; to glide	8	2
渔猎	yú liè	fishing and hunting; fig. to loot; to plunder	8	2
流光溢彩	liú guāng yì cǎi	(idiom) brilliant lights and vibrant colors	8	2
比值	bǐ zhí	ratio	8	2
死神	sǐ shén	mythological figure (such as the Grim Reaper) in charge of taking the souls of those who die	8	2
正规军	zhèng guī jūn	regular army; standing army	8	2
正方	zhèng fāng	the side in favor of the proposition (in a formal debate)	8	2
林场	lín chǎng	forestry station; forest management area	8	2
松动	sōng dòng	loose; slack; (fig.) to soften (policies, tone of voice)	8	2
机敏	jī mǐn	agility	8	2
本名	běn míng	original name; real name; (of foreigners) first name; given name	8	2
木炭	mù tàn	charcoal	8	2
有形	yǒu xíng	material; tangible; visible; shapely	8	2
映射	yìng shè	to shine on; (math., linguistics etc) mapping	8	2
无端	wú duān	for no reason at all	8	2
斑纹	bān wén	stripe; streak	8	2
掩映	yǎn yìng	hidden from view; alternately hidden and visible; setting off each other	8	2
担纲	dān gāng	to play the leading role	8	2
心道	xīn dào	(literary) to think to oneself	8	2
布衣	bù yī	plain cotton clothing; (literary) the common people	8	2
工艺美术	gōng yì měi shù	applied art	8	2
实证	shí zhèng	actual proof; concrete evidence; empirical	8	2
天人	tiān rén	Man and Heaven; celestial being	8	2
大校	dà xiào	senior ranking officer in Chinese army; senior colonel	8	2
外销	wài xiāo	to export; to sell abroad	8	2
处事	chǔ shì	to handle affairs; to deal with matters	8	2
哀悼	āi dào	to grieve over sb's death; to lament sb's death; mourning	8	2
合围	hé wéi	to surround; to close in around (one's enemy, prey etc)	8	2
口渴	kǒu kě	thirsty	8	2
去势	qù shì	to neuter; neutered	8	2
剥削阶级	bō xuē jiē jí	exploiting class (in Marxist theory)	8	2
中锋	zhōng fēng	(sports) midfielder; (basketball) center; (hockey, soccer) center forward	8	2
一元	yī yuán	(math.) single-variable; univariate	8	2
飘逸	piāo yì	graceful; elegant; to drift	8	2
阵风	zhèn fēng	gust	8	2
闹腾	nào teng	to disturb; to create confusion; to make a din	8	2
问答	wèn dá	question and answer	8	2
通体	tōng tǐ	(of sb or sth) whole or entire body	8	2
追捧	zhuī pěng	to exhibit great enthusiasm for sb or sth; to embrace	8	2
轻率	qīng shuài	cavalier; offhand; reckless	8	2
轻快	qīng kuài	light and quick; brisk; spry	8	2
车窗	chē chuāng	car window; window of a vehicle (bus, train etc)	8	2
责罚	zé fá	to punish	8	2
见证人	jiàn zhèng rén	eyewitness (to an incident); witness (to a legal transaction)	8	2
自救	zì jiù	to get oneself out of trouble	8	2
肝病	gān bìng	liver disease	8	2
紧要	jǐn yào	critical; crucial; vital	8	2
算数	suàn shù	to count numbers; to keep to one's word; to hold (i.e. to remain valid)	8	2
碎石	suì shí	gravel; crushed rock; rock debris	8	2
猎鹰	liè yīng	falcon	8	2
深浅	shēn qiǎn	deep or shallow; depth (of the sea); limits of decorum	8	2
活命	huó mìng	life; to survive; to save a life	8	2
格律	gé lǜ	forms of versification	8	2
暗喜	àn xǐ	hidden smile; smirk; to rejoice covertly	8	2
景气	jǐng qì	(of economy, business etc) flourishing; prosperous	8	2
旧日	jiù rì	former times; olden days	8	2
旋即	xuán jí	soon after; shortly	8	2
收容	shōu róng	to provide a place to stay; to house; to accommodate	8	2
捏造	niē zào	to make up; to fabricate	8	2
截面	jié miàn	section; cross-section	8	2
悠扬	yōu yáng	melodious; mellifluous	8	2
总司令部	zǒng sī lìng bù	general headquarters	8	2
当红	dāng hóng	currently popular (of movie stars, singers etc)	8	2
并发	bìng fā	to happen simultaneously	8	2
平手	píng shǒu	(sports) draw; tie	8	2
客源	kè yuán	source of customers	8	2
因地制宜	yīn dì zhì yí	(idiom) to use methods in line with local circumstances	8	2
合体	hé tǐ	to combine; combination; composite character (i.e. a synonym of 合體字)	8	2
参量	cān liàng	parameter (math); quantity used as a parameter; modulus (math.)	8	2
分级	fēn jí	to rank; to grade; to classify	8	2
兵家	bīng jiā	military strategist in ancient China; military commander; soldier	8	2
传染性	chuán rǎn xìng	infectious; contagious; infectiousness; transmissibility	8	2
乱说	luàn shuō	to talk drivel; to make irresponsible remarks	8	2
专业性	zhuān yè xìng	professionalism; specialization	8	2
不依	bù yī	not to comply; not to go along with; not to let off easily	8	2
钢梁	gāng liáng	steel beam; girder	8	2
重金	zhòng jīn	large sum of money	8	2
轻便	qīng biàn	lightweight and portable; light and convenient	8	2
转世	zhuǎn shì	reincarnation or transmigration (Buddhism)	8	2
超人	chāo rén	superhuman; exceptional	8	2
血肉横飞	xuè ròu héng fēi	(idiom) flesh and blood flying in all directions; carnage	8	2
血淋淋	xiě lín lín	bloody; blood-soaked; gory; grisly; cruel; brutal; harsh; grim; bitter	8	2
穿衣	chuān yī	to put on clothes; to get dressed	8	2
空心	kōng xīn	hollow; (of vegetables) to become hollow or spongy inside	8	2
碗筷	wǎn kuài	bowl and chopsticks; tableware	8	2
相联	xiāng lián	to interact; interrelated	8	2
直译	zhí yì	literal translation	8	2
电话机	diàn huà jī	telephone set	8	2
灰白色	huī bái sè	ash gray	8	2
活化	huó huà	activation	8	2
最远	zuì yuǎn	furthest; most distant; at maximum distance	8	2
旅行者	lǚ xíng zhě	traveler	8	2
提审	tí shěn	to commit sb for trial; to bring sb for interrogation	8	2
指摘	zhǐ zhāi	to criticize	8	2
扰动	rǎo dòng	to disturb; to stir up; disturbance	8	2
扎扎实实	zhā zha shí shí	firm; solid; reliable	8	2
才干	cái gàn	ability; competence	8	2
感光	gǎn guāng	light-sensitive	8	2
开店	kāi diàn	to open shop	8	2
展会	zhǎn huì	exhibition event; expo; trade fair	8	2
小道	xiǎo dào	bypath; trail; bribery as a means of achieving a goal	8	2
尊师	zūn shī	revered master	8	2
安好	ān hǎo	safe and sound; well	8	2
女家	nǚ jiā	bride's family (in marriage)	8	2
天道	tiān dào	natural law; heavenly law; weather (dialect)	8	2
大蒜	dà suàn	garlic	8	2
块状	kuài zhuàng	lump	8	2
圆柱形	yuán zhù xíng	cylindrical	8	2
困苦	kùn kǔ	deprivation; distressed; miserable	8	2
口舌	kǒu shé	dispute or misunderstanding caused by gossip; to talk sb round	8	2
信用社	xìn yòng shè	credit union	8	2
中青年	zhōng qīng nián	middle-aged	8	2
下身	xià shēn	lower part of the body; genitalia; trousers	8	2
高音	gāo yīn	high pitch; soprano; treble	8	2
骑射	qí shè	equestrian archery; riding and shooting	8	2
驳斥	bó chì	to refute; to debunk; to deny	8	2
铁板	tiě bǎn	iron panel; hot iron plate for fast grilling (Japanese: teppan)	8	2
通则	tōng zé	general rule; general principle	8	2
送信	sòng xìn	to send word; to deliver a letter	8	2
追述	zhuī shù	recollections; to relate (past events)	8	2
远祖	yuǎn zǔ	a remote ancestor	8	2
这么着	zhè me zhe	thus; in this way; like this	8	2
迈步	mài bù	to take a step; to step forward	8	2
论及	lùn jí	to make reference to; to mention	8	2
许配	xǔ pèi	to betroth a girl (in arranged marriages)	8	2
落马	luò mǎ	(lit.) to fall from a horse; (fig.) to suffer a setback	8	2
臂膀	bì bǎng	arm	8	2
脱贫	tuō pín	to lift oneself out of poverty	8	2
肝癌	gān ái	liver cancer	8	2
粉刷	fěn shuā	to paint; to whitewash; emulsion	8	2
笨拙	bèn zhuō	clumsy; awkward; stupid	8	2
病故	bìng gù	to die of an illness	8	2
病倒	bìng dǎo	to fall ill; to be stricken with an illness	8	2
版面	bǎn miàn	page of a publication (e.g. newspaper or website)	8	2
炼油厂	liàn yóu chǎng	oil refinery	8	2
潜意识	qián yì shí	unconscious mind; subconscious mind; subconsciousness	8	2
游说	yóu shuì	to lobby; to campaign; to promote (an idea, a product)	8	2
河面	hé miàn	surface of a river	8	2
没准	méi zhǔn	not sure; maybe	8	2
水滴	shuǐ dī	drop of water	8	2
柴火	chái huo	plant material used as fuel (firewood, straw, leaves etc)	8	2
析出	xī chū	to separate out	8	2
本位	běn wèi	(economics) standard; benchmark (as in 金本位 "gold standard")	8	2
收益率	shōu yì lǜ	earnings rate; earnings yield (finance)	8	2
并重	bìng zhòng	to give equal emphasis to; to attach equal importance to	8	2
平直	píng zhí	smooth; level	8	2
平均值	píng jūn zhí	average value	8	2
巷子	xiàng zi	alley	8	2
巡警	xún jǐng	police patrol; patrol officer	8	2
展品	zhǎn pǐn	exhibit; displayed item	8	2
另类	lìng lèi	offbeat; alternative; avant-garde	8	2
印制	yìn zhì	to print; to produce (a publication)	8	2
切勿	qiè wù	by no means	8	2
出水	chū shuǐ	to discharge water; to appear out of the water; to break the surface	8	2
决算	jué suàn	final account; to calculate the final bill	8	2
内伤	nèi shāng	internal injury	8	2
佣人	yōng rén	servant	8	2
份儿	fèn r	degree; extent; allotted share	8	2
争霸	zhēng bà	to contend for hegemony; a power struggle	8	2
中坚	zhōng jiān	core; nucleus; backbone	8	2
飘扬	piāo yáng	to wave; to flutter; to fly	8	2
风头	fēng tóu	wind direction; the way the wind blows; fig. trend	8	2
音色	yīn sè	tone; timbre; sound color	8	2
青菜	qīng cài	green vegetables; Chinese cabbage	8	2
闭锁	bì suǒ	to lock	8	2
针线	zhēn xiàn	needle and thread; needlework	8	2
购买力	gòu mǎi lì	purchasing power	8	2
豪爽	háo shuǎng	outspoken and straightforward; forthright; expansive	8	2
调停	tiáo tíng	to reconcile; to mediate; to bring warring parties to agreement	8	2
语录	yǔ lù	quotation (from a book or existing source)	8	2
译员	yì yuán	interpreter; translator (esp. oral)	8	2
评述	píng shù	to comment on; commentary	8	2
被子植物	bèi zǐ zhí wù	angiosperm (flowering plants with seed contained in a fruit)	8	2
舰长	jiàn zhǎng	commander; captain (of a warship)	8	2
结石	jié shí	(medicine) calculus; stone	8	2
累累	léi léi	(literary) (of fruit, achievements etc) clusters of; piles of; heaps of	8	2
精微	jīng wēi	subtle; profound	8	2
秃头	tū tóu	to bare one's head; to be bareheaded; to go bald; bald head	8	2
监护人	jiān hù rén	guardian	8	2
盈余	yíng yú	surplus; profit	8	2
疗伤	liáo shāng	healing; to heal; to make healthy again	8	2
田亩	tián mǔ	field	8	2
爽朗	shuǎng lǎng	clear and bright (of weather); straightforward; candid	8	2
漫漫	màn màn	long; endless; boundless	8	2
水桶	shuǐ tǒng	bucket	8	2
水墨	shuǐ mò	ink (used in painting)	8	2
毛利率	máo lì lǜ	gross profit margin; gross margin	8	2
死死	sǐ sǐ	rigid; unwavering; unbendable	8	2
树根	shù gēn	tree roots	8	2
查获	chá huò	to track down and seize (a criminal suspect, contraband etc)	8	2
暴涨	bào zhǎng	to increase sharply; to rise dramatically	8	2
恳切	kěn qiè	earnest; sincere	8	2
当政	dāng zhèng	to come to power; to hold power; in office	8	2
对数	duì shù	(math.) logarithm	8	2
姑爷	gū ye	son-in-law (used by wife's family); uncle (husband of father's sister)	8	2
奶子	nǎi zi	(coll.) milk; (coll.) breast; booby	8	2
女足	nǚ zú	women's soccer; women's football; women's soccer team	8	2
奉养	fèng yǎng	to look after (elderly parents); Taiwan pr.	8	2
天时	tiān shí	the time; the right time; weather conditions	8	2
壁垒	bì lěi	rampart; barrier	8	2
合法性	hé fǎ xìng	legitimacy	8	2
包办	bāo bàn	to undertake to do everything by oneself; to run the whole show	8	2
准确性	zhǔn què xìng	accuracy	8	2
佳人	jiā rén	beautiful woman	8	2
丝线	sī xiàn	silk thread (for sewing); silk yarn (for weaving)	8	2
不折不扣	bù zhé bù kòu	a hundred percent; to the letter; out-and-out	8	2
不可或缺	bù kě huò quē	necessary; must have	8	2
黑熊	hēi xióng	Asiatic black bear (Ursus thibetanus)	8	2
黑子	hēi zǐ	black piece (in Chinese chess); black stone (in Go); (astronomy) sunspot	8	2
铺天盖地	pū tiān gài dì	(lit.) eclipsing the sky and blanketing the earth (idiom)	8	2
遮蔽	zhē bì	to cover; to hide from view; to obstruct or block	8	2
遥遥	yáo yáo	distant; remote	8	2
花序	huā xù	inflorescence; flower cluster	8	2
给养	jǐ yǎng	provisions; supplies; victuals	8	2
纷繁	fēn fán	numerous and complicated	8	2
精灵	jīng líng	spirit; fairy; elf	8	2
精干	jīng gàn	crack (troops); special (forces); highly capable	8	2
疼爱	téng ài	to love dearly; to dote on (sb)	8	2
疏忽大意	shū hu dà yì	oversight; negligence; careless	8	2
源流	yuán liú	(of watercourses) source and course; origin and development	8	2
民居	mín jū	houses; homes	8	2
死期	sǐ qī	time of death; limited to a fixed period of time; fixed term	8	2
死命	sǐ mìng	doom; death; desperately	8	2
扁担	biǎn dan	carrying pole; shoulder pole	8	2
封号	fēng hào	(archaic) title granted to a person; to ban an (online) account	8	2
奔流	bēn liú	to flow at great speed; to pour; racing current	8	2
国策	guó cè	a national policy	8	2
劳动模范	láo dòng mó fàn	model worker	8	2
农林	nóng lín	agriculture and forestry	8	2
偷听	tōu tīng	to eavesdrop; to monitor (secretly)	8	2
保守党	bǎo shǒu dǎng	conservative political parties	8	2
低垂	dī chuí	to droop; to hang low	8	2
人造卫星	rén zào wèi xīng	artificial satellite	8	2
些许	xiē xǔ	a few; a little; a bit	8	2
买家	mǎi jiā	buyer; purchaser	8	2
世世代代	shì shì dài dài	for many generations	8	2
不怀好意	bù huái hǎo yì	(idiom) to harbor evil designs; to harbor malicious intentions	8	2
驰援	chí yuán	to rush to the rescue	8	2
难熬	nán áo	(of pain or hardship) hard to bear	8	2
隐退	yǐn tuì	to retire (from society, esp. from politics); to vanish	8	2
连线	lián xiàn	electrical lead; connecting line	8	2
苦楚	kǔ chǔ	suffering; misery; pain (esp. psychological)	8	2
耐寒	nài hán	coldproof; resistant to cold	8	2
稀土	xī tǔ	rare earth (chemistry)	8	2
痒痒	yǎng yang	to itch; to tickle	8	2
疾风	jí fēng	strong wind; gale	8	2
瓷瓶	cí píng	porcelain bottle	8	2
狗日	gǒu rì	lit. fucked or spawned by a dog; contemptible; lousy, fucking	8	2
特等	tè děng	special grade; top quality	8	2
清爽	qīng shuǎng	fresh and cool; relaxed	8	2
浅滩	qiǎn tān	shallows; shoal; sandbar	8	2
毒害	dú hài	to harm (sb's health) with narcotics etc; to poison (people's minds); to corrupt	8	2
格子	gé zi	lattice; check (pattern of squares)	8	2
核酸	hé suān	nucleic acid; (coll.) nucleic acid test (abbr. for 核酸檢測)	8	2
枪手	qiāng shǒu	gunman; sharpshooter; sb who takes an exam for sb else	8	2
早报	zǎo bào	morning newspaper	8	2
救生	jiù shēng	to save a life; life-saving	8	2
救火	jiù huǒ	to put out a fire; firefighting	8	2
搞定	gǎo dìng	to fix; to settle; to wangle	8	2
捉弄	zhuō nòng	to tease	8	2
折射率	zhé shè lǜ	refractive index	8	2
恰似	qià sì	just like; exactly like	8	2
总领事	zǒng lǐng shì	consul general	8	2
得益	dé yì	to derive benefit	8	2
当机立断	dāng jī lì duàn	to make prompt decisions (idiom)	8	2
女单	nǚ dān	women's singles (in tennis, badminton etc)	8	2
大肠	dà cháng	the large intestine	8	2
图样	tú yàng	diagram; blueprint	8	2
吉凶	jí xiōng	good and bad luck (in astrology)	8	2
儿时	ér shí	childhood	8	2
供需	gōng xū	supply and demand	8	2
人儿	rén r	figurine	8	2
食物中毒	shí wù zhòng dú	food poisoning	8	2
飞驰	fēi chí	to speed; to rush	8	2
飞弹	fēi dàn	(Tw) missile; stray bullet	8	2
须要	xū yào	must; have to	8	2
面谈	miàn tán	face-to-face meeting; an interview	8	2
面料	miàn liào	material for making clothes	8	2
险情	xiǎn qíng	peril; dangerous circumstance	8	2
阻滞	zǔ zhì	to clog up; silted up	8	2
退守	tuì shǒu	to retreat and defend; to withdraw and maintain one's guard	8	2
辱骂	rǔ mà	to insult; to revile; abuse	8	2
软骨	ruǎn gǔ	cartilage	8	2
软化	ruǎn huà	to soften	8	2
转业	zhuǎn yè	to change one's profession; to transfer to civilian work	8	2
营业额	yíng yè é	sum or volume of business; turnover	8	2
脂粉	zhī fěn	cosmetics	8	2
翻看	fān kàn	to browse; to look over (books)	8	2
罚球	fá qiú	penalty shot; penalty kick (in sports)	8	2
结伴	jié bàn	to go with sb; to form companionships	8	2
红木	hóng mù	red wood; mahogany; rosewood	8	2
租借地	zū jiè dì	concession (territory)	8	2
矿体	kuàng tǐ	ore body (geology)	8	2
电子学	diàn zǐ xué	electronics	8	2
满天	mǎn tiān	whole sky	8	2
滚烫	gǔn tàng	boiling hot	8	2
浓密	nóng mì	thick; murky	8	2
母系	mǔ xì	maternal; matriarchal	8	2
收割	shōu gē	to harvest; to reap; to gather in crops	8	2
拘谨	jū jǐn	reserved; overcautious	8	2
情急之下	qíng jí zhī xià	in a moment of desperation	8	2
怪罪	guài zuì	to blame	8	2
怒潮	nù cháo	(tidal) bore; raging tide	8	2
微薄	wēi bó	scanty; meager	8	2
异构体	yì gòu tǐ	isomer (chemistry)	8	2
小节	xiǎo jié	a minor matter; trivia; bar (music)	8	2
寡人	guǎ rén	I (first person pronoun used by royalty or nobility)	8	2
失修	shī xiū	disrepair	8	2
地理学家	dì lǐ xué jiā	geographer	8	2
前额	qián é	forehead	8	2
凄惨	qī cǎn	plaintive; mournful; miserable	8	2
军旅	jūn lǚ	army	8	2
充饥	chōng jī	to allay one's hunger	8	2
依存	yī cún	to depend on sth for existence; dependent on	8	2
住持	zhù chí	to administer a monastery Buddhist or Daoist; abbot; head monk	8	2
会员国	huì yuán guó	member nation	8	2
云层	yún céng	the clouds; cloud layer; cloud bank	8	2
下行	xià xíng	(of trains) down (i.e. away from the capital)	8	2
黑沉沉	hēi chén chén	pitch-dark	8	2
首尾	shǒu wěi	head and tail	8	2
飞天	fēi tiān	flying Apsara (Buddhist art)	8	2
隐匿	yǐn nì	to cover up; to hide; to conceal	8	2
邪气	xié qì	evil influence; unhealthy trend; (a person's) evil air	8	2
通明	tōng míng	brightly lit	8	2
迫近	pò jìn	to approach; to press in	8	2
连通	lián tōng	to connect; to communicate; to relate	8	2
超声波	chāo shēng bō	ultrasound (scan)	8	2
花絮	huā xù	(news) tidbits; interesting sidelights	8	2
纹丝不动	wén sī bù dòng	to not move a single jot (idiom)	8	2
纵使	zòng shǐ	even if; even though	8	2
简朴	jiǎn pǔ	(of lifestyle, clothing, writing etc) simple; plain	8	2
票子	piào zi	(coll.) cash; bill	8	2
神经病	shén jīng bìng	mental disorder; neuropathy; (derog.) mental case	8	2
眼珠子	yǎn zhū zi	eyeball; fig. the apple of one's eye (i.e. favorite person)	8	2
相思	xiāng sī	to yearn; to pine	8	2
甘草	gān cǎo	licorice root	8	2
点球	diǎn qiú	penalty kick	8	2
浸染	jìn rǎn	to be contaminated; to be gradually influenced	8	2
油炸	yóu zhá	to deep fry	8	2
格格	gé ge	princess (loanword from Manchu, used in the Qing Dynasty)	8	2
方程式	fāng chéng shì	(math.) equation	8	2
探视	tàn shì	to visit (a patient, prisoner etc); to look inquiringly	8	2
投保	tóu bǎo	to take out insurance; to insure	8	2
必需品	bì xū pǐn	necessity; essential (thing)	8	2
崩塌	bēng tā	talus slide; to crumble (of scree slope); to collapse	8	2
圈地	quān dì	staking a claim to territory; enclosure	8	2
吸气	xī qì	to inhale; to breathe in	8	2
史家	shǐ jiā	historian	8	2
发白	fā bái	to turn pale; to lose color; to go white	8	2
即兴	jí xìng	improvisation (in the arts); impromptu; extemporaneous	8	2
剖面	pōu miàn	profile; section	8	2
划破	huá pò	to cut open; to rip; to streak across (lightning, meteor etc)	8	2
分毫	fēn háo	fraction; slightest difference; hairsbreadth	8	2
决裂	jué liè	to rupture; to burst open; to break	8	2
军事基地	jūn shì jī dì	military base	8	2
兽类	shòu lèi	animals	8	2
免受	miǎn shòu	to avoid suffering; to prevent (sth bad); to protect against (damage)	8	2
仙子	xiān zǐ	fairy	8	2
中篇小说	zhōng piān xiǎo shuō	novella	8	2
三轮车	sān lún chē	pedicab; tricycle	8	2
雄心	xióng xīn	great ambition; lofty aspiration	8	2
间或	jiàn huò	occasionally; now and then	8	2
酒精灯	jiǔ jīng dēng	spirit lamp	8	2
通婚	tōng hūn	to intermarry	8	2
轰鸣	hōng míng	boom (sound of explosion); rumble	8	2
落花流水	luò huā liú shuǐ	to be in a sorry state; to be utterly defeated	8	2
荒野	huāng yě	wilderness	8	2
示众	shì zhòng	to publicly expose	8	2
着装	zhuó zhuāng	to dress; dress; clothes	8	2
看透	kàn tòu	to understand thoroughly; to see beyond the facade; to see through (sb)	8	2
献上	xiàn shàng	to offer (respectfully); to present	8	2
狱卒	yù zú	jailer (old)	8	2
物色	wù sè	to look for; to seek out; to choose	8	2
演算	yǎn suàn	to perform calculations	8	2
浅薄	qiǎn bó	superficial	8	2
棋局	qí jú	state of play in a game of chess	8	2
探险家	tàn xiǎn jiā	explorer	8	2
找上门	zhǎo shàng mén	to come to sb's door; to call on sb	8	2
房贷	fáng dài	home loan	8	2
惨死	cǎn sǐ	to die tragically; to meet with a violent death	8	2
恋情	liàn qíng	romantic love	8	2
忧患	yōu huàn	suffering; misery; hardship	8	2
志向	zhì xiàng	ambition; goal; ideal	8	2
小包	xiǎo bāo	packet	8	2
孤身	gū shēn	alone; lonely	8	2
娃子	wá zi	baby; small child; (arch.) slave among ethnic minorities	8	2
奠基	diàn jī	to lay a foundation	8	2
套路	tào lù	sequence of movements in martial arts; routine; pattern	8	2
卖场	mài chǎng	(big) store	8	2
前述	qián shù	aforestated; stated above; the preceding statement	8	2
别管	bié guǎn	no matter (who, what etc)	8	2
出界	chū jiè	to cross a border; (sport) to go out of bounds	8	2
假想	jiǎ xiǎng	imaginary; virtual; to imagine	8	2
供货	gōng huò	to supply goods	8	2
众口一词	zhòng kǒu yī cí	all of one voice; unanimous	8	2
从头到尾	cóng tóu dào wěi	from start to finish; from head to tail; the whole (thing)	8	2
下毒	xià dú	to put poison in sth; to poison	8	2
飞溅	fēi jiàn	to splash; to spatter	8	2
调子	diào zi	tune; melody; tuning	8	2
脸部	liǎn bù	face	8	2
胆汁	dǎn zhī	gall; bile	8	2
编者按	biān zhě àn	editor's commentary	8	2
纷乱	fēn luàn	numerous and disorderly	8	2
窥探	kuī tàn	to pry into or spy on; to snoop; to peep	8	2
私产	sī chǎn	private property	8	2
示弱	shì ruò	not to fight back; to take it lying down; to show weakness	8	2
眼科	yǎn kē	(department of) ophthalmology	8	2
画风	huà fēng	painting style	8	2
激增	jī zēng	to increase rapidly; to shoot up	8	2
消逝	xiāo shì	to fade away	8	2
浩大	hào dà	vast; huge	8	2
泪流满面	lèi liú mǎn miàn	cheeks streaming with tears (idiom)	8	2
民主化	mín zhǔ huà	to convert to democracy; democratic transformation	8	2
柔弱	róu ruò	weak; delicate	8	2
松鼠	sōng shǔ	squirrel	8	2
期望值	qī wàng zhí	expectations; (math) expected value	8	2
收编	shōu biān	to incorporate into one's troops; to weave in	8	2
搜刮	sōu guā	to rake in (money); to plunder; to milk people dry	8	2
拐子	guǎi zi	crutch; (derog.) lame person; kidnapper	8	2
抒情诗	shū qíng shī	lyric poetry	8	2
恶魔	è mó	demon; fiend	8	2
心智	xīn zhì	mind; mental faculties	8	2
征服者	zhēng fú zhě	conqueror	8	2
归功	guī gōng	to give credit; to give sb his due; attribution	8	2
异国	yì guó	exotic; foreign	8	2
应战	yìng zhàn	to take up a challenge; to face an attack and meet it	8	2
小册子	xiǎo cè zi	booklet; pamphlet; leaflet	8	2
外伤	wài shāng	injury; wound; trauma	8	2
处所	chù suǒ	place	8	2
基底	jī dǐ	plinth; base; substrate	8	2
地平线	dì píng xiàn	horizon	8	2
吐血	tù xiě	to cough up blood	8	2
反剪	fǎn jiǎn	with hands behind one's back; trussed	8	2
功利	gōng lì	utility	8	2
刀刃	dāo rèn	knife blade; crucial point	8	2
几倍	jǐ bèi	several times (bigger); double, treble, quadruple etc	8	2
免遭	miǎn zāo	to avoid suffering; to avoid meeting (a fatal accident); spared	8	2
光阴	guāng yīn	time available	8	2
先发制人	xiān fā zhì rén	(idiom) to gain the initiative by striking first; to preempt	8	2
仙草	xiān cǎo	medicinal herb (genus Mesona); grass jelly	8	2
享誉	xiǎng yù	to be renowned	8	2
临行	lín xíng	on leaving; on the point of departure	8	2
鸣枪	míng qiāng	to fire warning shots	8	2
鱼虾	yú xiā	fish and shrimp; aquatic produce	8	2
顶替	dǐng tì	to replace	8	2
野马	yě mǎ	feral horse; free-roaming horse; wild horse	8	2
重振	chóng zhèn	to revitalize; to restore (prestige, prosperity etc); revival; recovery	8	2
追捕	zhuī bǔ	to pursue; to be after; to hunt down	8	2
转子	zhuàn zǐ	(electricity) rotor	8	2
表姐	biǎo jiě	older female cousin through a female relative	8	2
行不通	xíng bu tōng	won't work; will get (you) nowhere	8	2
落水	luò shuǐ	to fall into water; to sink; overboard	8	2
胜利者	shèng lì zhě	victor; winner	8	2
细胞壁	xì bāo bì	cell wall	8	2
破例	pò lì	to make an exception	8	2
真言	zhēn yán	true statement; incantation (translates Sanskrit: dharani 陀羅尼	8	2
相位	xiàng wèi	phase (waves)	8	2
直截了当	zhí jié liǎo dàng	direct and plainspoken (idiom); blunt; straightforward	8	2
瘦弱	shòu ruò	thin and weak	8	2
畜产品	xù chǎn pǐn	domesticated animal products	8	2
生殖器	shēng zhí qì	reproductive organ; genitals	8	2
点卯	diǎn mǎo	morning roll call	8	2
炮响	pào xiǎng	sound of gunfire; fig. news of momentous events	8	2
清扫	qīng sǎo	to tidy up; to mop up; a sweep (against crime)	8	2
海潮	hǎi cháo	tide	8	2
泌尿	mì niào	to urinate; urination; urinary	8	2
歹毒	dǎi dú	vicious; ruthless; malevolent	8	2
校尉	xiào wèi	military officer	8	2
村镇	cūn zhèn	hamlet (place)	8	2
收受	shōu shòu	to receive; to accept	8	2
捕杀	bǔ shā	to hunt and kill (an animal or fish)	8	2
战列舰	zhàn liè jiàn	battleship	8	2
意味深长	yì wèi shēn cháng	profound; significant; meaningful	8	2
快艇	kuài tǐng	speedboat; motor launch	8	2
心中有数	xīn zhōng yǒu shù	to know what's going on	8	2
少奶奶	shào nǎi nai	young lady of the house; wife of the young master	8	2
尊崇	zūn chóng	to revere; to admire; to honor	8	2
坚贞不屈	jiān zhēn bù qū	faithful and unchanging (idiom); steadfast	8	2
叫苦	jiào kǔ	to whine about hardships; to complain of one's bitter lot; to complain	8	2
厚实	hòu shi	thick; substantial; sturdy	8	2
劳苦	láo kǔ	to toil; hard work	8	2
前敌	qián dí	front line (military)	8	2
剂型	jì xíng	delivery mechanism of a medicine (e.g. pill, powder etc)	8	2
分辩	fēn biàn	to explain the facts; to defend against an accusation	8	2
兴兵	xīng bīng	to send troops	8	2
八十	bā shí	eighty; 80	8	2
二维	èr wéi	two-dimensional	8	2
乡土	xiāng tǔ	native soil; one's native land; one's hometown	8	2
专司	zhuān sī	to work solely on; to have as one's (or its) sole function	8	2
不可分割	bù kě fēn gē	inalienable; unalienable; inseparable	8	2
风吹日晒	fēng chuī rì shài	(idiom) to be exposed to the elements	8	2
采矿业	cǎi kuàng yè	mining	8	2
酒会	jiǔ huì	drinking party; wine reception	8	2
道袍	dào páo	Taoist robe; traditional men's gown	8	2
贫下中农	pín xià zhōng nóng	(category defined by the Communist Party) poor and lower-middle peasants: farmers who, before land reform, possessed little or no land (poor peasants) and those who were barely able to support themselves with their own land (lower-middle peasants)	8	2
详述	xiáng shù	to recount	8	2
花边	huā biān	lace; decorative border	8	2
立意	lì yì	to conceptualize; to come up with the central idea	8	2
离休	lí xiū	to retire under the special retirement system for eligible veteran Communist cadres	8	2
短文	duǎn wén	short piece; article; short essay	8	2
眼窝	yǎn wō	eye socket	8	2
疆土	jiāng tǔ	territory	8	2
电灯泡	diàn dēng pào	light bulb; (slang) unwanted third guest	8	2
溃散	kuì sàn	(of troops) to be routed and dispersed	8	2
桥头	qiáo tóu	either end of a bridge; a bridgehead	8	2
来意	lái yì	one's purpose in coming	8	2
暴虐	bào nüè	brutal; tyrannical	8	2
施放	shī fàng	to fire; to discharge	8	2
方阵	fāng zhèn	square-shaped formation (military); phalanx; (math.) matrix	8	2
散热	sàn rè	to dissipate heat	8	2
拜倒	bài dǎo	to prostrate oneself; to fall on one's knees; to grovel	8	2
急急忙忙	jí jí máng máng	hurriedly	8	2
征途	zhēng tú	long journey; trek; course of an expedition	8	2
床沿	chuáng yán	the edge of a bed	8	2
年表	nián biǎo	timeline; chronology; annals	8	2
年岁	nián suì	years of age; age	8	2
娇嫩	jiāo nen	tender and lovely; fragile; delicate	8	2
奖赏	jiǎng shǎng	reward; prize; award	8	2
参拜	cān bài	to formally call on; to worship (a God); to pay homage to sb	8	2
劲旅	jìng lǚ	strong contingent; elite squad	8	2
出错	chū cuò	to make a mistake; error	8	2
准考证	zhǔn kǎo zhèng	(exam) admission ticket	8	2
倍增	bèi zēng	to double; to redouble; to increase many times over	8	2
低端	dī duān	low-end	8	2
互换	hù huàn	to exchange	8	2
了事	liǎo shì	to dispose of a matter; to be done with it	8	2
闪存	shǎn cún	(computing) flash memory	8	2
门牌	mén pái	door plate; house number	8	2
铁塔	tiě tǎ	iron tower	8	2
野花	yě huā	wildflower; woman of easy virtue	8	2
部长会议	bù zhǎng huì yì	minister level conference	8	2
远航	yuǎn háng	to travel a great distance by sea or air; voyage; long-haul flight	8	2
进水	jìn shuǐ	to have water get in (one's ear, shoes etc); to get flooded	8	2
辨析	biàn xī	to differentiate and analyze; to discriminate	8	2
费心	fèi xīn	to take a lot of trouble (over sb or sth); may I trouble you (to do sth)	8	2
诵经	sòng jīng	to chant the sutras	8	2
评分	píng fēn	to grade; to mark (student's work); grade	8	2
西服	xī fú	suit; Western-style clothes (historical usage)	8	2
肃然	sù rán	respectful; solemn; awed	8	2
羞耻	xiū chǐ	(a feeling of) shame	8	2
绝伦	jué lún	outstanding; peerless; beyond compare	8	2
租借	zū jiè	to rent; to lease	8	2
神殿	shén diàn	shrine	8	2
礼数	lǐ shù	etiquette	8	2
白面	bái miàn	wheat flour; flour; heroin	8	2
电位	diàn wèi	electric potential; voltage	8	2
电价	diàn jià	price of electricity	8	2
独奏	dú zòu	solo	8	2
父兄	fù xiōng	father and elder brother(s); head of the family; patriarch	8	2
烤烟	kǎo yān	flue-cured tobacco; tobacco for flue-curing	8	2
渗透压	shèn tòu yā	osmotic pressure	8	2
浆果	jiāng guǒ	berry	8	2
流逝	liú shì	(of time) to pass; to elapse	8	2
沿路	yán lù	along the way; on the way; area beside a road	8	2
油箱	yóu xiāng	fuel tank	8	2
沉积岩	chén jī yán	sedimentary rock (geology)	8	2
概率论	gài lǜ lùn	probability (math.)	8	2
枪托	qiāng tuō	butt of a gun; stock	8	2
权证	quán zhèng	warrant (finance)	8	2
昏昏沉沉	hūn hūn chén chén	(idiom) dizzy	8	2
教育家	jiào yù jiā	educationalist	8	2
效法	xiào fǎ	to imitate; to follow the example of	8	2
拼装	pīn zhuāng	to assemble	8	2
拦腰	lán yāo	(hitting) squarely in the middle; (slicing) across the middle	8	2
执政官	zhí zhèng guān	consul (of the Roman Republic); magistrate (chief administrator)	8	2
心口	xīn kǒu	pit of the stomach; solar plexus; words and thoughts	8	2
山腰	shān yāo	the mid-slope of a mountain	8	2
展览馆	zhǎn lǎn guǎn	exhibition hall	8	2
尊称	zūn chēng	to address sb deferentially; title; honorific	8	2
对症	duì zhèng	correct diagnosis; to prescribe the right cure for an illness	8	2
外延	wài yán	extension (semantics)	8	2
垂泪	chuí lèi	to shed tears	8	2
嘴脸	zuǐ liǎn	features, face (esp. derogatorily); look; appearance	8	2
吞食	tūn shí	to devour	8	2
口齿	kǒu chǐ	mouth and teeth; enunciation; to articulate	8	2
初具规模	chū jù guī mó	(of a project, organization etc) to have begun to take shape	8	2
刀锋	dāo fēng	cutting edge or point of a knife, sword or tool	8	2
刀具	dāo jù	cutting tool	8	2
养病	yǎng bìng	to recuperate; to convalesce; to take care of one's health after illness	8	2
企求	qǐ qiú	to seek for; to hope to gain; desirous	8	2
享乐	xiǎng lè	to indulge oneself	8	2
九成	jiǔ chéng	nine-tenths; ninety percent	8	2
中产	zhōng chǎn	middle class; bourgeois	8	2
下流	xià liú	lower course of a river; low-class; mean and lowly	8	2
上缴	shàng jiǎo	to transfer (income, profits etc) to higher authorities	8	2
鼻息	bí xī	breath	8	2
驾驶舱	jià shǐ cāng	cockpit; control cabin	8	2
预选	yù xuǎn	preselection; short-listing; primary election	8	2
随机应变	suí jī yìng biàn	to change according to the situation (idiom); pragmatic	8	2
足球队	zú qiú duì	soccer team	8	2
货款	huò kuǎn	payment for goods	8	2
评比	píng bǐ	to evaluate (by comparison)	8	2
装饰品	zhuāng shì pǐn	ornament	8	2
表象	biǎo xiàng	outward appearance; superficial; (philosophy, psychology) representation	8	2
落败	luò bài	to suffer a defeat; to fail; to fall behind	8	2
脚底	jiǎo dǐ	soles of the feet	8	2
老朽	lǎo xiǔ	decrepit and behind the times; old; useless	8	2
绝壁	jué bì	precipice	8	2
窃听	qiè tīng	to eavesdrop; to wiretap	8	2
砍伐	kǎn fá	to hew; to cut down	8	2
短程	duǎn chéng	short range	8	2
病害	bìng hài	plant disease	8	2
满分	mǎn fēn	full marks	8	2
消解	xiāo jiě	to eliminate; to dispel; resolution	8	2
浪花	làng huā	spray; ocean spray; spindrift	8	2
气化	qì huà	to vaporize; evaporation; carburetion	8	2
残杀	cán shā	to massacre; to slaughter	8	2
正道	zhèng dào	the correct path; the right way (Buddhism)	8	2
正常化	zhèng cháng huà	normalization (of diplomatic relations etc)	8	2
文笔	wén bǐ	writings; writing style	8	2
救活	jiù huó	to bring back to life	8	2
摊位	tān wèi	vendor's booth	8	2
握有	wò yǒu	to have; to hold (usu. sth abstract: power, distribution rights, a bargaining chip etc)	8	2
排尿	pái niào	to urinate	8	2
拼凑	pīn còu	to assemble; to put together	8	2
当铺	dàng pù	pawnshop	8	2
家事	jiā shì	family matters; domestic affairs; housework	8	2
存入	cún rù	to deposit (e.g. in a bank account)	8	2
好战	hào zhàn	warlike	8	2
大员	dà yuán	high official	8	2
回购	huí gòu	buyback; repurchase; to buy back	8	2
哥儿	gē r	brothers; boys	8	2
咽下	yàn xià	to swallow	8	2
吞咽	tūn yàn	to swallow; to gulp	8	2
单子	dān zǐ	the only son of a family; (functional programming or philosophy) monad	8	2
半透明	bàn tòu míng	translucent; semitransparent	8	2
写字	xiě zì	to write (by hand); to practice calligraphy	8	2
全胜	quán shèng	total victory; to excel by far; name of a tank	8	2
使领馆	shǐ lǐng guǎn	embassy and consulate	8	2
作主	zuò zhǔ	to decide; to have the final say	8	2
企鹅	qǐ é	penguin	8	2
今人	jīn rén	modern people	8	2
闻名于世	wén míng yú shì	world-famous	8	2
闭眼	bì yǎn	to close one's eyes; (fig.) to die; to pass away	8	2
银币	yín bì	silver coin	8	2
赴宴	fù yàn	to attend a banquet	8	2
谢罪	xiè zuì	to apologize for an offense; to offer one's apology for a fault	8	2
诗体	shī tǐ	poetic form or genre	8	2
艳遇	yàn yù	encounter with a beautiful woman; romance; affair	8	2
臭氧	chòu yǎng	ozone (O₃)	8	2
繁育	fán yù	to breed	8	2
直肠	zhí cháng	rectum (anatomy)	8	2
沙地	shā dì	sandy beach or river bank; sand dune; sandy land	8	2
更年期	gēng nián qī	menopause; andropause	8	2
时局	shí jú	current political situation	8	2
无碍	wú ài	without inconvenience; unimpeded; unhindered	8	2
持卡人	chí kǎ rén	cardholder	8	2
成套	chéng tào	forming a complete set; complementing one another	8	2
急于求成	jí yú qiú chéng	anxious for quick results (idiom); to demand instant success	8	2
心虚	xīn xū	lacking in confidence; diffident; to have a guilty conscience	8	2
开导	kāi dǎo	to talk sb round; to straighten sth out; to enlighten	8	2
库房	kù fáng	storeroom; warehouse	8	2
干练	gàn liàn	capable and experienced	8	2
带子	dài zi	belt; band; ribbon; strap; girdle; (coll.) audio or video tape	8	2
巨资	jù zī	huge investment; vast sum	8	2
寄生虫	jì shēng chóng	parasite (biology); (fig.) freeloader	8	2
子粒	zǐ lì	seed	8	2
女将	nǚ jiàng	female general	8	2
大四	dà sì	fourth year of university	8	2
基质	jī zhì	base solvent (of chemical compound); stroma (framing biological tissue)	8	2
坐车	zuò chē	to take the car, bus, train etc	8	2
囊括	náng kuò	to include; to embrace; to bring together	8	2
反悔	fǎn huǐ	to renege; to go back (on a deal); to back out (of a promise)	8	2
切忌	qiè jì	to avoid as taboo; to avoid by all means	8	2
决口	jué kǒu	(of a watercourse) to breach its banks; (of a dam) to burst	8	2
公章	gōng zhāng	official seal	8	2
信条	xìn tiáo	creed; article of faith	8	2
便携式	biàn xié shì	portable	8	2
传神	chuán shén	vivid; lifelike	8	2
交感神经	jiāo gǎn shén jīng	sympathetic nervous system	8	2
不锈钢	bù xiù gāng	stainless steel	8	2
万千	wàn qiān	myriad; multitudinous; multifarious	8	2
一年生	yī nián shēng	(botany) (of a plant) annual	8	2
飘然	piāo rán	to float in the air; swiftly; nimbly	8	2
鞭毛	biān máo	flagellum	8	2
野兔	yě tù	hare	8	2
酒量	jiǔ liàng	capacity for liquor; how much one can drink	8	2
选入	xuǎn rù	selected (for admission); elected	8	2
进关	jìn guān	inbound customs (international trade)	8	2
讨债	tǎo zhài	to demand repayment	8	2
裁断	cái duàn	to consider and decide	8	2
衣领	yī lǐng	collar; neck	8	2
血吸虫病	xuè xī chóng bìng	schistosomiasis	8	2
草书	cǎo shū	grass script; cursive script (Chinese calligraphic style)	8	2
经销	jīng xiāo	to sell; to sell on commission; to distribute	8	2
篮板球	lán bǎn qiú	rebound (basketball)	8	2
空话	kōng huà	empty talk; bunk; malicious gossip	8	2
祸患	huò huàn	disaster; calamity	8	2
瘦小	shòu xiǎo	slightly-built; petite	8	2
滴水	dī shuǐ	water drop; dripping water	8	2
深不可测	shēn bù kě cè	deep and unmeasurable (idiom); unfathomable depths; incomprehensible	8	2
法商	fǎ shāng	"legal quotient" (LQ), a measure of one's awareness and knowledge of the law and one's standard of honorable conduct	8	2
沉醉	chén zuì	to become intoxicated	8	2
水气	shuǐ qì	water vapor; steam	8	2
气焰	qì yàn	arrogance; haughtiness	8	2
榨取	zhà qǔ	to extract; to squeeze out (juice etc); (fig.) to exploit	8	2
构造运动	gòu zào yùn dòng	tectonic movement; movement of earth's crust	8	2
木船	mù chuán	wooden boat	8	2
无计可施	wú jì kě shī	(lit.) to have no strategy to apply (idiom)	8	2
无法无天	wú fǎ wú tiān	(idiom) defiant of the law and lacking any sense of morality; lawless; out of control; unruly	8	2
收尾	shōu wěi	to wind up; to bring to an end; to finish	8	2
挑拨	tiǎo bō	to incite disharmony; to instigate	8	2
扫射	sǎo shè	to rake with machine gunfire; to strafe; to machine-gun down	8	2
打假	dǎ jiǎ	to fight counterfeiting; to expose as false; to denounce sb's lies	8	2
悲凉	bēi liáng	sorrowful; dismal	8	2
心惊肉跳	xīn jīng ròu tiào	lit. heart alarmed, body leaping (idiom); fear and trepidation in the face of disaster	8	2
往昔	wǎng xī	the past	8	2
异族	yì zú	different tribe	8	2
市政厅	shì zhèng tīng	city hall	8	2
小径	xiǎo jìng	alley; trail	8	2
密使	mì shǐ	secret envoy	8	2
宠信	chǒng xìn	to dote on and trust	8	2
存货	cún huò	stock; inventory (of material)	8	2
基业	jī yè	foundation; base; family estate	8	2
后肢	hòu zhī	hind legs	8	2
初生	chū shēng	newborn; nascent; primary (biology)	8	2
初二	chū èr	second year in junior middle school; second day of a lunar month	8	2
决胜	jué shèng	to determine victory; to obtain victory	8	2
共产	gòng chǎn	(adj.) communist; communism; to collectivize ownership of property	8	2
体坛	tǐ tán	sporting circles; the world of sport	8	2
仇敌	chóu dí	enemy	8	2
书刊	shū kān	books and periodicals; publications	8	2
鬼脸	guǐ liǎn	wry face; to grimace; to pull a face	8	2
首家	shǒu jiā	first (hotel of its type, store of its type etc)	8	2
风尘	fēng chén	windblown dust; hardships of travel; vicissitudes of life	8	2
重回	chóng huí	to return	8	2
通气	tōng qì	ventilation; aeration; to keep each other informed	8	2
退色	tuì sè	also pr.	8	2
远行	yuǎn xíng	to travel far away from home	8	2
过敏性	guò mǐn xìng	hypersensitive; allergic reaction; anaphylaxis	8	2
贩运	fàn yùn	to transport (for sale); to traffic (in sth)	8	2
谦恭	qiān gōng	polite and modest	8	2
蒙受	méng shòu	to suffer; to sustain (loss)	8	2
腾空	téng kōng	to rise into the air; to become airborne	8	2
老牌	lǎo pái	old, well-known brand; old style; old school	8	2
绿化带	lǜ huà dài	landscaped green strip; planted green belt	8	2
积压	jī yā	to pile up; to accumulate without being dealt with	8	2
留存	liú cún	to keep; to preserve; extant	8	2
狗肉	gǒu ròu	dog meat	8	2
炼铁	liàn tiě	smelting iron	8	2
梅毒	méi dú	syphilis	8	2
核爆炸	hé bào zhà	nuclear explosion	8	2
征召	zhēng zhào	to enlist; to draft; to conscript	8	2
已故	yǐ gù	the late; deceased	8	2
工作站	gōng zuò zhàn	(computer) workstation	8	2
岩石圈	yán shí quān	(geology) lithosphere	8	2
少校	shào xiào	junior ranking officer in Chinese army; major; lieutenant commander	8	2
官名	guān míng	name of job in Imperial bureaucracy; official position	8	2
威震	wēi zhèn	to inspire awe	8	2
场次	chǎng cì	the number of showings of a movie, play etc; screening; performance	8	2
国父	guó fù	father or founder of a nation; Father of the Republic (Sun Yat-sen)	8	2
售后服务	shòu hòu fú wù	after-sales service	8	2
卸任	xiè rèn	to leave office	8	2
前段	qián duàn	front part (of an object); first part (of an event); previous paragraph	8	2
别称	bié chēng	another name; alternative name	8	2
凄厉	qī lì	mournful (sound)	8	2
冻死	dòng sǐ	to freeze to death; to die off in winter	8	2
冤假错案	yuān jiǎ cuò àn	unjust, fake and false charges (in a legal case)	8	2
农工	nóng gōng	agricultural worker; peasant and worker (in Marxism)	8	2
关键字	guān jiàn zì	keyword	8	2
全班	quán bān	the whole class	8	2
雨点	yǔ diǎn	raindrop	8	2
阴极	yīn jí	cathode; negative electrode (i.e. emitting electrons)	8	2
长枪	cháng qiāng	pike	8	2
金矿	jīn kuàng	gold mine; gold ore	8	2
近亲	jìn qīn	close relative	8	2
车门	chē mén	car door; door of bus, railway carriage etc	8	2
跨上	kuà shàng	to mount (a horse, bike, flight of stairs, rickshaw etc)	8	2
责任心	zé rèn xīn	sense of responsibility	8	2
调理	tiáo lǐ	to nurse one's health; to recuperate; to take care of	8	2
语义	yǔ yì	meaning of words; semantic	8	2
词句	cí jù	words and sentences	8	2
要挟	yāo xié	to threaten; to blackmail	8	2
落叶松	luò yè sōng	larch tree (Pinus larix); deciduous pine tree	8	2
臭气	chòu qì	stench	8	2
翼展	yì zhǎn	wingspan	8	2
组阁	zǔ gé	to form a cabinet	8	2
纪检	jì jiǎn	disciplinary inspection; to inspect another's discipline	8	2
红线	hóng xiàn	red line	8	2
红牌	hóng pái	red card (sports)	8	2
秉性	bǐng xìng	innate character; natural disposition; attitude	8	2
瞪眼	dèng yǎn	to open one's eyes wide; to stare; to glare (at sb)	8	2
相合	xiāng hé	to conform to; to fit with; to be compatible with	8	2
盛情	shèng qíng	great kindness; magnificent hospitality	8	2
球面	qiú miàn	sphere	8	2
环境污染	huán jìng wū rǎn	environmental pollution	8	2
烧酒	shāo jiǔ	name of a famous Tang dynasty wine; same as 白酒	8	2
灌区	guàn qū	area under irrigation	8	2
清偿	qīng cháng	to repay a debt in full; to redeem; to clear	8	2
海风	hǎi fēng	sea breeze	8	2
洋流	yáng liú	ocean current	8	2
捉摸	zhuō mō	to fathom; to make sense of; to grasp	8	2
念佛	niàn fó	to pray to Buddha; to chant the names of Buddha	8	2
引种	yǐn zhǒng	(agriculture, animal husbandry) to introduce a new variety of plant or animal	8	2
开恩	kāi ēn	to give a favor (used of Christian God)	8	2
小跑	xiǎo pǎo	to trot; to jog	8	2
小巧	xiǎo qiǎo	small and exquisite; delicate; fine (features)	8	2
家用电器	jiā yòng diàn qì	domestic electric appliance	8	2
媳妇儿	xí fù r	erhua form of 媳婦	8	2
天翻地覆	tiān fān dì fù	sky and the earth turning upside down (idiom); fig. complete confusion	8	2
天意	tiān yì	providence; the Will of Heaven	8	2
多层	duō céng	multilayered; multilevel; multistory	8	2
后撤	hòu chè	to pull back (an army); to retreat	8	2
口角	kǒu jiǎo	corner of the mouth	8	2
印象主义	yìn xiàng zhǔ yì	impressionism	8	2
单打独斗	dān dǎ dú dòu	to fight alone (idiom)	8	2
十字架	shí zì jià	cross; crucifix; yoke one has to endure	8	2
勃然大怒	bó rán dà nù	(idiom) to fly into a rage; to see red	8	2
动物界	dòng wù jiè	animal kingdom	8	2
前肢	qián zhī	forelimb; foreleg	8	2
刻薄	kè bó	unkind; harsh; cutting	8	2
制动	zhì dòng	to brake	8	2
减慢	jiǎn màn	to slow down	8	2
党性	dǎng xìng	the spirit or character of a political party	8	2
作画	zuò huà	to draw; to paint; to create artwork	8	2
一席话	yī xí huà	the content of a conversation; words; remarks	8	2
一家子	yī jiā zi	the whole family	8	2
鼻腔	bí qiāng	nasal cavity	8	2
风潮	fēng cháo	tempest; wave (of popular sentiment etc); craze or fad	8	2
震慑	zhèn shè	to awe; to intimidate	8	2
雪崩	xuě bēng	avalanche	8	2
雕花	diāo huā	carving; decorative carved pattern; arabesque	8	2
金币	jīn bì	gold coin	8	2
还手	huán shǒu	to hit back; to retaliate	8	2
足坛	zú tán	soccer circles; soccer world	8	2
豪气	háo qì	heroic spirit; heroism	8	2
讲师	jiǎng shī	instructor; lecturer	8	2
警犬	jǐng quǎn	police dog	8	2
葬身	zàng shēn	to bury a corpse; to be buried; (fig.) to die (at sea, in a fire etc)	8	2
莽撞	mǎng zhuàng	rash; reckless	8	2
苦思	kǔ sī	to think hard; bitter thoughts; to pour out one's sufferings	8	2
自由度	zì yóu dù	(number of) degrees of freedom (physics and statistics)	8	2
绞盘	jiǎo pán	capstan	8	2
细胞质	xì bāo zhì	cytoplasm	8	2
细胞膜	xì bāo mó	cell membrane	8	2
素数	sù shù	prime number	8	2
税法	shuì fǎ	tax code; tax law	8	2
私生子	sī shēng zǐ	illegitimate son	8	2
硕大	shuò dà	big; huge; massive	8	2
相撞	xiāng zhuàng	collision; crash; to crash together	8	2
盗墓贼	dào mù zéi	tomb robber; grave robber	8	2
百花齐放	bǎi huā qí fàng	a hundred flowers bloom (idiom); let the arts have free expression	8	2
煤层	méi céng	a coal bed; a coal seam	8	2
滑动	huá dòng	to slide; sliding movement	8	2
活埋	huó mái	to bury alive	8	2
模具	mú jù	(manufacturing) mold; die; also pr.	8	2
树冠	shù guān	treetop	8	2
条目	tiáo mù	clauses and sub-clauses (in formal document)	8	2
木刻	mù kè	woodcut	8	2
有性生殖	yǒu xìng shēng zhí	sexual reproduction	8	2
暴乱	bào luàn	riot; rebellion; revolt	8	2
无双	wú shuāng	incomparable; matchless; unique	8	2
政见	zhèng jiàn	political views	8	2
支点	zhī diǎn	fulcrum (for a lever)	8	2
拼写	pīn xiě	to spell	8	2
扶助	fú zhù	to assist	8	2
征询	zhēng xún	to consult; to solicit the opinion of	8	2
尊荣	zūn róng	honor and glory	8	2
家常便饭	jiā cháng biàn fàn	simple home-style meal; common occurrence; nothing out of the ordinary	8	2
嫁接	jià jiē	to graft (a branch or bud onto a rootstock)	8	2
奴性	nú xìng	servility; doormat mentality	8	2
坏话	huài huà	disparaging remarks; unkind things said about sb	8	2
后患	hòu huàn	future trouble	8	2
取悦	qǔ yuè	to try to please	8	2
十分之一	shí fēn zhī yī	one tenth	8	2
助教	zhù jiào	teaching assistant	8	2
冲掉	chōng diào	to wash out; to leach	8	2
入籍	rù jí	to become naturalized; to become a citizen	8	2
偷盗	tōu dào	to steal	8	2
体征	tǐ zhēng	(medical) sign; physical sign	8	2
一生一世	yī shēng yī shì	a whole lifetime (idiom); all my life	8	2
顺风	shùn fēng	lit. tail wind; Bon voyage!	8	2
防毒面具	fáng dú miàn jù	gas mask	8	2
阔叶	kuò yè	broad-leaved (tree)	8	2
锋芒	fēng máng	tip (of pencil, spear etc); sharp point; cutting edge	8	2
钙质	gài zhì	calcium	8	2
过热	guò rè	too hot; (fig.) (economics) overheated; (physics) to superheat	8	2
轻巧	qīng qiǎo	dexterous; deft; easy	8	2
转给	zhuǎn gěi	to pass on to	8	2
落空	là kòng	to omit; to neglect (to do sth)	8	2
致哀	zhì āi	to express grief; to mourn	8	2
耐用	nài yòng	durable	8	2
罚金	fá jīn	fine; to forfeit	8	2
索要	suǒ yào	to ask for; to request; to demand	8	2
糕点	gāo diǎn	cakes; pastries	8	2
等离子	děng lí zǐ	(physics) plasma	8	2
竞争者	jìng zhēng zhě	competitor	8	2
相像	xiāng xiàng	to resemble one another; to be alike; similar	8	2
皮炎	pí yán	dermatitis	8	2
疗程	liáo chéng	course of treatment	8	2
电容	diàn róng	capacitance; capacitor	8	2
独创	dú chuàng	to come up with (an innovation); innovation	8	2
火种	huǒ zhǒng	tinder; source of a fire; inflammable material	8	2
洒脱	sǎ tuo	free and at ease; natural; unconstrained	8	2
格言	gé yán	maxim	8	2
晶系	jīng xì	crystal system	8	2
施用	shī yòng	to implement; to use	8	2
故地	gù dì	once familiar places; former haunts	8	2
排场	pái chang	ostentation; a show of extravagance; grand style	8	2
成片	chéng piàn	(of a large number of things) to form an expanse; to cover an area	8	2
形式主义	xíng shì zhǔ yì	formalism (in philosophy, art, or literary theory)	8	2
当权	dāng quán	to hold power	8	2
开盘	kāi pán	to commence trading (stock market)	8	2
店家	diàn jiā	(dialect) shop; store	8	2
并进	bìng jìn	to advance together	8	2
对称性	duì chèn xìng	symmetry	8	2
家数	jiā shù	the distinctive style and techniques handed down from master to apprentice within a particular school	8	2
姑奶奶	gū nǎi nai	paternal great-aunt (father's father's sister)	8	2
失事	shī shì	(of a plane, ship etc) to have an accident (plane crash, shipwreck, vehicle collision etc)	8	2
大呼小叫	dà hū xiǎo jiào	to shout and quarrel; to make a big fuss	8	2
喝令	hè lìng	to shout an order or command	8	2
善哉	shàn zāi	excellent	8	2
呵斥	hē chì	to berate; to excoriate; to chide	8	2
同堂	tóng táng	to live under the same roof (of different generations)	8	2
召集人	zhào jí rén	convener	8	2
受辱	shòu rǔ	insulted; humiliated; disgraced	8	2
受精卵	shòu jīng luǎn	fertilized ovum	8	2
勤王	qín wáng	to serve the king diligently; to save the country in times of danger	8	2
倚重	yǐ zhòng	to rely heavily upon	8	2
世子	shì zǐ	crown prince; heir of a noble house	8	2
与世隔绝	yǔ shì gé jué	to be cut off from the rest of the world (idiom)	8	2
一个半	yī ge bàn	one and a half	8	2
预想	yù xiǎng	to anticipate; to expect	8	2
随笔	suí bǐ	essay	8	2
门面	mén mian	shop front; facade; prestige	8	2
重整	chóng zhěng	to restructure; to reorganize; to revamp	8	2
输球	shū qiú	(ball sports) to lose a match	8	2
谐振	xié zhèn	resonance; sympathetic vibration	8	2
话头	huà tóu	subject (under discussion); thread (of an argument)	8	2
记事	jì shì	to keep a record of events; record	8	2
萌生	méng shēng	to burgeon; to produce; to conceive	8	2
胶质	jiāo zhì	colloid; gelatinous matter	8	2
经纪	jīng jì	to manage (a business); manager; broker	8	2
约法	yuē fǎ	temporary law; provisional constitution	8	2
粮仓	liáng cāng	granary; barn; fig. bread basket (of fertile agricultural land)	8	2
签定	qiān dìng	to sign (a contract, treaty etc)	8	2
私情	sī qíng	personal considerations; love affair	8	2
知名人士	zhī míng rén shì	public figure; celebrity	8	2
电光	diàn guāng	light produced by electricity; (esp.) lightning flash	8	2
猛击	měng jī	to slap; to smack; to punch	8	2
没命	méi mìng	to lose one's life; to die; recklessly	8	2
栽植	zāi zhí	to plant; to transplant	8	2
无味	wú wèi	flavorless; unpalatable; odorless; dull; uninteresting	8	2
接收机	jiē shōu jī	receiver; TV or radio receiver	8	2
持平	chí píng	to stay level (of exchange rate, market share etc); fair; unbiased	8	2
拿捏	ná niē	(lit. and fig.) to grasp; to control; (dialect) affecting shyness; coy	8	2
截击	jié jī	to intercept (military)	8	2
戒刀	jiè dāo	Buddhist monk's knife (not used for killing)	8	2
愈益	yù yì	increasingly; more and more	8	2
心花怒放	xīn huā nù fàng	to burst with joy (idiom); to be over the moon; to be elated	8	2
巨著	jù zhù	monumental (literary) work	8	2
家父	jiā fù	(polite) my father	8	2
宴席	yàn xí	banquet; feast	8	2
婴幼儿	yīng yòu ér	baby	8	2
奶油	nǎi yóu	cream; butter; (coll.) effeminate	8	2
大戏	dà xì	large-scale Chinese opera; Beijing opera	8	2
团结一心	tuán jié yī xīn	to unite as one	8	2
善用	shàn yòng	to be good at using (sth); to put (sth) to good use	8	2
商品粮	shāng pǐn liáng	commodity grain (grain produced as a commodity rather than for self-sufficiency)	8	2
古道	gǔ dào	ancient road; precepts of the antiquity	8	2
博学	bó xué	learned; erudite	8	2
包产到户	bāo chǎn dào hù	fixing of farm output quotas for each household	8	2
剥离	bō lí	to peel; to strip; to peel off	8	2
出逃	chū táo	to run away; to flee (the country)	8	2
农学	nóng xué	agricultural science	8	2
共事	gòng shì	to work together	8	2
免税	miǎn shuì	not liable to taxation (of monastery, imperial family etc); tax free	8	2
作怪	zuò guài	(of a ghost) to make strange things happen; to act up	8	2
住口	zhù kǒu	shut up; shut your mouth; stop talking	8	2
二极管	èr jí guǎn	diode	8	2
争得	zhēng dé	to obtain by an effort; to strive to get sth	8	2
不定期	bù dìng qī	non-scheduled; irregularly	8	2
飘动	piāo dòng	to float; to drift	8	2
鞋底	xié dǐ	sole (of a shoe)	8	2
铁轨	tiě guǐ	rail; railroad track	8	2
败露	bài lù	(of a plot etc) to fall through and stand exposed	8	2
西经	xī jīng	west longitude	8	2
膀子	bǎng zi	upper arm; arm; wing	8	2
老板娘	lǎo bǎn niáng	female proprietor; lady boss; boss's wife	8	2
老本	lǎo běn	capital; assets; savings	8	2
结义	jié yì	to swear brotherhood	8	2
经学	jīng xué	study of the Confucian classics	8	2
税款	shuì kuǎn	tax payments	8	2
画画	huà huà	to draw; to paint	8	2
理顺	lǐ shùn	to straighten out; to sort out; to organize	8	2
消磨	xiāo mó	to wear down; to sap; to whittle away	8	2
某地	mǒu dì	somewhere; some place	8	2
未成年	wèi chéng nián	underage	8	2
方程组	fāng chéng zǔ	(math.) simultaneous equations; system of equations	8	2
整夜	zhěng yè	the whole night; all through the night	8	2
挪动	nuó dòng	to move; to shift	8	2
拓扑	tuò pū	(math.) (loanword) topology	8	2
报告会	bào gào huì	public lecture (with guest speakers etc)	8	2
微处理器	wēi chǔ lǐ qì	microprocessor	8	2
开门见山	kāi mén jiàn shān	lit. to open the door and see the mountain; fig. to get right to the point (idiom)	8	2
家居	jiā jū	home; residence; to stay at home (unemployed)	8	2
守门	shǒu mén	to keep goal; on duty as gatekeeper	8	2
天理	tiān lǐ	Heaven's law; the natural order of things	8	2
天机	tiān jī	mystery known only to heaven (archaic); inscrutable twist of fate	8	2
天底下	tiān dǐ xia	in this world; under the sun	8	2
大三	dà sān	third year of university	8	2
多疑	duō yí	mistrustful; suspicious; paranoid	8	2
坚毅	jiān yì	firm and persistent; unswerving determination	8	2
地台	dì tái	floor; platform	8	2
四顾	sì gù	to look around	8	2
商业区	shāng yè qū	business district; downtown	8	2
哺乳	bǔ rǔ	breastfeeding; to suckle; to nurse	8	2
吸着	xī zhuó	sorption (generic term for absorption, adsorption, diffusion, precipitation etc)	8	2
参议	cān yì	consultant; adviser	8	2
午时	wǔ shí	11 am-1 pm (in the system of two-hour subdivisions used in former times)	8	2
减低	jiǎn dī	to lower; to reduce	8	2
公转	gōng zhuàn	orbital revolution	8	2
倦怠	juàn dài	worn out; exhausted; dispirited	8	2
保长	bǎo cháng	(math.) distance-preserving; isometric	8	2
亏待	kuī dài	to treat sb unfairly	8	2
乱成一团	luàn chéng yī tuán	in a great mess; chaotic	8	2
不切实际	bù qiè shí jì	unrealistic; impractical	8	2
饰物	shì wù	decorations; jewelry	8	2
餐具	cān jù	tableware; dinner service	8	2
风闻	fēng wén	to learn sth through hearsay; to get wind of sth	8	2
集合论	jí hé lùn	set theory (math.)	8	2
随和	suí hé	amiable; easygoing	8	2
阴险	yīn xiǎn	treacherous; sinister	8	2
重症	zhòng zhèng	acute (of medical condition); grave	8	2
装机	zhuāng jī	to install; installation	8	2
表露	biǎo lù	to show; to reveal (one's feelings etc)	8	2
血衣	xuè yī	bloody garment	8	2
荒废	huāng fèi	to abandon (cultivated fields); no longer cultivated; to lie waste	8	2
精辟	jīng pì	clear and penetrating (e.g. analysis); incisive; insightful	8	2
穷苦	qióng kǔ	impoverished; destitute	8	2
破格	pò gé	to break the rule; to make an exception	8	2
猎户	liè hù	hunter	8	2
特工	tè gōng	secret service; special service; secret service agent	8	2
煤油	méi yóu	kerosene	8	2
漫不经心	màn bù jīng xīn	careless; heedless; absent-minded	8	2
源远流长	yuán yuǎn liú cháng	(idiom) of long standing; with a long history; stretching back to ancient times	8	2
混进	hùn jìn	to infiltrate; to sneak into	8	2
校勘	jiào kān	to collate	8	2
有条不紊	yǒu tiáo bù wěn	regular and thorough (idiom); methodically arranged	8	2
无缘无故	wú yuán wú gù	(idiom) no cause or reason; completely uncalled for	8	2
数控	shù kòng	numerical control (machining)	8	2
支系	zhī xì	branch or subdivision of a family	8	2
掌权	zhǎng quán	to wield (political etc) power; be in power	8	2
建构	jiàn gòu	to construct (often sth abstract, such as good relations); to set up	8	2
寒潮	hán cháo	cold wave	8	2
审慎	shěn shèn	prudent; cautious	8	2
大张旗鼓	dà zhāng qí gǔ	(idiom) with great fanfare; on a grand scale	8	2
声纳	shēng nà	sonar (loanword)	8	2
基石	jī shí	foundation stone; cornerstone; (fig.) basis; foundation	8	2
土木工程	tǔ mù gōng chéng	civil engineering	8	2
善后	shàn hòu	to deal with the aftermath (arising from an accident)	8	2
告急	gào jí	to be in a state of emergency; to report an emergency	8	2
后腰	hòu yāo	lower back; (sports) defensive midfielder	8	2
合伙人	hé huǒ rén	partner (in a business or other joint venture)	8	2
可恨	kě hèn	hateful	8	2
历史剧	lì shǐ jù	historical drama	8	2
卖力	mài lì	to work hard; to do one's very best	8	2
到场	dào chǎng	to show up; present (at the scene)	8	2
判别	pàn bié	to differentiate; to discriminate	8	2
分设	fēn shè	to set up separately; to establish separate units	8	2
凸现	tū xiàn	to come to prominence; to appear clearly; to stick out	8	2
冲击力	chōng jī lì	force of impact or thrust	8	2
军机处	jūn jī chù	Office of Military and Political Affairs (Qing Dynasty)	8	2
冒进	mào jìn	to advance prematurely	8	2
储藏	chǔ cáng	to store; deposit; (oil, mineral etc) deposits	8	2
二话不说	èr huà bù shuō	(idiom) not saying anything further; not raising any objection; without demur	8	2
不明不白	bù míng bù bái	(idiom) obscure; dubious; shady	8	2
魂魄	hún pò	soul	8	2
风湿	fēng shī	rheumatism	8	2
颠沛	diān pèi	to fall over; to stumble	8	2
领空	lǐng kōng	territorial air space	8	2
顺口	shùn kǒu	to read smoothly (of text); to blurt out (without thinking)	8	2
逛逛	guàng guang	to roam around; to have a stroll	8	2
送交	sòng jiāo	to hand over; to deliver	8	2
辉石	huī shí	pyroxene (family of rock-forming minerals); augite	8	2
跌跌撞撞	diē die zhuàng zhuàng	to stagger along	8	2
豪门	háo mén	wealthy and influential family	8	2
让开	ràng kāi	to get out of the way; to step aside	8	2
要职	yào zhí	key job; important position	8	2
表达式	biǎo dá shì	expression (math.)	8	2
表现力	biǎo xiàn lì	expressive power	8	2
蛮横无理	mán hèng wú lǐ	rude and unreasonable	8	2
营业员	yíng yè yuán	clerk; shop assistant	8	2
荣辱	róng rǔ	honor and disgrace; reputation	8	2
腹腔	fù qiāng	abdominal cavity	8	2
脊柱	jǐ zhù	spinal column; columna vertebralis	8	2
肾炎	shèn yán	kidney inflammation; nephritis	8	2
神妙	shén miào	marvelous; wondrous	8	2
磁铁	cí tiě	magnet	8	2
睦邻	mù lín	to get on well with one's neighbors	8	2
盆景	pén jǐng	bonsai; landscape in a pot	8	2
百家争鸣	bǎi jiā zhēng míng	a hundred schools of thought contend (idiom); refers to the classical philosophic schools of the Warring States period 475-221 BC	8	2
画卷	huà juàn	picture scroll; (fig.) panorama; vivid tableau	8	2
生物界	shēng wù jiè	(biology) the biological world; the realm of living organisms	8	2
狂喜	kuáng xǐ	ecstasy; rapt	8	2
灵性	líng xìng	spiritual nature; spirituality; intelligence (esp. in animals)	8	2
标语牌	biāo yǔ pái	placard	8	2
杀菌	shā jūn	to kill germs; to disinfect; to sterilize	8	2
有空	yǒu kòng	to have time (to do sth)	8	2
改换	gǎi huàn	to change (sth); to alter (sth); to change over (to sth else)	8	2
改口	gǎi kǒu	to change one's tune; to modify one's previous remark	8	2
操演	cāo yǎn	drill; exercise; demonstration	8	2
打退	dǎ tuì	to beat back; to repel; to repulse	8	2
感伤	gǎn shāng	sad; downhearted; sentimental	8	2
性激素	xìng jī sù	sex hormone	8	2
心室	xīn shì	ventricle (heart)	8	2
应从	yìng cóng	to assent; to comply with	8	2
幽静	yōu jìng	quiet; secluded; isolated	8	2
山脊	shān jǐ	mountain ridge	8	2
居民区	jū mín qū	residential area; neighborhood	8	2
安设	ān shè	to install; to set up	8	2
失意	shī yì	disappointed; frustrated	8	2
周遭	zhōu zāo	surrounding; nearby	8	2
变星	biàn xīng	variable star	8	2
反向	fǎn xiàng	opposite direction; reverse	8	2
升官	shēng guān	to get promoted	8	2
副刊	fù kān	supplement	8	2
剥皮	bāo pí	to skin; to flay; to peel; (fig.) (coll.) to haul (sb) over the coals	8	2
击毁	jī huǐ	to attack and destroy	8	2
倒把	dǎo bǎ	to play the market; to speculate (on financial markets); to profiteer	8	2
信心百倍	xìn xīn bǎi bèi	brimming with confidence (idiom)	8	2
传话	chuán huà	to pass on a story; to communicate a message	8	2
事不宜迟	shì bù yí chí	the matter should not be delayed; there's no time to lose	8	2
举世	jǔ shì	throughout the world; world ranking (e.g. first)	8	2
黏膜	nián mó	mucous membrane	8	2
食肉	shí ròu	carnivorous	8	2
领班	lǐng bān	supervisor; foreman; head waiter or waitress	8	2
韧带	rèn dài	ligament	8	2
青瓷	qīng cí	celadon (pottery)	8	2
除以	chú yǐ	(math.) divided by	8	2
防身	fáng shēn	self-protection; to defend oneself	8	2
铺盖	pū gài	to spread evenly over	8	2
铜像	tóng xiàng	bronze statue	8	2
钻井	zuān jǐng	to drill (e.g. for oil); a borehole	8	2
重提	chóng tí	to raise the same topic	8	2
遥测	yáo cè	telemetry	8	2
转手	zhuǎn shǒu	to pass on; to resell; to change hands	8	2
起家	qǐ jiā	to start out by; to grow an enterprise beginning with	8	2
苍凉	cāng liáng	desolate; bleak	8	2
花被	huā bèi	perianth (common term for calyx and corolla)	8	2
舞曲	wǔ qǔ	dance music	8	2
肤浅	fū qiǎn	superficial; shallow	8	2
紫外	zǐ wài	ultraviolet (ray)	8	2
穿刺	chuān cì	(medicine) to puncture; to do a needle biopsy	8	2
生辰	shēng chén	birthday	8	2
生子	shēng zǐ	to give birth to a child or children	8	2
烟袋	yān dài	tobacco pipe	8	2
满眼	mǎn yǎn	(of tears etc) filling the eyes	8	2
满月	mǎn yuè	(of a baby) to reach one month of age	8	2
溢出	yì chū	to overflow; to spill over; (computing) overflow	8	2
泥浆	ní jiāng	slurry; mud	8	2
求之不得	qiú zhī bù dé	lit. seek but fail to get (idiom); fig. exactly what one’s been looking for	8	2
水缸	shuǐ gāng	water jar	8	2
水仙	shuǐ xiān	daffodil; narcissus	8	2
气喘	qì chuǎn	to gasp for breath; asthma	8	2
欢娱	huān yú	to amuse; to divert; happy	8	2
本来面目	běn lái miàn mù	(idiom) true colors; true features; original appearance	8	2
日间	rì jiān	daytime	8	2
教育学	jiào yù xué	pedagogy	8	2
撒娇	sā jiāo	to act like a spoiled child; to act coquettishly	8	2
拳术	quán shù	Chinese boxing; fisticuffs	8	2
批驳	pī bó	to criticize; to refute	8	2
息怒	xī nù	to calm down; to quell one's anger	8	2
念叨	niàn dao	to talk about often; to reminisce about; to keep repeating	8	2
徽号	huī hào	title of honor; term of respect	8	2
得心应手	dé xīn yìng shǒu	lit. what the heart wishes, the hand accomplishes (idiom) skilled at the job	8	2
开裂	kāi liè	to split open; to dehisce (of fruit or cotton bolls, to split open)	8	2
建党	jiàn dǎng	to establish a political party	8	2
大盗	dà dào	thief; bandit (esp. one who has gained notoriety)	8	2
国史	guó shǐ	national history; dynastic history	8	2
受挫	shòu cuò	thwarted; obstructed; setback	8	2
凸起	tū qǐ	convex; protruding; to protrude	8	2
冲淡	chōng dàn	to dilute	8	2
军法	jūn fǎ	martial law	8	2
养护	yǎng hù	to maintain; to conserve; curing (concrete etc)	8	2
修辞	xiū cí	rhetoric	8	2
仇视	chóu shì	to view sb as an enemy; to be hateful towards	8	2
产销	chǎn xiāo	production and sales; production and marketing	8	2
争抢	zhēng qiǎng	to fight over; to scramble for	8	2
不衰	bù shuāi	unfailing; never weakening; enduring	8	2
不可收拾	bù kě shōu shi	(idiom) irremediable; unmanageable; out of hand; hopeless	8	2
下腰	xià yāo	(gymnastics) to do a bridge; to do a crab	8	2
丈人	zhàng rén	wife's father (father-in-law); old man	8	2
一年四季	yī nián sì jì	all year round	8	2
锻造	duàn zào	to forge (metal); forging	8	2
销路	xiāo lù	sale; market; state of the market	8	2
配额	pèi é	quota; ration	8	2
轿夫	jiào fū	porter for a palanquin	8	2
赤裸	chì luǒ	naked; bare	8	2
蓬松	péng sōng	fluffy	8	2
茶花	chá huā	camellia	8	2
脱掉	tuō diào	to remove; to take off; to strip off	8	2
胎生	tāi shēng	viviparous	8	2
胃肠道	wèi cháng dào	gastrointestinal tract	8	2
祷告	dǎo gào	to pray; prayer	8	2
碑文	bēi wén	inscription on a tablet	8	2
相仿	xiāng fǎng	similar	8	2
物理性质	wù lǐ xìng zhì	physical property	8	2
灾情	zāi qíng	disastrous situation; calamity	8	2
湿透	shī tòu	drenched; wet through	8	2
润滑	rùn huá	smooth; oily; sleek	8	2
浮游生物	fú yóu shēng wù	plankton	8	2
水珠	shuǐ zhū	droplet; dewdrop	8	2
横额	héng é	horizontal tablet (for an inscription)	8	2
档期	dàng qī	slot within a schedule	8	2
柔道	róu dào	judo	8	2
智者	zhì zhě	sage; wise man; clever and knowledgeable person	8	2
旧货	jiù huò	second-hand goods; used items for sale	8	2
文风	wén fēng	writing style; (used with 鼎盛) cultural activity	8	2
撒尿	sā niào	to pass water; to piss; to urinate	8	2
把酒	bǎ jiǔ	to raise one's wine cup	8	2
战地	zhàn dì	battlefield	8	2
强人	qiáng rén	(politics) strongman	8	2
应允	yīng yǔn	to give one's assent; to consent; Taiwan pr.	8	2
年华	nián huá	years; time; age	8	2
差价	chā jià	difference in price	8	2
尊卑	zūn bēi	superior and subordinate; social ranking	8	2
安生	ān shēng	peaceful; restful; quiet	8	2
安居	ān jū	to settle down; to live peacefully	8	2
守门员	shǒu mén yuán	goalkeeper	8	2
姑息	gū xī	excessively tolerant; to overindulge (sb); overly conciliatory	8	2
好受	hǎo shòu	feeling better; to be more at ease	8	2
头头	tóu tóu	head; chief	8	2
失职	shī zhí	to neglect one's duty; to be guilty of dereliction of duty	8	2
回路	huí lù	to return; circuit (e.g. electric); loop	8	2
囚徒	qiú tú	prisoner; convict	8	2
哀伤	āi shāng	grief; distress; bereavement; grieved; heartbroken; dejected	8	2
同时代	tóng shí dài	contemporary	8	2
同业	tóng yè	same trade or business; person in the same trade or business	8	2
句号	jù hào	full stop; period (punct.)	8	2
古史	gǔ shǐ	ancient history	8	2
压根	yà gēn	(mainly used in the negative) in the first place; absolutely; simply	8	2
匠人	jiàng rén	craftsman; artisan	8	2
化合	huà hé	chemical combination	8	2
分清	fēn qīng	to distinguish (between different things); to make distinctions clear	8	2
关节炎	guān jié yán	arthritis	8	2
书呆子	shū dāi zi	bookworm; pedant; bookish fool	8	2
下限	xià xiàn	lower bound	8	2
上策	shàng cè	best course of action; best policy	8	2
鼓楼	gǔ lóu	a drum tower; Drum Tower, historic attraction in Xian, Beijing etc	8	2
魂飞魄散	hún fēi pò sàn	lit. the soul flies away and scatters (idiom)	8	2
靶场	bǎ chǎng	shooting range; range	8	2
陪嫁	péi jià	dowry	8	2
钢丝	gāng sī	steel wire; tightrope	8	2
遏止	è zhǐ	to hold back; to check (i.e. to stop sb's advance); to resist	8	2
逛街	guàng jiē	to take a walk; to window-shop; to stroll down the street	8	2
谢绝	xiè jué	to refuse politely	8	2
议定书	yì dìng shū	protocol; treaty	8	2
计算器	jì suàn qì	calculator; calculating machine	8	2
蓄水	xù shuǐ	water storage	8	2
职分	zhí fèn	duty	8	2
禁用	jīn yòng	to withstand heavy use; durable	8	2
电动势	diàn dòng shì	electromotive force	8	2
生疏	shēng shū	unfamiliar; strange; out of practice	8	2
熟识	shú shi	to be well acquainted with; to know well	8	2
焦炭	jiāo tàn	coke (processed coal used in blast furnace)	8	2
标注	biāo zhù	to mark out; to tag	8	2
构架	gòu jià	structure	8	2
条理	tiáo lǐ	arrangement; order; tidiness	8	2
放走	fàng zǒu	to release; to set free; to allow (a person or an animal) to go	8	2
提法	tí fǎ	wording (of a proposal); formulation; viewpoint (on an issue)	8	2
扣发	kòu fā	to deprive; to withhold; to hold sth back (and prevent it being known)	8	2
情爱	qíng ài	affection; friendly feelings towards sb; love	8	2
恼恨	nǎo hèn	to hate and resent; angry and full of grievances	8	2
怪兽	guài shòu	rare animal; mythical animal; monster	8	2
性行为	xìng xíng wéi	sexual behavior	8	2
忙不迭	máng bù dié	hurriedly; in haste	8	2
序言	xù yán	preface; introductory remarks; preamble; prelude	8	2
市面	shì miàn	the marketplace (i.e. the world of business and commerce)	8	2
展台	zhǎn tái	display counter; stand; booth	8	2
尚存	shàng cún	still remains; still exists; still has	8	2
宣讲	xuān jiǎng	to preach; to explain publicly	8	2
娇艳	jiāo yàn	tender and beautiful	8	2
夺走	duó zǒu	to snatch away	8	2
大碍	dà ài	(usually used in the negative) major issue; serious problem; big deal	8	2
均等	jūn děng	equal; impartial; fair	8	2
国计民生	guó jì mín shēng	(idiom) national economy and people's livelihood	8	2
和声	hé shēng	harmony (music)	8	2
同知	tóng zhī	government sub-prefect (old)	8	2
厨子	chú zi	cook	8	2
切入	qiē rù	to cut into	8	2
养殖业	yǎng zhí yè	cultivation industry	8	2
偶然性	ǒu rán xìng	chance; fortuity; serendipity	8	2
体细胞	tǐ xì bāo	somatic cell	8	2
住宅区	zhù zhái qū	residential area; housing development	8	2
仆役	pú yì	servant	8	2
乳酸	rǔ suān	lactic acid	8	2
习以为常	xí yǐ wéi cháng	accustomed to; used to	8	2
乏味	fá wèi	tedious	8	2
驯养	xùn yǎng	to domesticate; to raise and train	8	2
食料	shí liào	foodstuff	8	2
雪线	xuě xiàn	snow line	8	2
辞别	cí bié	to bid farewell (to); to say goodbye (to)	8	2
责骂	zé mà	to scold	8	2
讥刺	jī cì	to ridicule; to mock	8	2
规范性	guī fàn xìng	normal; standard	8	2
舍身	shě shēn	to give one's life	8	2
胡作非为	hú zuò fēi wéi	to run amok (idiom); to commit outrages	8	2
肾上腺素	shèn shàng xiàn sù	adrenaline	8	2
绞刑架	jiǎo xíng jià	gibbet; hanging post	8	2
练就	liàn jiù	to master (a skill)	8	2
系统性	xì tǒng xìng	systematic	8	2
私有化	sī yǒu huà	privatization; to privatize	8	2
留校	liú xiào	to join the faculty of one's alma mater upon graduation	8	2
淡水湖	dàn shuǐ hú	freshwater lake	8	2
汽轮机	qì lún jī	steam turbine	8	2
水蒸气	shuǐ zhēng qì	vapor	8	2
日用品	rì yòng pǐn	articles for daily use	8	2
懒洋洋	lǎn yāng yāng	lazily	8	2
心烦	xīn fán	to feel agitated; to be troubled; to be annoyed	8	2
应征	yìng zhēng	to apply (for a job); to reply to a job advertisement	8	2
年少	nián shào	young; junior	8	2
字条	zì tiáo	brief note	8	2
孔隙	kǒng xì	pore (geology)	8	2
妻儿	qī ér	wife and child	8	2
处世	chǔ shì	to conduct oneself in society	8	2
壮举	zhuàng jǔ	magnificent feat; impressive feat; heroic undertaking	8	2
坠毁	zhuì huǐ	(of an airplane etc) to fall to the ground and crash	8	2
国庆日	guó qìng rì	national day	8	2
回荡	huí dàng	to resound; to reverberate; to echo	8	2
回心转意	huí xīn zhuǎn yì	to change one's mind (idiom)	8	2
善待	shàn dài	to treat well	8	2
吨位	dūn wèi	tonnage	8	2
吞吐	tūn tǔ	to take in and send out (in large quantities)	8	2
减数	jiǎn shù	(math.) subtrahend	8	2
冲击波	chōng jī bō	shock wave; blast wave	8	2
借宿	jiè sù	to stay with sb; to ask for lodging	8	2
依我看	yī wǒ kàn	in my opinion	8	2
供应链	gōng yìng liàn	supply chain	8	2
传开	chuán kāi	(of news) to spread; to get around	8	2
人缘	rén yuán	the quality of one's relationships with other people (e.g. 人緣好 "to be well liked")	8	2
人丁	rén dīng	number of people in a family; population; male servants	8	2
一致性	yī zhì xìng	consistency; coherence; uniformity	8	2
黑斑	hēi bān	dark spot or blotch on the skin	8	2
隐伏	yǐn fú	to hide; to lie low	8	2
院墙	yuàn qiáng	courtyard wall	8	2
银匠	yín jiàng	silversmith	8	2
重机枪	zhòng jī qiāng	heavy machine gun	8	2
辅音	fǔ yīn	consonant	8	2
转轴	zhuàn zhóu	axis of rotation	8	2
转轨	zhuǎn guǐ	to change track	8	2
课外	kè wài	extracurricular	8	2
行将	xíng jiāng	ready to start on sth; about to act	8	2
血水	xuè shuǐ	blood; bloody fluid; blood-tinged liquid	8	2
落座	luò zuò	to sit down; to take a seat	8	2
草本植物	cǎo běn zhí wù	herbaceous plant	8	2
范例	fàn lì	example; model case	8	2
芭蕉	bā jiāo	Japanese banana (Musa basjoo)	8	2
节拍	jié pāi	beat (music); meter	8	2
自上而下	zì shàng ér xià	(idiom) from top to bottom; top-down	8	2
背地里	bèi dì li	behind sb's back; secretly	8	2
聊以自慰	liáo yǐ zì wèi	to find some consolation (idiom); to find relief in	8	2
耳语	ěr yǔ	to whisper in sb's ear; a whisper	8	2
老小	lǎo xiǎo	the old and the young; the youngest member of the family	8	2
绵绵	mián mián	continuous; uninterrupted	8	2
结缔组织	jié dì zǔ zhī	connective tissue	8	2
纸片	zhǐ piàn	a piece, scrap or fragment of paper	8	2
纷扰	fēn rǎo	turmoil; unrest; disturbance	8	2
笔迹	bǐ jì	handwriting	8	2
热力	rè lì	heat	8	2
火线	huǒ xiàn	firing line (battle); live electrical wire	8	2
气色	qì sè	complexion	8	2
毒液	dú yè	venom; poisonous fluid	8	2
死于非命	sǐ yú fēi mìng	violent death (idiom); to die in a disaster; an unnatural death	8	2
次第	cì dì	order; sequence; one after another	8	2
核反应堆	hé fǎn yìng duī	nuclear reactor	8	2
杂物	zá wù	junk; items of no value; various bits and bobs	8	2
杂文	zá wén	essay	8	2
暂缓	zàn huǎn	to postpone	8	2
明示	míng shì	to state explicitly; to clearly indicate	8	2
文言	wén yán	Classical Chinese	8	2
攻击力	gōng jī lì	potential for attack; firepower	8	2
收缴	shōu jiǎo	to recover (illegally obtained property); to seize; to capture	8	2
提笔	tí bǐ	to take up one's pen; to start to write	8	2
控制权	kòng zhì quán	control (as in "to win control")	8	2
托盘	tuō pán	tray; salver; pallet	8	2
手背	shǒu bèi	back of the hand	8	2
心肺	xīn fèi	the heart and lungs; cardiopulmonary	8	2
应承	yìng chéng	to agree (to do sth); to promise	8	2
平滑	píng huá	flat and smooth	8	2
山歌	shān gē	folk song; mountain song	8	2
屡见不鲜	lǚ jiàn bù xiān	a common occurrence (idiom)	8	2
展翅	zhǎn chì	to spread wings	8	2
家传	jiā chuán	handed down in a family; family traditions	8	2
套装	tào zhuāng	outfit or suit (of clothes); set of coordinated items; kit	8	2
周济	zhōu jì	help to the needy; emergency relief; charity	8	2
口粮	kǒu liáng	ration	8	2
化学武器	huà xué wǔ qì	chemical weapon	8	2
动漫	dòng màn	cartoons and comics; anime and manga; cartoon (animated movie)	8	2
剧变	jù biàn	to change dramatically; radical change	8	2
凶相毕露	xiōng xiàng bì lù	show one's ferocious appearance (idiom); the atrocious features revealed	8	2
军医	jūn yī	military doctor	8	2
低分	dī fēn	low marks; low score	8	2
不失时机	bù shī shí jī	to seize the opportune moment; to lose no time	8	2
不以为意	bù yǐ wéi yì	not to mind; unconcerned	8	2
隐形眼镜	yǐn xíng yǎn jìng	contact lens	8	2
闷热	mēn rè	sultry; sultriness; hot and stuffy	8	2
铝合金	lǚ hé jīn	aluminum alloy	8	2
采伐	cǎi fá	to fell; to cut	8	2
遣送	qiǎn sòng	to send away; to deport; to repatriate	8	2
通胀	tōng zhàng	inflation (abbr. for 通貨膨脹)	8	2
起落架	qǐ luò jià	(aviation) landing gear; undercarriage	8	2
装满	zhuāng mǎn	to fill up	8	2
螺纹	luó wén	spiral pattern; whorl of fingerprint; thread of screw	8	2
营垒	yíng lěi	army camp	8	2
腔调	qiāng diào	a tune; a melody; accent (distinctive way of pronouncing a language)	8	2
联席会议	lián xí huì yì	joint conference	8	2
老少	lǎo shào	the old and the young	8	2
置之度外	zhì zhī dù wài	to give no thought to; to have no regard for; to disregard	8	2
约束力	yuē shù lì	(of a contract) binding (law)	8	2
红枣	hóng zǎo	jujube; red date	8	2
相劝	xiāng quàn	to persuade; to exhort; to advise	8	2
盐水	yán shuǐ	salt water; brine	8	2
百分之百	bǎi fēn zhī bǎi	a hundred percent; out and out; absolutely	8	2
疑团	yí tuán	doubts and suspicions; a maze of doubts; puzzle	8	2
电子管	diàn zǐ guǎn	valve (electronics); vacuum tube	8	2
甲午	jiǎ wǔ	thirty-first year A7 of the 60 year cycle, e.g. 1954 or 2014	8	2
灰岩	huī yán	limestone (abbr. for 石灰岩)	8	2
比价	bǐ jià	to compare prices; to compare offers	8	2
权位	quán wèi	power and position (politics)	8	2
时时刻刻	shí shí kè kè	at all times	8	2
旧事	jiù shì	old affair; former matter	8	2
政令	zhèng lìng	government decree	8	2
摇身一变	yáo shēn yī biàn	to change shape in a single shake; fig. to take on a new lease of life	8	2
探寻	tàn xún	to search; to seek; to explore	8	2
拜师	bài shī	to formally become an apprentice to a master	8	2
报效	bào xiào	render service to repay kindness	8	2
恭谨	gōng jǐn	(literary) respectful; deferential	8	2
怒骂	nù mà	to verbally abuse	8	2
岩画	yán huà	rock painting; picture or writing carved on rocks	8	2
导数	dǎo shù	derivative (math.)	8	2
富商	fù shāng	rich merchant	8	2
定局	dìng jú	foregone conclusion; to be settled conclusively	8	2
守恒定律	shǒu héng dìng lǜ	conservation law (physics)	8	2
婚前	hūn qián	premarital; prenuptial	8	2
失败者	shī bài zhě	loser	8	2
大加	dà jiā	(before a two-syllable verb) considerably; greatly (exaggerate)	8	2
地缘	dì yuán	geographic situation; geo-(politics etc)	8	2
呆滞	dāi zhì	dull; lifeless; sluggish	8	2
合奏	hé zòu	to perform music (as an ensemble)	8	2
判罚	pàn fá	to penalize; penalty	8	2
兵工厂	bīng gōng chǎng	munitions factory	8	2
全额	quán é	the full amount; full (compensation, scholarship, production etc)	8	2
佐证	zuǒ zhèng	evidence; proof; to confirm	8	2
交椅	jiāo yǐ	old-style wooden folding armchair, typically featuring a footrest	8	2
专一	zhuān yī	single-minded; concentrated	8	2
飘忽	piāo hū	swiftly moving; fleet; to sway	8	2
风洞	fēng dòng	wind tunnel	8	2
车载	chē zài	carried within a vehicle; onboard	8	2
起色	qǐ sè	a turn for the better; to pick up; to improve	8	2
财宝	cái bǎo	money and valuables	8	2
表弟	biǎo dì	younger male cousin through a female relative	8	2
蜂拥	fēng yōng	to swarm; to flock; to throng	8	2
蓄意	xù yì	deliberate; premeditated; malice	8	2
蒙在鼓里	méng zài gǔ lǐ	lit. kept inside a drum (idiom); fig. completely in the dark	8	2
致以	zhì yǐ	to express; to present; to extend	8	2
腿脚	tuǐ jiǎo	legs and feet; ability to walk; strides	8	2
背囊	bèi náng	backpack; knapsack; rucksack	8	2
肥肉	féi ròu	fat (e.g. pork fat); fatty meat; (fig.) a gold mine	8	2
精深	jīng shēn	refined; profound	8	2
窝囊	wō nang	to feel vexed; annoyed; good-for-nothing	8	2
癌细胞	ái xì bāo	cancer cell	8	2
甲骨	jiǎ gǔ	tortoise shells and animal bones used for divination in the Shang Dynasty (c. 16th to 11th century BC); oracle bones	8	2
片长	piàn cháng	length (duration) of a film	8	2
火球	huǒ qiú	fireball	8	2
溜走	liū zǒu	to slip away; to leave secretly	8	2
沟谷	gōu gǔ	gully	8	2
毛色	máo sè	(of an animal) appearance or color of coat	8	2
死因	sǐ yīn	cause of death	8	2
正事	zhèng shì	one's proper business	8	2
榜首	bǎng shǒu	top of the list	8	2
椅背	yǐ bèi	the back of a chair	8	2
来之不易	lái zhī bù yì	(idiom) hard to come by; not easily obtained	8	2
有意无意	yǒu yì wú yì	intentionally or otherwise	8	2
攀援	pān yuán	to climb up (a rope etc); climbing (plant)	8	2
撑腰	chēng yāo	to support; to brace	8	2
控制论	kòng zhì lùn	cybernetics	8	2
拦路	lán lù	to block sb's path; to waylay	8	2
扬长而去	yáng cháng ér qù	to swagger off	8	2
快慢	kuài màn	speed	8	2
将帅	jiàng shuài	commander-in-chief, the equivalent of king in Chinese chess	8	2
多孔	duō kǒng	porous	8	2
墨迹	mò jì	ink marks; original calligraphy or painting of famous person	8	2
哭喊	kū hǎn	to wail	8	2
叮叮当当	dīng dīng dāng dāng	(onom.) ding dong; jingling of bells; clanking sound	8	2
受尽	shòu jìn	to suffer enough from; to suffer all kinds of; to have one's fill of	8	2
博弈	bó yì	games (such as chess, dice etc); gambling; contest	8	2
卑劣	bēi liè	base; mean; despicable	8	2
十之八九	shí zhī bā jiǔ	most likely; mostly (in 8 or 9 cases out of 10); vast majority	8	2
先头	xiān tóu	(usu. of troops) in advance; in the vanguard; previously	8	2
侨居	qiáo jū	to live far away from one's native place; to reside in a foreign country	8	2
作别	zuò bié	to take one's leave; to bid farewell	8	2
他国	tā guó	another country	8	2
人多势众	rén duō shì zhòng	many men, a great force (idiom); many hands provide great strength	8	2
事端	shì duān	disturbance; incident	8	2
主从	zhǔ cóng	master-slave (computing); client-server (computing)	8	2
下款	xià kuǎn	signature on letter; name of donor	8	2
上浮	shàng fú	to float up	8	2
领受	lǐng shòu	to accept; to receive	8	2
预览	yù lǎn	preview; to preview	8	2
门子	mén zi	door; doorman (old); hanger-on of an aristocrat	8	2
长进	zhǎng jìn	to make progress; progress	8	2
转口	zhuǎn kǒu	entrepot; transit (of goods); (coll.) to deny	8	2
言说	yán shuō	to speak of; to refer to	8	2
草稿	cǎo gǎo	draft; outline; sketch	8	2
聚敛	jù liǎn	to gather; to accumulate; (esp.) to amass wealth by heavy taxation or other unscrupulous means	8	2
绝妙	jué miào	exquisite	8	2
简练	jiǎn liàn	terse; succinct	8	2
竹简	zhú jiǎn	bamboo slips (used for writing on in ancient times)	8	2
眼巴巴	yǎn bā bā	waiting anxiously; impatient	8	2
百家	bǎi jiā	many schools of thought; many people or households	8	2
申明	shēn míng	to declare; to aver; to state formally	8	2
甩掉	shuǎi diào	to throw off; to abandon; to cast off	8	2
爷们	yé men	menfolk (collective term for men of different generations)	8	2
火炉	huǒ lú	stove	8	2
火山岩	huǒ shān yán	volcanic rock	8	2
漂泊	piāo bó	(of a boat) to float; to drift; to lie at anchor	8	2
滚开	gǔn kāi	(of a liquid) to boil; boiling hot; (rude) get out!; go away!; fuck off!	8	2
法学家	fǎ xué jiā	jurist; member of the pre-Han legalist school	8	2
油锅	yóu guō	a deep fryer	8	2
水母	shuǐ mǔ	jellyfish; medusa	8	2
气虚	qì xū	deficiency of 氣 (TCM)	8	2
殿后	diàn hòu	to bring up the rear	8	2
横卧	héng wò	to recline	8	2
模块化	mó kuài huà	modularity	8	2
极品	jí pǐn	best quality; item of the highest quality; (slang) outrageous	8	2
昏庸	hūn yōng	muddleheaded	8	2
旧部	jiù bù	one's former subordinates	8	2
授意	shòu yì	to inspire; to incite	8	2
技术员	jì shù yuán	technician	8	2
惨然	cǎn rán	grieved; distressed	8	2
忘恩负义	wàng ēn fù yì	to forget favors and violate justice (idiom); ingratitude to a friend	8	2
御用	yù yòng	for use by the emperor; imperial; (derog.) in the pay of the ruler	8	2
度日	dù rì	to pass one's days; to scratch out a difficult, meager existence	8	2
差事	chà shì	poor; not up to standard	8	2
左近	zuǒ jìn	nearby	8	2
小心谨慎	xiǎo xīn jǐn shèn	cautious and timid (idiom); prudent; careful	8	2
央求	yāng qiú	to implore; to plead; to ask earnestly	8	2
天球	tiān qiú	celestial sphere	8	2
天敌	tiān dí	predator; natural enemy	8	2
复叶	fù yè	compound leaf (botany)	8	2
可汗	kè hán	khan (loanword)	8	2
古往今来	gǔ wǎng jīn lái	since ancient times; since times immemorial	8	2
发毛	fā máo	to rant and rave; to be scared, upset (Beijing dialect)	8	2
区位	qū wèi	geographical location	8	2
勉励	miǎn lì	to encourage	8	2
办案	bàn àn	to handle a (criminal) case	8	2
刮目相看	guā mù xiāng kàn	to have a whole new level of respect for sb or sth	8	2
切片	qiē piàn	to slice; slice	8	2
分心	fēn xīn	to divert one's attention; to get distracted	8	2
再拜	zài bài	to bow again; to bow twice (gesture of respect in former times)	8	2
兽医	shòu yī	veterinarian; veterinary surgeon; vet	8	2
兼具	jiān jù	to combine; to have both	8	2
假扮	jiǎ bàn	to impersonate; to act the part of sb; to disguise oneself as sb else	8	2
俊美	jùn měi	pretty; handsome	8	2
供销	gōng xiāo	supply and marketing; distribution; supply and sales	8	2
作罢	zuò bà	to drop (subject etc)	8	2
专列	zhuān liè	special train	8	2
上尉	shàng wèi	captain (military rank)	8	2
一品红	yī pǐn hóng	poinsettia (Euphorbia pulcherrima)	8	2
骇异	hài yì	(literary) astonished; shocked; amazed	8	2
预科	yù kē	preparatory course (in college)	8	2
靠不住	kào bu zhù	unreliable	8	2
非同寻常	fēi tóng xún cháng	(idiom) extraordinary	8	2
霞光	xiá guāng	multicolored sunlight of sunrise or sunset	8	2
配用	pèi yòng	to provide; installed	8	2
过世	guò shì	to die; to pass away	8	2
转回	zhuǎn huí	to turn back; to put back; reversal	8	2
跃居	yuè jū	to vault	8	2
说教	shuō jiào	to preach	8	2
让利	ràng lì	to give a discount; to make a concession	8	2
草帽	cǎo mào	straw hat	8	2
船闸	chuán zhá	navigation lock	8	2
脱贫致富	tuō pín zhì fù	to rise from poverty and become prosperous (idiom); poverty alleviation	8	2
纹理	wén lǐ	vein lines (in marble or fingerprint); grain (in wood etc)	8	2
篮球场	lán qiú chǎng	basketball court	8	2
立论	lì lùn	to set forth one's view; to present one's argument	8	2
稽查	jī chá	inspection	8	2
祸事	huò shì	disaster; doom	8	2
祖辈	zǔ bèi	ancestors; forefathers; ancestry	8	2
碑座	bēi zuò	pedestal for stone tablet	8	2
研究生院	yán jiū shēng yuàn	graduate school	8	2
知会	zhī huì	to inform; to tell; to notify	8	2
泥塑	ní sù	clay modeling; clay figurine or statue	8	2
毒剂	dú jì	a poison; a toxic agent; poison gas	8	2
武侠小说	wǔ xiá xiǎo shuō	a martial arts (wuxia) novel	8	2
欢笑	huān xiào	to laugh happily; a belly-laugh	8	2
朝向	cháo xiàng	toward; to face; to open onto	8	2
暗笑	àn xiào	laugh in (up) one's sleeve; snigger; snicker	8	2
日头	rì tóu	sun (dialect); daytime; date	8	2
无毒	wú dú	harmless; innocuous; lit. not poisonous	8	2
教研室	jiào yán shì	teaching and research office	8	2
搞活	gǎo huó	to enliven; to invigorate; to revitalize	8	2
推托	tuī tuō	to make excuses; to give an excuse (for not doing something)	8	2
拆毁	chāi huǐ	to demolish; to tear down	8	2
抽泣	chōu qì	to sob spasmodically	8	2
押解	yā jiè	to send away under escort (criminals, goods etc)	8	2
投中	tóu zhòng	to hit the target with one's throw; (basketball) to score	8	2
忠告	zhōng gào	to give sb a word of advice; advice; counsel; a wise word	8	2
得悉	dé xī	to learn about; to be informed	8	2
平安无事	píng ān wú shì	safe and sound (idiom)	8	2
巢穴	cháo xué	lair; nest; den	8	2
属国	shǔ guó	vassal state	8	2
大功告成	dà gōng gào chéng	successfully accomplished (project or goal); to be highly successful	8	2
处女	chǔ nǚ	virgin; maiden	8	2
坐立不安	zuò lì bù ān	lit. agitated sitting or standing (idiom); restless; fidgety	8	2
咬紧牙关	yǎo jǐn yá guān	(idiom) to grit one's teeth tightly	8	2
发红	fā hóng	to turn red; to blush; to flush	8	2
升入	shēng rù	to progress to (a higher-level school)	8	2
助力	zhù lì	to help; to aid; assistance	8	2
加压	jiā yā	to pressurize; to pile on pressure	8	2
刊行	kān xíng	to print and circulate	8	2
切磋	qiē cuō	to compare notes; to learn from one another	8	2
何日	hé rì	when?	8	2
体腔	tǐ qiāng	body cavity; coelom (biology)	8	2
中尉	zhōng wèi	lieutenant (navy); first lieutenant (army); subaltern	8	2
不动产	bù dòng chǎn	real estate; immovable property; immovables	8	2
鞋袜	xié wà	shoes and socks	8	2
零碎	líng suì	scattered and fragmentary; scraps; odds and ends	8	2
道观	dào guàn	Daoist temple	8	2
谦让	qiān ràng	to modestly decline	8	2
行凶	xíng xiōng	violent crime; to commit a violent act (assault or murder)	8	2
耐磨	nài mó	wear resistant	8	2
结节	jié jié	nodule; tubercle	8	2
红脸	hóng liǎn	to blush; to turn red	8	2
粒细胞	lì xì bāo	granulocyte	8	2
第三方	dì sān fāng	third party	8	2
生灵	shēng líng	(literary) the people; living thing; creature	8	2
火势	huǒ shì	intensity and spread of a fire	8	2
滩涂	tān tú	mudflat	8	2
滋长	zī zhǎng	to grow (usually of abstract things); to yield; to develop	8	2
水汽	shuǐ qì	water vapor; steam; moisture	8	2
核物理	hé wù lǐ	nuclear physics	8	2
校方	xiào fāng	the school (as a party in negotiations, a dispute etc)	8	2
标枪	biāo qiāng	javelin	8	2
明晰	míng xī	clear; well-defined; limpid	8	2
施肥	shī féi	to apply fertilizer	8	2
断肠	duàn cháng	heartbroken; to break one's heart	8	2
故土	gù tǔ	native country; one's homeland	8	2
承欢	chéng huān	to cater to sb to make them happy (esp. of one's parents)	8	2
批评家	pī píng jiā	critic	8	2
恶性循环	è xìng xún huán	vicious circle	8	2
恶作剧	è zuò jù	practical joke; prank; to play a practical joke	8	2
徒刑	tú xíng	prison sentence	8	2
当量	dāng liàng	equivalent; yield	8	2
弟妹	dì mèi	younger sibling; younger brother's wife	8	2
庞然大物	páng rán dà wù	(idiom) huge object; colossus	8	2
家奴	jiā nú	domestic slave; slave servant	8	2
失态	shī tài	to forget one's manners; to forget oneself	8	2
告退	gào tuì	to petition for retirement (old); to ask for leave to withdraw	8	2
听任	tīng rèn	to let (sth happen); to allow (sb to do sth); to submit to	8	2
博大	bó dà	broad; extensive	8	2
匹敌	pǐ dí	to be equal to; to be well-matched; rival	8	2
劳资	láo zī	labor and capital; workers and capitalists	8	2
剃头	tì tóu	to have one's head shaved	8	2
入侵者	rù qīn zhě	intruder	8	2
先辈	xiān bèi	an older generation; ancestors; forefathers	8	2
儿戏	ér xì	child's play; trifling matter	8	2
企业主	qǐ yè zhǔ	owner of enterprise	8	2
乘法	chéng fǎ	multiplication	8	2
不孕	bù yùn	infertile; unable to conceive a child; infertility	8	2
不外	bù wài	not beyond the scope of; nothing more than	8	2
不堪一击	bù kān yī jī	(idiom) unable to withstand a single blow; to collapse at the first blow	8	2
风蚀	fēng shí	wind erosion	8	2
露水	lù shuǐ	dew; fig. short-lasting; ephemeral	8	2
问号	wèn hào	question mark (punct.); unknown factor; unsolved problem	8	2
门联	mén lián	couplet (hung on each side of the door frame)	8	2
链子	liàn zi	chain	8	2
酸楚	suān chǔ	disconsolate; forlorn; grievance	8	2
邀请赛	yāo qǐng sài	invitation tournament (e.g. between schools or firms)	8	2
运动战	yùn dòng zhàn	mobile warfare	8	2
软禁	ruǎn jìn	to place under house arrest	8	2
豆科	dòu kē	Fabaceae; Leguminosae; legume family (botany)	8	2
调入	diào rù	to bring in; to call in; to transfer (a person, data)	8	2
论据	lùn jù	grounds (for an argument); contention; thesis	8	2
蒸腾	zhēng téng	(of a vapor etc) to rise; to hang in the air	8	2
致意	zhì yì	to send one's greetings; to send one's best regards	8	2
胚乳	pēi rǔ	(botany) endosperm	8	2
组团	zǔ tuán	to form a group or delegation	8	2
空闲	kòng xián	leisure; spare time; (of a person) free; unoccupied	8	2
相随	xiāng suí	to tag along (with sb); (in combination with 與 or 和) to accompany (sb)	8	2
溶质	róng zhì	solute	8	2
淡黄	dàn huáng	light yellow	8	2
海带	hǎi dài	kelp	8	2
死去活来	sǐ qù huó lái	to hover between life and death (idiom); to suffer terribly	8	2
核燃料	hé rán liào	nuclear fuel	8	2
服输	fú shū	to concede; to admit defeat	8	2
有机化学	yǒu jī huà xué	organic chemistry	8	2
早春	zǎo chūn	early spring	8	2
无性	wú xìng	sexless; asexual (reproduction)	8	2
断续	duàn xù	intermittent	8	2
抢修	qiǎng xiū	to repair in a rush; rush repairs	8	2
抗旱	kàng hàn	drought-resistant; to weather a drought	8	2
得主	dé zhǔ	recipient (of an award); winner (in a competition)	8	2
强健	qiáng jiàn	sturdy	8	2
局域网	jú yù wǎng	local area network (LAN)	8	2
寡不敌众	guǎ bù dí zhòng	the few are no match for the many; heavily outnumbered	8	2
官衔	guān xián	title; official rank	8	2
守旧	shǒu jiù	conservative; reactionary	8	2
婆家	pó jiā	husband's family (traditionally where the wife moves into)	8	2
姻缘	yīn yuán	a marriage predestined by fate	8	2
复员	fù yuán	to demobilize; demobilization	8	2
嘱托	zhǔ tuō	to entrust a task to sb else	8	2
哺乳类	bǔ rǔ lèi	mammals	8	2
吃紧	chī jǐn	in short supply; dire; tense	8	2
勒令	lè lìng	to order; to force	8	2
制空权	zhì kōng quán	air supremacy; air superiority	8	2
别出心裁	bié chū xīn cái	to hit on sth new (idiom); to display originality	8	2
创始	chuàng shǐ	to initiate; to found	8	2
冬日	dōng rì	wintertime	8	2
使然	shǐ rán	(literary) to make it so; to dictate	8	2
互联网络	hù lián wǎng luò	network	8	2
下跪	xià guì	to kneel; to go down on one's knees	8	2
一点一点	yī diǎn yī diǎn	little by little; bit by bit; gradually	8	2
音韵	yīn yùn	music; rhyme and rhythm	8	2
青筋	qīng jīn	veins; blue veins	8	2
门店	mén diàn	(retail) store	8	2
银光	yín guāng	silvery light; bright white light; shining white light	8	2
遮挡	zhē dǎng	to shelter; to shelter from	8	2
遇刺	yù cì	to be attacked by an assassin	8	2
辨识	biàn shí	identification; to identify; to recognize	8	2
转转	zhuàn zhuan	to go for a stroll	8	2
视听	shì tīng	what people see and hear; public perception; audiovisual	8	2
见不得人	jiàn bu dé rén	shameful	8	2
衣袋	yī dài	pocket (in a garment)	8	2
荒草	huāng cǎo	weeds; brush (vegetation); wild grassland	8	2
舒张	shū zhāng	to relax and expand; (physiology) diastole	8	2
自然数	zì rán shù	natural number	8	2
自大	zì dà	arrogant	8	2
经籍	jīng jí	religious text	8	2
礼遇	lǐ yù	courtesy; deferential treatment; polite reception	8	2
环线	huán xiàn	ring road; circle line (e.g. rail or subway)	8	2
激越	jī yuè	intense; loud	8	2
满不在乎	mǎn bù zài hu	not in the least concerned (idiom); reckless	8	2
滋养	zī yǎng	to nourish	8	2
清点	qīng diǎn	to check; to make inventory	8	2
污泥	wū ní	mud; sludge	8	2
梯田	tī tián	stepped fields; terracing	8	2
框框	kuàng kuang	a frame; a circle; set pattern; convention; restriction	8	2
标价	biāo jià	to mark the price; marked price	8	2
杀虫剂	shā chóng jì	insecticide; pesticide	8	2
机关报	jī guān bào	official (government-operated) newspaper	8	2
木薯	mù shǔ	cassava, a tropical tuber plant	8	2
昔年	xī nián	former years; previous years	8	2
旱烟	hàn yān	tobacco (smoked in a long-stemmed pipe)	8	2
斗殴	dòu ōu	to brawl; to scuffle	8	2
摸清	mō qīng	to suss out; to figure out; to ascertain	8	2
指尖	zhǐ jiān	fingertip	8	2
投递	tóu dì	to deliver	8	2
幼女	yòu nǚ	young girl	8	2
好色	hào sè	to want sex; given to lust; lecherous	8	2
奸计	jiān jì	evil plan; evil schemes	8	2
夭折	yāo zhé	to die young or prematurely; to come to a premature end	8	2
外挂	wài guà	attached externally (e.g. fuel tank); plug-in; add-on	8	2
外地人	wài dì rén	stranger; outsider	8	2
坚果	jiān guǒ	nut	8	2
受罪	shòu zuì	to endure; to suffer; hardships	8	2
卸下	xiè xià	to remove (a knapsack, harness, makeup etc); (fig.) to lay aside (a burden, responsibility, anxiety etc)	8	2
千真万确	qiān zhēn wàn què	absolutely true (idiom); manifold; true from many points of view	8	2
化装	huà zhuāng	(of actors) to make up; to disguise oneself	8	2
功能性	gōng néng xìng	functionality	8	2
冷不防	lěng bu fáng	unexpectedly; suddenly; at unawares	8	2
农作	nóng zuò	farming; crops	8	2
关乎	guān hū	to relate to; concerning; about	8	2
公害	gōng hài	environmental pollution; social scourge; blight on society	8	2
偿付	cháng fù	to pay back	8	2
买主	mǎi zhǔ	customer	8	2
主仆	zhǔ pú	master and servant	8	2
不足为奇	bù zú wéi qí	not at all surprising (idiom)	8	2
鱼肉	yú ròu	flesh of fish; fish and meat; (fig.) victims of oppression	8	2
风行	fēng xíng	to become fashionable; to catch on; to be popular	8	2
音频	yīn pín	audio; sound; audio frequency	8	2
集聚	jí jù	to assemble; to gather	8	2
铝土矿	lǚ tǔ kuàng	bauxite	8	2
豁免	huò miǎn	to exempt; exemption	8	2
调拨	diào bō	to send (products); to allocate; to commit (funds)	8	2
西药	xī yào	Western medicine	8	2
袖口	xiù kǒu	cuff	8	2
行会	háng huì	guild	8	2
虚荣	xū róng	vanity	8	2
自相残杀	zì xiāng cán shā	to massacre one another (idiom); internecine strife	8	2
考察团	kǎo chá tuán	inspection team	8	2
美酒	měi jiǔ	good wine; fine liquor	8	2
细说	xì shuō	to tell in detail	8	2
称雄	chēng xióng	to dominate; to reign supreme	8	2
积攒	jī zǎn	to save bit by bit; to accumulate	8	2
社会保险	shè huì bǎo xiǎn	social security	8	2
眼花	yǎn huā	dimmed eyesight; blurred; vague and unclear vision	8	2
百米	bǎi mǐ	hectometer	8	2
男排	nán pái	men's volleyball	8	2
由不得	yóu bu de	cannot help; to be beyond control of	8	2
烈焰	liè yàn	raging flames	8	2
淡漠	dàn mò	apathetic; indifferent; unsympathetic	8	2
治军	zhì jūn	running of armed forces; military management; to govern armed forces	8	2
残部	cán bù	defeated remnants; scattered survivors	8	2
横标	héng biāo	banner; horizontal slogan or advertisement	8	2
校门	xiào mén	school gate	8	2
无助	wú zhù	helpless; helplessness; feeling useless	8	2
斜面	xié miàn	inclined plane	8	2
放任	fàng rèn	to ignore; to let alone; to indulge	8	2
支取	zhī qǔ	to withdraw (money)	8	2
推定	tuī dìng	to infer; to consider and come to a judgment; to elect	8	2
扩招	kuò zhāo	(of a school) to expand enrollment	8	2
征兵	zhēng bīng	to levy troops; recruitment	8	2
建筑学	jiàn zhù xué	architectural; architecture	8	2
序号	xù hào	ordinal number; serial number; sequence number	8	2
平滑肌	píng huá jī	smooth muscle (anatomy); non-striated muscle	8	2
尾随	wěi suí	to tail behind; to tag along; to follow on the heels of	8	2
对决	duì jué	confrontation; contest; showdown	8	2
对偶	duì ǒu	dual; duality; antithesis	8	2
娶妻	qǔ qī	to take a wife; to get married (man)	8	2
夜视	yè shì	night vision	8	2
填满	tián mǎn	to cram	8	2
在读	zài dú	to be studying (at a school or research institute)	8	2
喷火	pēn huǒ	to shoot flames; to erupt (of volcanoes); flaming (of flowers)	8	2
吸水	xī shuǐ	absorbent	8	2
号筒	hào tǒng	bugle	8	2
叔伯	shū bai	(of cousins) descending from the same grandfather or great-grandfather	8	2
发散	fā sàn	to disperse; to diverge	8	2
双核	shuāng hé	dual core (computing)	8	2
单细胞	dān xì bāo	(of an organism) single-celled; unicellular	8	2
十三点	shí sān diǎn	half-witted; nitwit	8	2
加进	jiā jìn	to add; to mix in; to incorporate	8	2
前院	qián yuàn	front courtyard; front yard	8	2
前奏	qián zòu	prelude; presage	8	2
刚性	gāng xìng	rigidity	8	2
减员	jiǎn yuán	to reduce the number of personnel	8	2
兵员	bīng yuán	soldiers; troops	8	2
假货	jiǎ huò	counterfeit article; fake; dummy	8	2
久已	jiǔ yǐ	long ago; a long time since	8	2
不一会	bù yī huì	soon	8	2
骗取	piàn qǔ	to gain by cheating	8	2
驱散	qū sàn	to disperse (a crowd etc); (fig.) to dispel (misgivings etc)	8	2
青天	qīng tiān	clear sky; blue sky; upright and honorable (official)	8	2
镇子	zhèn zi	town; village	8	2
避让	bì ràng	to avoid; to yield (in traffic); to get out of the way	8	2
边塞	biān sài	frontier fortress	8	2
输卵管	shū luǎn guǎn	Fallopian tube; oviduct	8	2
赤裸裸	chì luǒ luǒ	bare; naked; (fig.) plain	8	2
贬低	biǎn dī	to belittle; to disparage; to play down	8	2
语意	yǔ yì	meaning; content of speech or writing; semantic	8	2
自然人	zì rán rén	natural person (law)	8	2
耳鸣	ěr míng	tinnitus	8	2
经济危机	jīng jì wēi jī	economic crisis	8	2
纯度	chún dù	purity	8	2
繁杂	fán zá	many; diverse	8	2
种田	zhòng tián	to farm; farming	8	2
目下	mù xià	at present	8	2
病原体	bìng yuán tǐ	(med.) pathogen	8	2
男女老少	nán nǚ lǎo shào	men, women, young and old; all kinds of people; people of all ages	8	2
班机	bān jī	airliner; (regular) flight (CL:趟,次,班)	8	2
爱怜	ài lián	to show tenderness; to coo over; affection	8	2
泪眼	lèi yǎn	tearful eyes	8	2
水花	shuǐ huā	spray of water; splash; (dialect) chickenpox	8	2
氧化铝	yǎng huà lǚ	aluminum oxide	8	2
民情	mín qíng	circumstances of the people; popular sentiment; the mood of the people	8	2
板子	bǎn zi	board; plank; bamboo or birch for corporal punishment	8	2
数列	shù liè	sequence of numbers; numerical series	8	2
收场	shōu chǎng	the end; an ending; to wind down	8	2
技师	jì shī	senior technician; technical expert	8	2
惨状	cǎn zhuàng	devastation; miserable condition	8	2
恶臭	è chòu	stink; stench; stinky; smelly; (fig.) disgusting; repugnant	8	2
恶气	è qì	evil smell; resentment; unpleasant manner	8	2
急驰	jí chí	to speed along	8	2
怒目	nù mù	with glaring eyes; glowering	8	2
怒喝	nù hè	to shout intimidatingly; to bellow (in anger)	8	2
役使	yì shǐ	to put to work (servant or animal); to make use of for labor	8	2
币制	bì zhì	currency system	8	2
巫术	wū shù	witchcraft	8	2
尿液	niào yè	urine	8	2
将才	jiàng cái	talented field commander (military)	8	2
天灾	tiān zāi	natural disaster	8	2
大全	dà quán	comprehensive collection	8	2
四溅	sì jiàn	(of droplets, sparks etc) to fly about in all directions	8	2
吊死	diào sǐ	death by hanging; to hang oneself	8	2
合群	hé qún	to fit in; to get on well with others; sociable	8	2
台商	tái shāng	Taiwanese businessperson or company (esp. one operating overseas, often in mainland China)	8	2
叙事诗	xù shì shī	narrative poem	8	2
发情	fā qíng	(zoology) (of a female) to be in heat; (of a male) to be in rut	8	2
压榨	yā zhà	to press; to squeeze; to extract juice, oil etc by squeezing	8	2
制动器	zhì dòng qì	brake	8	2
初夏	chū xià	early summer	8	2
出迎	chū yíng	to greet; to go out to meet	8	2
儿孙	ér sūn	descendant	8	2
今朝	jīn zhāo	(dialect) today; (literary) the present; this age	8	2
驱车	qū chē	to go by car (as driver or passenger)	8	2
零散	líng sǎn	scattered	8	2
长线	cháng xiàn	long term	8	2
逼死	bī sǐ	to hound sb to death	8	2
进击	jìn jī	to attack	8	2
轰隆	hōng lōng	(onom.) rumbling; rolling	8	2
转行	zhuǎn háng	to change profession	8	2
跳台	tiào tái	diving platform; diving tower; landing platform	8	2
跃跃欲试	yuè yuè yù shì	to be eager to give sth a try (idiom)	8	2
趁势	chèn shì	to take advantage of a favorable situation; to seize an opportunity	8	2
赎回	shú huí	to redeem	8	2
豪宅	háo zhái	luxury home; mansion	8	2
观察家	guān chá jiā	observer (esp. one who analyzes social or political affairs)	8	2
行文	xíng wén	writing style (formal); to send an official written communication	8	2
蜂窝	fēng wō	honeycomb; beehive	8	2
虚无	xū wú	nothingness	8	2
船家	chuán jiā	person who lives and makes a living on a boat; boatman; boat dweller	8	2
自认	zì rèn	to believe (sth in relation to oneself); to regard oneself as	8	2
胚层	pēi céng	germ layer; layer of tissue in embryology	8	2
背靠	bèi kào	to lean one's back against; (fig.) to be backed by	8	2
紧靠	jǐn kào	to be right next to; to lean closely against	8	2
精液	jīng yè	semen	8	2
等闲	děng xián	ordinary; common; unimportant	8	2
猜忌	cāi jì	to be suspicious and jealous of	8	2
猎枪	liè qiāng	hunting gun; shotgun	8	2
狗贼	gǒu zéi	(insult) brigand; swindler	8	2
燃气轮机	rán qì lún jī	gas turbine	8	2
灌木丛	guàn mù cóng	shrub; shrubbery	8	2
游走	yóu zǒu	to swim away	8	2
游乐	yóu lè	to amuse oneself; recreation	8	2
海船	hǎi chuán	seagoing ship	8	2
海内	hǎi nèi	the whole world; throughout the land; everything under the sun	8	2
死角	sǐ jiǎo	gap in coverage; gap in protection or defenses	8	2
植物学	zhí wù xué	botany	8	2
朝夕	zhāo xī	morning and night; all the time	8	2
晚霞	wǎn xiá	sunset glow; sunset clouds; afterglow	8	2
昏睡	hūn shuì	to sleep heavily (due to illness, fatigue etc)	8	2
教民	jiào mín	adherent to a religion; convert	8	2
揭幕	jiē mù	opening; unveiling	8	2
插曲	chā qǔ	music played during a movie, play etc; incidental music	8	2
扑面	pū miàn	lit. sth hits one in the face; directly in one's face	8	2
开炮	kāi pào	to open fire	8	2
幽默感	yōu mò gǎn	sense of humor	8	2
岂止	qǐ zhǐ	not only; far from; more than	8	2
小企业	xiǎo qǐ yè	small enterprise	8	2
安身	ān shēn	to make one's home; to take shelter	8	2
姨娘	yí niáng	maternal aunt; father's concubine (old)	8	2
妇产科	fù chǎn kē	department of gynecology and obstetrics; birth clinic	8	2
奔放	bēn fàng	bold and unrestrained; untrammeled	8	2
奇事	qí shì	marvel	8	2
头像	tóu xiàng	portrait; bust; (computing) profile picture; avatar	8	2
天下大乱	tiān xià dà luàn	the whole country in rebellion	8	2
大鼓	dà gǔ	bass drum	8	2
土葬	tǔ zàng	burial (in earth)	8	2
国度	guó dù	country; nation	8	2
同道	tóng dào	same principle	8	2
同源	tóng yuán	homology (biology); a common origin	8	2
台词	tái cí	an actor's lines; dialogue; Taiwanese word	8	2
参加者	cān jiā zhě	participant	8	2
卵子	luǎn zǐ	ovum	8	2
切记	qiè jì	remember at all costs	8	2
俯视	fǔ shì	to overlook; to look down at	8	2
优厚	yōu hòu	generous, liberal (pay, compensation)	8	2
交换机	jiāo huàn jī	switch (telecommunications)	8	2
乡民	xiāng mín	villager	8	2
主办方	zhǔ bàn fāng	organizer; host	8	2
业务员	yè wù yuán	salesperson	8	2
下葬	xià zàng	to bury; to inter	8	2
饱餐	bǎo cān	to eat one's fill	8	2
随葬品	suí zàng pǐn	burial goods; burial gifts	8	2
铲除	chǎn chú	to root out; to eradicate; to sweep away; to abolish	8	2
逆差	nì chā	adverse trade balance; trade deficit	8	2
跃进	yuè jìn	to leap forward; to make rapid progress; a leap forward	8	2
质变	zhì biàn	qualitative change; fundamental change	8	2
见多识广	jiàn duō shí guǎng	(idiom) experienced and knowledgeable	8	2
花轿	huā jiào	bridal sedan chair	8	2
自大狂	zì dà kuáng	megalomania; egomania; delusions of grandeur	8	2
肃静	sù jìng	solemnly silent	8	2
聪慧	cōng huì	bright; intelligent	8	2
职业化	zhí yè huà	professionalization	8	2
耳聋	ěr lóng	deaf	8	2
绝世	jué shì	unique; exceptional	8	2
纵火	zòng huǒ	to set on fire; to commit arson	8	2
积分榜	jī fēn bǎng	table of scores (in exams or sports league)	8	2
磁石	cí shí	magnet	8	2
献礼	xiàn lǐ	to offer sth in tribute (often on a special occasion); to dedicate	8	2
牧人	mù rén	shepherd; pastor; pastoral	8	2
深思熟虑	shēn sī shú lǜ	mature reflection; after careful deliberations	8	2
海盐	hǎi yán	sea salt	8	2
泼辣	pō la	shrewish; pungent; forceful	8	2
核定	hé dìng	to audit and determine; to check and ratify; to appraise and decide	8	2
最惠国	zuì huì guó	most-favored nation (trade status)	8	2
数落	shǔ luo	to enumerate sb's shortcomings; to criticize; to scold	8	2
搂抱	lǒu bào	to hug; to embrace	8	2
探访	tàn fǎng	to seek by inquiry or search; to call on; to visit	8	2
换算	huàn suàn	to convert; conversion	8	2
拆散	chāi sàn	to break up (a marriage, family etc)	8	2
抗菌	kàng jūn	antibacterial	8	2
扳机	bān jī	(gun) trigger	8	2
平均主义	píng jūn zhǔ yì	egalitarianism	8	2
定夺	dìng duó	to make a decision; to determine	8	2
外祖父	wài zǔ fù	maternal grandfather (i.e. mother's father)	8	2
外海	wài hǎi	offshore; open sea	8	2
坠入	zhuì rù	to drop into; to fall into	8	2
国际象棋	guó jì xiàng qí	chess	8	2
名号	míng hào	name; title; good reputation	8	2
合谋	hé móu	to conspire; to plot together	8	2
合办	hé bàn	to cooperate; to do business together	8	2
合作化	hé zuò huà	collectivization (in Marxist theory)	8	2
变数	biàn shù	variable factor; uncertainties; (math.) a variable	8	2
化子	huā zi	beggar (old term); same as 花子	8	2
加盖	jiā gài	to seal (with an official stamp); to stamp; (fig.) to ratify	8	2
决斗	jué dòu	to duel; a duel; decisive struggle	8	2
修造	xiū zào	to build; to repair	8	2
体味	tǐ wèi	body odor; to appreciate a subtle taste	8	2
人性化	rén xìng huà	(of a system or product etc) adapted to human needs; people-oriented	8	2
五脏	wǔ zàng	five viscera of TCM, namely: heart 心, liver 肝, spleen 脾, lungs 肺 and kidneys 腎	8	2
久留	jiǔ liú	to stay for a long time	8	2
不肖	bù xiào	(literary) unlike one's parents; degenerate; unworthy	8	2
一般见识	yī bān jiàn shi	(idiom) to lower oneself to (sb's) level	8	2
一窍不通	yī qiào bù tōng	lit. doesn't (even) enter a single aperture (of one's head)	8	2
驯化	xùn huà	to tame; to domesticate	8	2
重温	chóng wēn	to learn sth over again; to review; to brush up	8	2
酷爱	kù ài	to be keen on; to have a passion for	8	2
足球赛	zú qiú sài	soccer match; soccer competition	8	2
调档	diào dàng	to transfer a dossier; to consult a dossier	8	2
药性	yào xìng	medicinal effect	8	2
草根	cǎo gēn	grass roots (lit. and fig.)	8	2
苦命	kǔ mìng	hard lot; bitter fate; unfortunate	8	2
耿耿于怀	gěng gěng yú huái	to take troubles to heart (idiom); brooding	8	2
老两口	lǎo liǎng kǒu	old married couple	8	2
细碎	xì suì	fragments; bits and pieces	8	2
管待	guǎn dài	to wait on; to attend; to serve	8	2
眨巴	zhǎ ba	to blink; to wink	8	2
白话	bái huà	spoken language; vernacular	8	2
疆界	jiāng jiè	border; boundary	8	2
甲壳	jiǎ qiào	carapace; crust; outer shell	8	2
田产	tián chǎn	estate; lands	8	2
生根	shēng gēn	to take root	8	2
然则	rán zé	that being the case; then; in that case	8	2
清高	qīng gāo	noble and virtuous; aloof from politics and material pursuits	8	2
添置	tiān zhì	to buy; to acquire; to add to one's possessions	8	2
核技术	hé jì shù	nuclear technology	8	2
权重	quán zhòng	weight (i.e. importance attached to sth)	8	2
政坛	zhèng tán	political circles	8	2
探子	tàn zi	intelligence gatherer; spy; detective	8	2
招工	zhāo gōng	to recruit employees	8	2
拉长	lā cháng	to lengthen; to pull sth out longer	8	2
愤愤	fèn fèn	extremely angry	8	2
惯用	guàn yòng	to use habitually; habitual; customary	8	2
思想史	sī xiǎng shǐ	intellectual history	8	2
德性	dé xìng	moral integrity	8	2
开庭	kāi tíng	to begin a (judicial) court session	8	2
座椅	zuò yǐ	seat	8	2
度假村	dù jià cūn	resort (vacation property)	8	2
废气	fèi qì	exhaust gas; industrial waste gas	8	2
屈从	qū cóng	to submit; to yield; to bow to sb's will	8	2
小汽车	xiǎo qì chē	compact car	8	2
射影	shè yǐng	(geometry) projection	8	2
奴隶社会	nú lì shè huì	slave-owning society (precedes feudal society 封建社會 in Marxist theory)	8	2
失散	shī sàn	to lose touch with; missing; scattered	8	2
天价	tiān jià	extremely expensive; sky-high price	8	2
复归	fù guī	to return; to come back	8	2
增资	zēng zī	capital increase	8	2
场子	chǎng zi	(coll.) gathering place; public venue	8	2
圆球	yuán qiú	ball; sphere; globe	8	2
商品化	shāng pǐn huà	commodification	8	2
哭诉	kū sù	to lament; to complain tearfully; to wail accusingly	8	2
周报	zhōu bào	weekly publication	8	2
十二指肠	shí èr zhǐ cháng	duodenum	8	2
制冷	zhì lěng	to produce cold air (to cool a room etc)	8	2
出线	chū xiàn	(sports) to go out of bounds; to go over the line	8	2
再起	zài qǐ	to arise again; to make a comeback; resurgence	8	2
公德	gōng dé	public ethics; social morality	8	2
入药	rù yào	to use in medicine	8	2
候选	hòu xuǎn	candidate (attributive)	8	2
信使	xìn shǐ	messenger; courier	8	2
佣金	yòng jīn	commission	8	2
价格战	jià gé zhàn	price war	8	2
仇家	chóu jiā	enemy; foe	8	2
举兵	jǔ bīng	(literary) to raise an army; to dispatch troops	8	2
中标	zhòng biāo	to win a tender; to win a bid	8	2
丝织品	sī zhī pǐn	item made from woven silk or rayon	8	2
一气	yī qì	at one go; at a stretch; for a period of time	8	2
一五一十	yī wǔ yī shí	lit. count by fives and tens (idiom); to narrate systematically and in full detail	8	2
高射炮	gāo shè pào	anti-aircraft gun	8	2
音讯	yīn xùn	letters; mail; news	8	2
震怒	zhèn nù	to be furious	8	2
闲聊	xián liáo	to chat; casual conversation	8	2
通路	tōng lù	thoroughfare; passage; pathway	8	2
追随者	zhuī suí zhě	follower; adherent; following	8	2
运输业	yùn shū yè	transportation industry	8	2
辅以	fǔ yǐ	supplemented by; accompanied by; with	8	2
贪官污吏	tān guān wū lì	grasping officials, corrupt mandarins (idiom); abuse and corruption	8	2
脱口	tuō kǒu	to blurt out	8	2
算卦	suàn guà	fortune telling	8	2
穷困	qióng kùn	destitute; wretched poverty	8	2
盛况	shèng kuàng	grand occasion	8	2
用钱	yòng qián	to spend money	8	2
班师	bān shī	to withdraw troops from the front; to return in triumph	8	2
炮制	páo zhì	to concoct; to invent; to fabricate	8	2
滑落	huá luò	to slip and fall; to slide down; to roll down	8	2
消停	xiāo tíng	to calm down; to stop; to pause	8	2
水污染	shuǐ wū rǎn	water pollution	8	2
歌唱家	gē chàng jiā	singer	8	2
橱窗	chú chuāng	display window	8	2
机房	jī fáng	machine room; engine room; computer room	8	2
明文规定	míng wén guī dìng	expressly stipulated (in writing)	8	2
无意间	wú yì jiān	inadvertently; unintentionally	8	2
效劳	xiào láo	to serve (in some capacity); to work for	8	2
撇嘴	piě zuǐ	to curl one's lip; to twitch one's mouth	8	2
挺立	tǐng lì	to stand erect; to stand upright	8	2
持久战	chí jiǔ zhàn	prolonged war; war of attrition	8	2
打尖	dǎ jiān	to stop for a snack while traveling	8	2
房顶	fáng dǐng	housetop; roof	8	2
悄无声息	qiǎo wú shēng xī	quietly; noiselessly	8	2
恰如	qià rú	just as if	8	2
怪圈	guài quān	vicious circle; (abnormal) phenomenon	8	2
德高望重	dé gāo wàng zhòng	(idiom) a person of virtue and prestige; a person of good moral standing and reputation	8	2
当归	dāng guī	Angelica sinensis	8	2
弹奏	tán zòu	to play (musical instrument, esp. string)	8	2
师从	shī cóng	to study under (a teacher)	8	2
小树	xiǎo shù	shrub; small tree; sapling	8	2
宗师	zōng shī	great scholar respected for learning and integrity	8	2
妻室	qī shì	wife	8	2
好好儿	hǎo hāo r	erhua form of 好好	8	2
奋发	fèn fā	to rouse to vigorous action; energetic mood	8	2
大雾	dà wù	thick fog	8	2
复古	fù gǔ	to return to old ways (a Confucian aspiration); to turn back the clock	8	2
声张	shēng zhāng	to make public; to disclose	8	2
基调	jī diào	main key (of a musical composition); keynote (speech)	8	2
合宜	hé yí	appropriate	8	2
发生率	fā shēng lǜ	rate of occurrence	8	2
参考书	cān kǎo shū	reference book	8	2
卷土重来	juǎn tǔ chóng lái	lit. to return in a swirl of dust (idiom)	8	2
协办	xié bàn	to assist; to help sb do sth; to cooperate in doing sth	8	2
力矩	lì jǔ	torque	8	2
写生	xiě shēng	to sketch from nature; to do a still life drawing	8	2
保温	bǎo wēn	to keep hot; heat preservation	8	2
体统	tǐ tǒng	decorum; propriety; arrangement or form (of piece of writing)	8	2
低收入	dī shōu rù	low income	8	2
从业者	cóng yè zhě	people in the (aforementioned) industry; practitioner; industry professional	8	2
今生	jīn shēng	this lifetime	8	2
亮出	liàng chū	to suddenly reveal; to flash (one's ID, a banknote etc)	8	2
亡灵	wáng líng	spirit of the dead; departed soul	8	2
了如指掌	liǎo rú zhǐ zhǎng	to know sth like the back of one's hand (idiom)	8	2
乱子	luàn zi	disturbance; trouble	8	2
不遗余力	bù yí yú lì	to spare no pains or effort (idiom); to do one's utmost	8	2
高密	gāo mì	high density	8	2
飞鸟	fēi niǎo	bird	8	2
颓然	tuí rán	decrepit; ruined; disappointed	8	2
鞭打	biān dǎ	to whip; to lash; to flog	8	2
面相	miàn xiàng	facial features; appearence; physiognomy	8	2
隐没	yǐn mò	to vanish gradually; to disappear; to fade out	8	2
阴历	yīn lì	lunar calendar	8	2
适得其反	shì dé qí fǎn	to produce the opposite of the desired result	8	2
试想	shì xiǎng	to consider (a cogent point) (usu. used as an imperative – "Think about it: ...")	8	2
词人	cí rén	writer of 詞 (a kind of Classical Chinese poem)	8	2
视距	shì jù	visible range	8	2
规约	guī yuē	terms (of an agreement)	8	2
草料	cǎo liào	fodder	8	2
芒果	máng guǒ	(loanword) mango	8	2
船尾	chuán wěi	back end of a ship; aft	8	2
自传	zì zhuàn	autobiography	8	2
绝句	jué jù	quatrain (poetic form)	8	2
精炼	jīng liàn	to refine (a substance); to purify	8	2
突触	tū chù	synapse	8	2
社会性	shè huì xìng	social; societal	8	2
皮肤病	pí fū bìng	skin disease; skin condition; dermatosis	8	2
画法	huà fǎ	painting technique; drawing method	8	2
琴弦	qín xián	string (of a stringed instrument)	8	2
球蛋白	qiú dàn bái	globulin	8	2
父母亲	fù mǔ qīn	parents	8	2
滚落	gǔn luò	to tumble	8	2
淡然	dàn rán	tranquil and calm; indifferent	8	2
海事	hǎi shì	maritime affairs; accident at sea	8	2
浪子	làng zǐ	loafer; wastrel; prodigal son	8	2
浓雾	nóng wù	thick fog	8	2
洞房	dòng fáng	secret inner room; bridal room	8	2
栽种	zāi zhòng	to plant; to grow	8	2
查办	chá bàn	to investigate and handle (a criminal case)	8	2
杀人放火	shā rén fàng huǒ	to kill and burn (idiom); murder and arson	8	2
敏感性	mǐn gǎn xìng	sensitive; sensitivity	8	2
提纯	tí chún	to purify	8	2
推进器	tuī jìn qì	propeller; propulsion unit; thruster	8	2
推导	tuī dǎo	derivation; to deduce	8	2
拜堂	bài táng	ritual kneeling to heaven and earth by bride and groom in a old-fashioned wedding ceremony	8	2
拉近	lā jìn	to pull sb close to oneself	8	2
打劫	dǎ jié	to loot; to rob; to plunder	8	2
心房	xīn fáng	heart (as the seat of emotions); cardiac atrium	8	2
徒劳	tú láo	futile	8	2
开窍	kāi qiào	to get it straight; to start to understand things properly	8	2
岔开	chà kāi	to diverge; to branch off the road; to change (the subject)	8	2
山神	shān shén	mountain god	8	2
对不住	duì bu zhù	to let sb down; to be unfair; I'm sorry	8	2
嬉戏	xī xì	to frolic; to romp	8	2
威逼	wēi bī	to threaten; to coerce; to intimidate	8	2
姑母	gū mǔ	father's sister; paternal aunt	8	2
好意思	hǎo yì si	to have the nerve; what a cheek!; to feel no shame	8	2
失掉	shī diào	to lose; to miss	8	2
多头	duō tóu	many-headed; many-layered (authority)	8	2
国事访问	guó shì fǎng wèn	state visit	8	2
后脑	hòu nǎo	hindbrain; back of the head	8	2
受孕	shòu yùn	to become pregnant; to conceive	8	2
冲锋陷阵	chōng fēng xiàn zhèn	(idiom) to charge into battle; (fig.) to be on the front lines	8	2
兴亡	xīng wáng	to flourish and decay; rise and fall	8	2
俯仰	fǔ yǎng	lowering and raising of the head; (fig.) small move	8	2
信得过	xìn de guò	trustworthy; reliable	8	2
保证金	bǎo zhèng jīn	earnest money; cash deposit; bail	8	2
保不住	bǎo bu zhù	cannot maintain (sth); unable to keep; more likely than not	8	2
位列	wèi liè	to rank	8	2
介子	jiè zǐ	meson; mesotron (physics)	8	2
乱跑	luàn pǎo	to run around; to run about aimlessly	8	2
买进	mǎi jìn	to purchase; to buy in (goods)	8	2
主业	zhǔ yè	main business	8	2
不支	bù zhī	to be unable to endure	8	2
不共戴天	bù gòng dài tiān	(idiom) (of enemies) cannot live under the same sky; absolutely irreconcilable	8	2
一视同仁	yī shì tóng rén	to treat everyone equally favorably (idiom); not to discriminate between people	8	2
额角	é jiǎo	forehead; temples	8	2
阴部	yīn bù	genitalia	8	2
闹剧	nào jù	farce	8	2
门神	mén shén	door god	8	2
遗传物质	yí chuán wù zhì	genetic material	8	2
辑录	jí lù	to compile; to collect	8	2
跌幅	diē fú	decline (in value); extent of a drop	8	2
财阀	cái fá	tycoon; magnate; powerful corporation; conglomerate	8	2
议论纷纷	yì lùn fēn fēn	to discuss spiritedly (idiom); tongues are wagging	8	2
计提	jì tí	to set aside; to make provision for (capital requirements)	8	2
虎年	hǔ nián	Year of the Tiger (e.g. 2010)	8	2
良田	liáng tián	good agricultural land; fertile land	8	2
育苗	yù miáo	to raise seedlings or saplings	8	2
联考	lián kǎo	entrance examination	8	2
考评	kǎo píng	evaluation; to investigate and evaluate	8	2
终归	zhōng guī	in the end; ultimately; after all	8	2
神人	shén rén	God; deity	8	2
社火	shè huǒ	festival entertainment (lion dance, dragon lantern etc)	8	2
相爱	xiāng ài	to love each other	8	2
相投	xiāng tóu	to share common interests or views; to get along well; congenial	8	2
番号	fān hào	number of military unit	8	2
生就	shēng jiù	to be born with; to be gifted with	8	2
现年	xiàn nián	(a person's) current age	8	2
热处理	rè chǔ lǐ	hot treatment (e.g. of metal)	8	2
渔港	yú gǎng	fishing port	8	2
派头	pài tóu	manner; style; panache	8	2
沾染	zhān rǎn	to pollute (often fig.); to be infected by; to gain a small advantage	8	2
板壁	bǎn bì	wooden partition	8	2
本地人	běn dì rén	native person (of a country)	8	2
木桩	mù zhuāng	wooden pile; stake	8	2
有线电视	yǒu xiàn diàn shì	cable television	8	2
无损	wú sǔn	to do no harm (to sth); intact; (computing) lossless	8	2
断裂带	duàn liè dài	fault zone (geology)	8	2
政敌	zhèng dí	political opponent	8	2
改道	gǎi dào	to change route; to divert (a road or a watercourse)	8	2
支吾	zhī wú	to resist; to deal with	8	2
摆弄	bǎi nòng	to move back and forth; to fiddle with	8	2
抽打	chōu dǎ	to whip; to flog; to thrash	8	2
截获	jié huò	to intercept; to cut off and capture	8	2
慨叹	kǎi tàn	to sigh with regret; lament	8	2
悠然	yōu rán	unhurried; leisurely	8	2
录音带	lù yīn dài	audio tape	8	2
应用软件	yìng yòng ruǎn jiàn	application software	8	2
庆功	qìng gōng	to celebrate a heroic deed	8	2
尖利	jiān lì	sharp; keen; cutting	8	2
室温	shì wēn	room temperature	8	2
孤寂	gū jì	lonesome; desolate	8	2
城防	chéng fáng	city defense	8	2
地磁	dì cí	Earth's magnetic field; geomagnetism	8	2
后事	hòu shì	future events; and what happened next... (in fiction)	8	2
受难	shòu nàn	to suffer a calamity; to suffer (e.g. under torture); distress	8	2
发帖	fā tiě	to post (an item on a forum)	8	2
卑微	bēi wēi	lowly; humble	8	2
刹那	chà nà	an instant (Sanskrit: ksana); split second; the twinkling of an eye	8	2
俯伏	fǔ fú	to lie prostrate	8	2
代表处	dài biǎo chù	representative office	8	2
人寿	rén shòu	human lifespan; life insurance (abbr. for 人壽保險)	8	2
中空	zhōng kōng	hollow; empty interior	8	2
三倍	sān bèi	triple; three times as much; threefold	8	2
龟儿子	guī ér zi	(coll.) bastard; son of a bitch	8	2
骄横	jiāo hèng	arrogant; overbearing	8	2
驾临	jià lín	to grace sb with one's presence; your arrival (honorific)	8	2
钟情	zhōng qíng	to fall in love; to love sb or sth dearly (lover, or art)	8	2
过活	guò huó	to live one's life; to make a living	8	2
调价	tiáo jià	to raise or lower the price; price adjustment	8	2
要约	yāo yuē	to restrict; to agree to a contract; offer; bid	8	2
补报	bǔ bào	to make a report after the event; to make a supplementary report	8	2
行销	xíng xiāo	to sell; to market; marketing	8	2
荒僻	huāng pì	desolate; deserted; out-of-the-way	8	2
草率	cǎo shuài	careless; negligent; sloppy	8	2
航海家	háng hǎi jiā	mariner; seafarer	8	2
耳畔	ěr pàn	ears	8	2
结拜	jié bài	to become sworn brothers or sisters; sworn (brothers)	8	2
细化	xì huà	to give a more granular level of detail; to elaborate; to refine	8	2
神速	shén sù	lightning speed; amazingly rapid; incredible pace of development	8	2
直销	zhí xiāo	to sell directly; direct sale (by a factory); direct marketing	8	2
病史	bìng shǐ	medical history	8	2
猫头鹰	māo tóu yīng	owl	8	2
牧羊	mù yáng	to raise sheep; shepherd	8	2
漠视	mò shì	to ignore; to neglect; to treat with contempt	8	2
清丽	qīng lì	(of writing, scenery, a woman etc) graceful; elegant; charming; beautiful	8	2
混账	hùn zhàng	shameful; absolutely disgraceful!	8	2
深恶痛绝	shēn wù tòng jué	to detest bitterly (idiom); implacable hatred; to abhor	8	2
海龟	hǎi guī	turtle; Internet slang for 海歸	8	2
法老	fǎ lǎo	pharaoh (loanword)	8	2
沾满	zhān mǎn	muddy; covered in (mud, dust, sweat, blood etc); daubed in	8	2
水牛	shuǐ niú	water buffalo	8	2
水潭	shuǐ tán	water pool; pond	8	2
欲言又止	yù yán yòu zhǐ	to want to say sth but then hesitate	8	2
条码	tiáo mǎ	barcode	8	2
本相	běn xiàng	original form	8	2
本业	běn yè	business in which a company has traditionally engaged (e.g. before diversifying)	8	2
木然	mù rán	stupefied	8	2
智谋	zhì móu	resourcefulness; ingenuity	8	2
显贵	xiǎn guì	dignitary; distinguished person; royalty	8	2
明令	míng lìng	to decree	8	2
攀比	pān bǐ	to make invidious comparisons; to compete with; to emulate	8	2
投标	tóu biāo	to bid; to make a tender	8	2
怨毒	yuàn dú	bitter resentment; rancor	8	2
强求	qiǎng qiú	to insist on; to demand; to impose	8	2
强攻	qiáng gōng	(military) to take by storm	8	2
开脱	kāi tuō	to exculpate; to absolve; to exonerate	8	2
宰杀	zǎi shā	to slaughter (an animal for meat); to butcher	8	2
客套	kè tào	polite greeting; civilities; to exchange pleasantries	8	2
完整性	wán zhěng xìng	integrity; completeness	8	2
妻妾	qī qiè	wives and concubines (of a polygamous man); harem	8	2
奇兵	qí bīng	troops appearing suddenly (in a raid or ambush)	8	2
失足	shī zú	to lose one's footing; to slip; to take a wrong step in life	8	2
大逆不道	dà nì bù dào	disgraceful (of behavior that is unfilial, rebellious or otherwise in grave breach of the norms of society)	8	2
增值税	zēng zhí shuì	value-added tax (VAT)	8	2
墙根	qiáng gēn	foot of a wall	8	2
地皮	dì pí	lot; section of land; ground	8	2
周游	zhōu yóu	to travel around; to tour; to cross	8	2
含金量	hán jīn liàng	gold content; (fig.) value; quality; prestige	8	2
后缘	hòu yuán	trailing edge (of airplane wing)	8	2
反扑	fǎn pū	to counterattack; to come back after a defeat; to retrieve lost ground	8	2
凹凸	āo tū	concave or convex; bumps and holes; uneven (surface)	8	2
农事	nóng shì	farming task	8	2
公署	gōng shǔ	government office	8	2
公债	gōng zhài	government bond	8	2
公产	gōng chǎn	public property	8	2
党务	dǎng wù	party affairs; work within the Communist party	8	2
光秃秃	guāng tū tū	bald; bare (no hair, no leaves, no vegetation etc)	8	2
保龄球	bǎo líng qiú	ten-pin bowling (loanword); bowling ball	8	2
临阵	lín zhèn	just before the battle; to approach the front line	8	2
世系	shì xì	lineage; genealogy; family tree	8	2
三八线	sān bā xiàn	38th parallel, forming the DMZ border between North and South Korea	8	2
万丈	wàn zhàng	lit. ten thousand fathoms; fig. extremely high or deep; lofty	8	2
骗局	piàn jú	a swindle; a trap; a racket	8	2
风月	fēng yuè	romance; beautiful scenery; small or petty (of talk etc)	8	2
颇为	pō wéi	rather; quite	8	2
顶撞	dǐng zhuàng	to contradict (elders or superiors)	8	2
降落伞	jiàng luò sǎn	parachute	8	2
防晒	fáng shài	sunburn protection	8	2
边防军	biān fáng jūn	border guard; frontier army	8	2
轴线	zhóu xiàn	central axis (line)	8	2
转脸	zhuǎn liǎn	to turn one's head; in no time; in the twinkling of an eye	8	2
赎罪	shú zuì	to atone for one's crime; to buy freedom from punishment; redemption	8	2
负心	fù xīn	ungrateful; heartless; to fail to be loyal to one's love	8	2
语境	yǔ jìng	context	8	2
讨论会	tǎo lùn huì	symposium; discussion forum	8	2
行止	xíng zhǐ	movements; attitude; behavior	8	2
血路	xuè lù	desperate getaway (from a battlefield)	8	2
荒岛	huāng dǎo	barren or uninhabited island	8	2
英名	yīng míng	illustrious name; legendary reputation	8	2
自得	zì dé	contented; pleased with one's position	8	2
自嘲	zì cháo	to mock oneself; to laugh at oneself	8	2
罕有	hǎn yǒu	to rarely have; rare	8	2
继承权	jì chéng quán	right of inheritance	8	2
纷飞	fēn fēi	to swirl in the air (of thickly falling snowflakes, flower petals etc)	8	2
答非所问	dá fēi suǒ wèn	(idiom) to sidestep the question; to answer evasively	8	2
立定	lì dìng	to stop; to halt; halt!	8	2
租税	zū shuì	taxation; in former times, esp. land tax	8	2
神经细胞	shén jīng xì bāo	nerve cell; neuron	8	2
碟子	dié zi	saucer; small dish	8	2
睡意	shuì yì	sleepiness	8	2
着色	zhuó sè	to apply color; to color; to paint	8	2
油水	yóu shuǐ	grease; profit; ill-gotten gains	8	2
沙哑	shā yǎ	hoarse; husky; raspy	8	2
正人君子	zhèng rén jūn zi	upright gentleman; man of honor	8	2
无上	wú shàng	supreme	8	2
数百万	shù bǎi wàn	several million	8	2
扣子	kòu zi	button	8	2
打字机	dǎ zì jī	typewriter	8	2
慢性病	màn xìng bìng	chronic disease	8	2
忠厚	zhōng hòu	honest and considerate	8	2
形容词	xíng róng cí	adjective	8	2
布匹	bù pǐ	cloth (by the yard)	8	2
富民	fù mín	to enrich the people	8	2
存量	cún liàng	reserves	8	2
媒人	méi ren	matchmaker	8	2
地磁场	dì cí chǎng	the earth's magnetic field	8	2
圆周率	yuán zhōu lǜ	(math.) the ratio of the circumference of a circle to its diameter (π)	8	2
合法化	hé fǎ huà	to legalize; to make legal; legalization	8	2
升格	shēng gé	promotion; upgrade	8	2
劈头	pī tóu	straight away; right off the bat; right on the head; right in the face	8	2
冷峻	lěng jùn	grave and stern	8	2
养伤	yǎng shāng	to heal a wound; to recuperate (from an injury)	8	2
兴头	xìng tou	keen interest; concentrated attention	8	2
全数	quán shù	the entire sum; the whole amount	8	2
入围	rù wéi	to get past the qualifying round; to make it to the finals	8	2
倾角	qīng jiǎo	dip	8	2
体魄	tǐ pò	physique; build	8	2
住手	zhù shǒu	to desist; to stop; to stay one's hand	8	2
令人满意	lìng rén mǎn yì	satisfying; satisfactory	8	2
人犯	rén fàn	criminal; culprit; suspect (old)	8	2
乙酸	yǐ suān	acetic acid (CH3COOH); ethanoic acid	8	2
丝状	sī zhuàng	thread-like	8	2
下界	xià jiè	lower bound (math.); world of mortals	8	2
一腔	yī qiāng	full of (zeal, anger etc)	8	2
鱼塘	yú táng	fishpond	8	2
集合体	jí hé tǐ	aggregate; ensemble; bundle	8	2
闹市	nào shì	downtown area; city center	8	2
门框	mén kuàng	door frame	8	2
退伍	tuì wǔ	to be discharged from military service	8	2
转嫁	zhuǎn jià	to remarry (of widow)	8	2
谱写	pǔ xiě	to compose (a piece of music)	8	2
误伤	wù shāng	to injure accidentally; accidental injury	8	2
虚空	xū kōng	void; hollow; empty	8	2
茶具	chá jù	tea set; tea service	8	2
肥厚	féi hòu	plump; fleshy; fertile	8	2
羞惭	xiū cán	a disgrace; ashamed	8	2
稀烂	xī làn	thoroughly mashed; mushy; smashed up; broken into pieces	8	2
监听	jiān tīng	to monitor; to listen in; to eavesdrop	8	2
盐业	yán yè	salt industry	8	2
痛斥	tòng chì	to criticize harshly; to denounce; to attack viciously	8	2
病历	bìng lì	medical record; case history	8	2
爱子	ài zǐ	beloved son	8	2
焦灼	jiāo zhuó	(literary) deeply worried	8	2
烧杯	shāo bēi	beaker (glassware)	8	2
洗钱	xǐ qián	to launder money	8	2
水塘	shuǐ táng	pool	8	2
枣树	zǎo shù	jujube tree; date tree; Zizyphus vulgaris	8	2
有产者	yǒu chǎn zhě	property owner; the wealthy	8	2
暗处	àn chù	secret place	8	2
春雨	chūn yǔ	spring rain; gift from above	8	2
早熟	zǎo shú	precocious; early-maturing	8	2
新作	xīn zuò	new work (book, movie, video game etc)	8	2
改行	gǎi háng	to change profession	8	2
接头	jiē tóu	connector; joint; coupling; (coll.) to contact; to get in touch with	8	2
损益	sǔn yì	profit and loss; increase and decrease	8	2
按期	àn qī	on schedule; on time	8	2
择偶	zé ǒu	to choose a spouse	8	2
拘泥	jū nì	to be a stickler for formalities; to rigidly adhere to; to cling to	8	2
抬举	tái ju	to lift sth up; to elevate sb	8	2
手印	shǒu yìn	handprint; fingerprint; thumbprint	8	2
快攻	kuài gōng	fast break; quick attack (ball sports)	8	2
弧线	hú xiàn	arc	8	2
干细胞	gàn xì bāo	stem cell	8	2
对立面	duì lì miàn	opposite; antonym; the opposite side (in a conflict)	8	2
寄予	jì yǔ	to place (hope, importance etc) on; to express; to show; to give	8	2
家破人亡	jiā pò rén wáng	family bankrupt and the people dead (idiom); ruined and orphaned	8	2
孝心	xiào xīn	filial piety (a Confucian obligation)	8	2
夹角	jiā jiǎo	angle (between two intersecting lines)	8	2
坏蛋	huài dàn	bad egg; scoundrel; bastard	8	2
国有化	guó yǒu huà	nationalization	8	2
取道	qǔ dào	via; by way of; en route to	8	2
化工厂	huà gōng chǎng	chemical factory; chemical plant	8	2
助战	zhù zhàn	to support (in battle)	8	2
加劲	jiā jìn	to increase efforts; to make extra efforts	8	2
创见	chuàng jiàn	an original idea	8	2
出气	chū qì	to vent one's anger; to breathe out; to exhale	8	2
军分区	jūn fēn qū	military subdistricts	8	2
内室	nèi shì	inner room; bedroom	8	2
交融	jiāo róng	to blend; to mix	8	2
交割	jiāo gē	delivery (commerce)	8	2
乱动	luàn dòng	to fiddle with; to tamper with; to meddle with	8	2
隐忍	yǐn rěn	to suffer in silence; to endure hardship or injustice without complaint; to swallow one's grievances	8	2
降解	jiàng jiě	(chemistry) degradation; to degrade	8	2
钻探	zuān tàn	to conduct exploratory drilling	8	2
运销	yùn xiāo	distribution; transport and sale (of goods)	8	2
轻骑	qīng qí	light cavalry; light motorcycle; moped	8	2
贪生怕死	tān shēng pà sǐ	greedy for life, afraid of death (idiom); craven and cowardly	8	2
诵读	sòng dú	to read aloud	8	2
讨教	tǎo jiào	to consult; to ask for advice	8	2
血污	xuè wū	blood smears; bloodstains	8	2
落魄	luò pò	down and out; in dire straits; unrestrained	8	2
脑浆	nǎo jiāng	brains	8	2
联系人	lián xì rén	contact person	8	2
职掌	zhí zhǎng	to be in charge of; assignment	8	2
耳环	ěr huán	earring	8	2
老父	lǎo fù	father; old man; venerable sir	8	2
羽翼	yǔ yì	wing; (fig.) assistant	8	2
维权	wéi quán	to defend (legal) rights	8	2
纱布	shā bù	gauze	8	2
纯真	chún zhēn	innocent and unaffected; pure and unadulterated	8	2
立身	lì shēn	to stand upright (physically)	8	2
租房	zū fáng	to rent an apartment	8	2
秉笔	bǐng bǐ	to hold the pen; to do the actual writing	8	2
离心	lí xīn	to be at odds with; centrifugal (force)	8	2
省去	shěng qù	to omit; to dispense with; to make unnecesary	8	2
白脸	bái liǎn	white face; face painting in Beijing opera etc	8	2
男单	nán dān	men's singles (in tennis, badminton etc)	8	2
理发师	lǐ fà shī	barber; hairdresser	8	2
猛将	měng jiàng	fierce general; valiant military leader; fig. brave individual	8	2
灵便	líng biàn	quick; agile; nimble	8	2
温情	wēn qíng	tenderness; warmth; warmhearted	8	2
清流	qīng liú	clean flowing water	8	2
杀灭	shā miè	to exterminate	8	2
把子	bà zi	handle	8	2
打折扣	dǎ zhé kòu	to give a discount; to be of less value than anticipated	8	2
慢吞吞	màn tūn tūn	very slow; exasperatingly slow	8	2
悬空	xuán kōng	to hang in the air; suspended in midair; (fig.) uncertain	8	2
恶果	è guǒ	evil consequence; retribution (in Buddhism)	8	2
心绞痛	xīn jiǎo tòng	angina	8	2
待命	dài mìng	to be on call; to be on standby	8	2
影印	yǐng yìn	photographic reproduction; photocopying; photo-offset	8	2
小鸡	xiǎo jī	chick	8	2
寒带	hán dài	polar climate	8	2
子系统	zǐ xì tǒng	subsystem	8	2
套话	tào huà	polite phrase; conventional greetings; cliché	8	2
夹层	jiā céng	hollow layer between two solid layers; (architecture) mezzanine	8	2
大黄	dà huáng	rhubarb (botany)	8	2
外交大臣	wài jiāo dà chén	Foreign Secretary	8	2
声讨	shēng tǎo	to denounce; to condemn	8	2
基线	jī xiàn	baseline (surveying, budgeting, typography etc)	8	2
围裙	wéi qún	apron	8	2
四时	sì shí	the four seasons, namely: spring 春, summer 夏, autumn 秋 and winter 冬	8	2
君主立宪	jūn zhǔ lì xiàn	constitutional monarchy	8	2
名正言顺	míng zhèng yán shùn	in a way that justifies the use of the term; genuine; proper	8	2
包谷	bāo gǔ	(dialect) corn; maize	8	2
劫难	jié nàn	calamity	8	2
前世	qián shì	previous life; former incarnation	8	2
击剑	jī jiàn	fencing (sport)	8	2
冰盖	bīng gài	ice sheet	8	2
农产	nóng chǎn	agriculture products; farm produce	8	2
兵荒马乱	bīng huāng mǎ luàn	(idiom) war-torn; ravaged by war; in a state of utter chaos	8	2
关隘	guān ài	mountain pass	8	2
光合	guāng hé	(bound form) photosynthetic	8	2
偏好	piān hào	to have a special liking (for sth)	8	2
亲缘	qīn yuán	blood relationship; genetic relationship; consanguinity	8	2
鸡毛	jī máo	chicken feather; trivial	8	2
魂不附体	hún bù fù tǐ	lit. body and soul separated (idiom); fig. scared out of one's wits	8	2
门徒	mén tú	disciple	8	2
遗传性	yí chuán xìng	hereditary; inherited; genetic	8	2
运量	yùn liàng	volume of freight	8	2
赔罪	péi zuì	to apologize	8	2
财政部长	cái zhèng bù zhǎng	minister of finance	8	2
诊疗	zhěn liáo	diagnosis and treatment	8	2
解闷	jiě mèn	to relieve boredom or melancholy; a diversion	8	2
草鞋	cǎo xié	straw sandals	8	2
船老大	chuán lǎo dà	coxswain; steersman; boatswain (bo'sun)	8	2
自首	zì shǒu	to give oneself up; to surrender (to the authorities)	8	2
脚踏实地	jiǎo tà shí dì	to have one's feet firmly planted on the ground (idiom); realistic without flights of fancy	8	2
能动性	néng dòng xìng	initiative; active role	8	2
继承者	jì chéng zhě	successor	8	2
社保	shè bǎo	social insurance (abbr. for 社會保險)	8	2
磁体	cí tǐ	magnet; magnetic body	8	2
碳酸	tàn suān	carbonic acid	8	2
硕士生	shuò shì shēng	Master's degree student	8	2
盟约	méng yuē	contract of alliance; oath or treaty between allies	8	2
盆子	pén zi	basin	8	2
皇恩	huáng ēn	imperial kindness; benevolence from the emperor	8	2
电弧	diàn hú	electric arc	8	2
瓦片	wǎ piàn	tile	8	2
物权	wù quán	(law) right in rem; real right	8	2
没来由	méi lái yóu	without any reason; for no reason	8	2
气势汹汹	qì shì xiōng xiōng	aggressive; truculent; overbearing	8	2
检修	jiǎn xiū	to overhaul; to examine and fix (a motor); to service (a vehicle)	8	2
档案馆	dàng àn guǎn	archive library	8	2
来路	lái lù	incoming road; origin; past history	8	2
条件反射	tiáo jiàn fǎn shè	conditioned reflex	8	2
有方	yǒu fāng	to do things right; to use the correct method	8	2
教区	jiào qū	diocese; parish	8	2
敕令	chì lìng	Imperial order or edict (old)	8	2
支承	zhī chéng	to support; to bear the weight of (a building)	8	2
撤兵	chè bīng	to withdraw troops; to retreat	8	2
拖住	tuō zhù	to hold up; to hinder; to stall	8	2
抽空	chōu kòng	to find the time to do sth	8	2
快报	kuài bào	bulletin board	8	2
忧心	yōu xīn	concerned; worried; disturbed	8	2
心惊胆战	xīn jīng dǎn zhàn	lit. heart alarmed, trembling in fear (idiom); prostrate with fear	8	2
微电子	wēi diàn zǐ	microelectronics	8	2
年龄段	nián líng duàn	age group	8	2
平分	píng fēn	to divide evenly; to bisect (geometry); deuce (tennis)	8	2
定罪	dìng zuì	to convict (sb of a crime)	8	2
官爵	guān jué	official ranking; titles and honors	8	2
安睡	ān shuì	to sleep soundly	8	2
女佣	nǚ yōng	(female) maid	8	2
奏鸣曲	zòu míng qǔ	sonata	8	2
头里	tóu lǐ	in front; in advance of the field	8	2
多极化	duō jí huà	multipolar; multipolarization	8	2
堆放	duī fàng	to pile up; to stack	8	2
城郭	chéng guō	a city wall	8	2
土人	tǔ rén	native; aborigine; clay figure	8	2
呵呵	hē hē	(onom.) gentle laughter; chuckle	8	2
名流	míng liú	gentry; celebrities	8	2
变卖	biàn mài	to sell off (one's property)	8	2
取水	qǔ shuǐ	water intake; to obtain water (from a well etc)	8	2
原子序数	yuán zǐ xù shù	atomic number	8	2
化痰	huà tán	to transform phlegm (TCM)	8	2
利弊	lì bì	pros and cons; merits and drawbacks; advantages and disadvantages	8	2
冷暖	lěng nuǎn	lit. daily changes of temperature; fig. well-being	8	2
内置	nèi zhì	built-in; internal	8	2
充其量	chōng qí liàng	at most; at best	8	2
作势	zuò shì	to adopt an attitude; to strike a posture	8	2
仙境	xiān jìng	fairyland; wonderland; paradise	8	2
中西医	zhōng xī yī	Chinese and Western medicine	8	2
下肚	xià dù	to consume (food or drink); to eat; to drink	8	2
饥渴	jī kě	hungry and thirsty; (fig.) to crave (knowledge, love etc)	8	2
隶书	lì shū	clerical script; official script (Chinese calligraphic style)	8	2
长毛	cháng máo	long-wool (sheep etc); long-haired (dog etc)	8	2
钻孔	zuān kǒng	to bore a hole; to drill; drilled hole	8	2
酷暑	kù shǔ	intense heat; extremely hot weather	8	2
遇害	yù hài	to be murdered	8	2
透顶	tòu dǐng	out-and-out; thoroughly	8	2
过门	guò mén	to pass through a doorway; (of a woman) to marry	8	2
败亡	bài wáng	to be defeated and dispersed	8	2
请勿	qǐng wù	please don't	8	2
解冻	jiě dòng	to melt; to thaw; to defrost	8	2
菜园	cài yuán	vegetable garden	8	2
胜算	shèng suàn	odds of success; stratagem that ensures success; to be sure of success	8	2
背离	bèi lí	to depart from; to deviate from; deviation	8	2
督抚	dū fǔ	governor general 總督 and inspector general 巡撫	8	2
生气勃勃	shēng qì bó bó	(idiom) vibrant; full of vitality	8	2
牺牲品	xī shēng pǐn	sacrificial victim; sb who is expendable; item sold at a loss	8	2
烈日	liè rì	scorching sun	8	2
火苗	huǒ miáo	flame	8	2
渐进	jiàn jìn	progress step by step; gradual progress; to move forward (slowly)	8	2
涵养	hán yǎng	to cultivate (personal qualities)	8	2
涌起	yǒng qǐ	to well up; to boil out; to bubble forth	8	2
海神	hǎi shén	Emperor of the Sea; Neptune	8	2
浴场	yù chǎng	bathing spot	8	2
洗刷	xǐ shuā	to wipe clean; to scrub	8	2
注水	zhù shuǐ	to pour water into; to inject water into	8	2
法儿	fǎ r	way; method; means	8	2
服兵役	fú bīng yì	to serve in the army	8	2
时限	shí xiàn	time limit	8	2
无道	wú dào	tyrannical; brutal (regime)	8	2
无物	wú wù	nothing; empty	8	2
揭穿	jiē chuān	to expose; to uncover	8	2
排卵	pái luǎn	to ovulate	8	2
打鱼	dǎ yú	to fish	8	2
总集	zǒng jí	general collection; anthology	8	2
总决赛	zǒng jué sài	finals (sports)	8	2
忍痛	rěn tòng	to suffer; fig. reluctantly	8	2
忍无可忍	rěn wú kě rěn	more than one can bear (idiom); at the end of one's patience	8	2
得利	dé lì	to benefit (from sth)	8	2
弄错	nòng cuò	to err; to get sth wrong; to miscalculate	8	2
幼子	yòu zǐ	youngest son; very young son	8	2
小花	xiǎo huā	(coll.) popular young actress	8	2
小指	xiǎo zhǐ	little finger	8	2
小伙	xiǎo huǒ	young guy; lad; youngster	8	2
外孙	wài sūn	daughter's son; grandson; descendant via the female line	8	2
坟地	fén dì	graveyard; cemetery	8	2
困倦	kùn juàn	tired; weary	8	2
变体	biàn tǐ	variant	8	2
发电厂	fā diàn chǎng	power plant	8	2
单价	dān jià	unit price	8	2
半生	bàn shēng	half a lifetime	8	2
创造者	chuàng zào zhě	creator	8	2
刊载	kān zǎi	to publish; to carry (a piece of writing, news, image etc) in a periodical or other publication	8	2
分文	fēn wén	a single penny; a single cent	8	2
偷偷摸摸	tōu tōu mō mō	(idiom) surreptitious; sneaky	8	2
停歇	tíng xiē	to stop for a rest	8	2
估摸	gū mo	to reckon; to guess	8	2
付诸实施	fù zhū shí shī	to put into practice; to carry out (idiom)	8	2
习题	xí tí	(schoolwork) exercise; problem; question	8	2
习惯性	xí guàn xìng	customary	8	2
久经	jiǔ jīng	to have long experience of; to go through repeatedly	8	2
临场	lín chǎng	to be at the scene (sitting for an exam, performing, competing, giving directions etc)	8	2
鼻尖	bí jiān	tip of the nose	8	2
驶入	shǐ rù	(of a car, ship, train etc) to enter	8	2
馆子	guǎn zi	restaurant; theater (old)	8	2
饭盒	fàn hé	lunchbox; mess tin	8	2
靠得住	kào de zhù	reliable; trustworthy	8	2
陵寝	líng qǐn	tomb (of king or emperor)	8	2
附加值	fù jiā zhí	added-value (accountancy)	8	2
阳离子	yáng lí zǐ	positive ion; cation (physics)	8	2
量化	liàng huà	to quantify; quantification; quantitative; to quantize; quantization	8	2
道行	dào héng	skills acquired through religious practice; (fig.) ability; skill	8	2
连天	lián tiān	reaching the sky; for days on end; incessantly	8	2
迎击	yíng jī	to face an attack; to repulse the enemy	8	2
越位	yuè wèi	offside (sports)	8	2
调匀	tiáo yún	to blend (cooking); to mix evenly	8	2
调养	tiáo yǎng	to take care of (sb's health); to nurse	8	2
蜂巢	fēng cháo	honeycomb; beehive	8	2
臭氧层	chòu yǎng céng	ozone layer	8	2
置办	zhì bàn	to purchase; to buy	8	2
罪责	zuì zé	guilt	8	2
纸浆	zhǐ jiāng	paper pulp	8	2
约略	yuē lüè	approximate; rough	8	2
红烛	hóng zhú	red candle (used during birthdays and other celebrations)	8	2
糊弄	hù nong	to fool; to deceive; to go through the motions	8	2
碑刻	bēi kè	inscription on stone tablet	8	2
硬性	yìng xìng	rigid; inflexible; hard (drug)	8	2
瞬息	shùn xī	in a flash; twinkling; ephemeral	8	2
白金	bái jīn	platinum; silver; white gold	8	2
痛经	tòng jīng	period pain; menstrual cramps; dysmenorrhea	8	2
申述	shēn shù	to state; to assert; to allege	8	2
用工	yòng gōng	to employ workers	8	2
狡诈	jiǎo zhà	crafty; cunning; deceitful	8	2
烟斗	yān dǒu	(smoking) pipe	8	2
滑溜	huá liū	to sauté in sticky sauce	8	2
润滑油	rùn huá yóu	lubricating oil	8	2
油页岩	yóu yè yán	oil shale	8	2
油轮	yóu lún	tanker (ship)	8	2
正弦	zhèng xián	(math.) sine	8	2
正交	zhèng jiāo	orthogonality	8	2
欢腾	huān téng	jubilation; great celebration	8	2
查封	chá fēng	to sequester; to seize (assets); to seal up	8	2
月华	yuè huá	moonlight	8	2
昭示	zhāo shì	to declare publicly; to make clear	8	2
数据处理	shù jù chǔ lǐ	data processing	8	2
教程	jiào chéng	course of instruction (often used in book titles)	8	2
撕破	sī pò	to tear; to rip	8	2
掉转	diào zhuǎn	to turn around	8	2
捣鬼	dǎo guǐ	to play tricks; to cause mischief	8	2
手舞足蹈	shǒu wǔ zú dǎo	lit. to move one's hands and feet about (idiom); fig. to dance about	8	2
征文	zhēng wén	to solicit articles, essays or pieces of literature (on a subject or in commemoration of an event)	8	2
往复	wǎng fù	to go and come back; to make a return trip	8	2
异构	yì gòu	isomeric (chemistry)	8	2
序曲	xù qǔ	overture	8	2
床铺	chuáng pù	bed	8	2
干草	gān cǎo	hay	8	2
布告	bù gào	posting on a bulletin board; notice; bulletin	8	2
奶妈	nǎi mā	wet nurse	8	2
增压	zēng yā	to pressurize; to boost; to supercharge	8	2
埋头苦干	mái tóu kǔ gàn	to bury oneself in work (idiom); to be engrossed in work	8	2
坛子	tán zi	jug (earthenware with a big belly and a small opening)	8	2
圣训	shèng xùn	sage's instructions; imperial edict	8	2
喜气洋洋	xǐ qì yáng yáng	full of joy (idiom); jubilation	8	2
品评	pǐn píng	to judge; to assess	8	2
合掌	hé zhǎng	to clasp hands; to put one's palms together (in prayer)	8	2
变本加厉	biàn běn jiā lì	lit. change to more severe (idiom); to become more intense (esp. of shortcoming)	8	2
卑下	bēi xià	base; low	8	2
半成品	bàn chéng pǐn	semi-manufactured goods; semifinished articles; semifinished products	8	2
千辛万苦	qiān xīn wàn kǔ	to suffer untold hardships (idiom); trials and tribulations	8	2
动怒	dòng nù	to get angry	8	2
创业者	chuàng yè zhě	entrepreneur	8	2
出口额	chū kǒu é	export amount	8	2
倍数	bèi shù	multiple; multiplier; factor	8	2
信守	xìn shǒu	to abide by; to keep (promises etc)	8	2
侍者	shì zhě	attendant; waiter	8	2
人文主义	rén wén zhǔ yì	humanism	8	2
临到	lín dào	to befall	8	2
不外乎	bù wài hū	nothing else but	8	2
一触即发	yī chù jí fā	could happen at any moment; on the verge	8	2
默许	mò xǔ	to accept tacitly; acquiescence	8	2
首度	shǒu dù	first time	8	2
风箱	fēng xiāng	bellows	8	2
音阶	yīn jiē	musical scale	8	2
音域	yīn yù	vocal range; register (music)	8	2
逝去	shì qù	to elapse; to pass away; to die	8	2
选题	xuǎn tí	to choose a topic (for writing, research, publishing etc); chosen topic	8	2
输尿管	shū niào guǎn	ureter	8	2
转眼之间	zhuǎn yǎn zhī jiān	(idiom) in the wink of an eye; in a flash	8	2
货真价实	huò zhēn jià shí	(lit.) genuine goods at fair prices (idiom); (fig.) genuine; real; true	8	2
豪放	háo fàng	bold and unconstrained; powerful and free	8	2
角膜炎	jiǎo mó yán	keratitis (inflammation of the cornea)	8	2
裂片	liè piàn	splinter; chip; tear (split in a surface)	8	2
行装	xíng zhuāng	clothes and other items packed for traveling; baggage; luggage	8	2
行囊	xíng náng	traveling bag; luggage	8	2
虚张声势	xū zhāng shēng shì	(idiom) to bluff; to bluster; to make an empty show of strength	8	2
落泪	luò lèi	to shed tears; to weep	8	2
舞会	wǔ huì	dance; ball; party	8	2
自然经济	zì rán jīng jì	natural economy (exchange of goods by bartering not involving money)	8	2
脚尖	jiǎo jiān	the extremity of the foot	8	2
综观	zōng guān	to take a broad view of sth	8	2
立法会	lì fǎ huì	legislative council; LegCo (Hong Kong)	8	2
知心	zhī xīn	caring; intimate	8	2
瘦长	shòu cháng	slim	8	2
画报	huà bào	illustrated magazine	8	2
电子器件	diàn zǐ qì jiàn	electric equipment	8	2
炮手	pào shǒu	gunner; artillery crew	8	2
混为一谈	hùn wéi yī tán	to confuse one thing with another (idiom); to muddle	8	2
流浪汉	liú làng hàn	tramp; wanderer	8	2
正史	zhèng shǐ	the 24 or 25 official dynastic histories	8	2
止境	zhǐ jìng	limit; boundary; end	8	2
核素	hé sù	(physics) nuclide	8	2
曲率	qū lǜ	(math.) curvature	8	2
暴政	bào zhèng	tyranny; despotic rule	8	2
星辰	xīng chén	stars	8	2
旅游团	lǚ yóu tuán	tour group	8	2
推动力	tuī dòng lì	driving force	8	2
惩戒	chéng jiè	to discipline; reprimand	8	2
情急	qíng jí	anxious	8	2
异乎寻常	yì hū xún cháng	unusual; extraordinary	8	2
底细	dǐ xì	inside information; the ins and outs of the matter; how things stand	8	2
干爹	gān diē	adoptive father (traditional adoption, i.e. without legal ramifications)	8	2
干支	gān zhī	the ten Heavenly Stems 十天干 and twelve earthly branches 十二枝	8	2
布鞋	bù xié	cloth shoes	8	2
尿素	niào sù	carbamide; urea (NH2)2CO	8	2
字句	zì jù	words; expressions; writing	8	2
套房	tào fáng	small room opening off another; inner room; suite; apartment; flat	8	2
奇耻大辱	qí chǐ dà rǔ	(idiom) a great humiliation; a huge embarrassment	8	2
大喊大叫	dà hǎn dà jiào	shouting and screaming (idiom); to scream loudly; to rant	8	2
复杂化	fù zá huà	to complicate; to become complicated	8	2
备份	bèi fèn	backup	8	2
声母	shēng mǔ	the initial consonant of a Chinese syllable	8	2
圆寂	yuán jì	(of a Buddhist monk or nun) to pass away; to die	8	2
商业化	shāng yè huà	to commercialize	8	2
唉声叹气	āi shēng tàn qì	sighing voice, wailing breath (idiom); to heave deep sighs	8	2
听证会	tīng zhèng huì	(legislative) hearing	8	2
叶酸	yè suān	folic acid	8	2
台式机	tái shì jī	desktop computer	8	2
古生物	gǔ shēng wù	organism from the geological past	8	2
分叉	fēn chà	to branch; to fork; fork; branch; bifurcation	8	2
关键词	guān jiàn cí	keyword	8	2
倾泻	qīng xiè	to pour down in torrents	8	2
保险费	bǎo xiǎn fèi	insurance fee	8	2
体罚	tǐ fá	corporal punishment; to inflict physical punishment on (sb)	8	2
从天而降	cóng tiān ér jiàng	(idiom) to fall from the sky	8	2
交钱	jiāo qián	to pay up; to shell out; to hand over the money to cover sth	8	2
互惠	hù huì	mutual benefit; mutually beneficial; reciprocal	8	2
丰沛	fēng pèi	copious; plentiful (of water); surging (of waves)	8	2
个体户	gè tǐ hù	self-employed; a private firm (PRC usage)	8	2
专制主义	zhuān zhì zhǔ yì	absolutism; despotism; autocracy	8	2
骂声	mà shēng	scolding; tongue-lashing; (fig.) angry criticism	8	2
首当其冲	shǒu dāng qí chōng	to bear the brunt	8	2
风扇	fēng shàn	electric fan	8	2
防空洞	fáng kōng dòng	air raid shelter; bomb shelter	8	2
长夜	cháng yè	long dark night; fig. long period of misery and oppression	8	2
野草	yě cǎo	weeds; mistress or prostitute (old)	8	2
车行道	chē xíng dào	roadway; carriageway	8	2
讼案	sòng àn	lawsuit	8	2
让路	ràng lù	to make way (for sth)	8	2
讨饭	tǎo fàn	to ask for food; to beg	8	2
落脚	luò jiǎo	to stay for a time; to stop over; to lodge	8	2
船夫	chuán fū	boatman	8	2
自焚	zì fén	to set oneself on fire; to self-immolate	8	2
肺结核	fèi jié hé	tuberculosis; TB	8	2
翻越	fān yuè	to cross; to surmount; to transcend	8	2
绝经	jué jīng	menopause	8	2
答卷	dá juàn	completed examination paper; answer sheet	8	2
示意图	shì yì tú	sketch; schematic diagram; graph	8	2
痴情	chī qíng	infatuation	8	2
球体	qiú tǐ	spheroid	8	2
猛增	měng zēng	sharp increase; rapid growth	8	2
父辈	fù bèi	people of one's parents' generation	8	2
煮沸	zhǔ fèi	to boil	8	2
焚化	fén huà	to cremate	8	2
校内	xiào nèi	on-campus; intramural	8	2
机械能	jī xiè néng	mechanical energy	8	2
有救	yǒu jiù	able to be saved; there's still a chance; remediable	8	2
暗号	àn hào	secret signal; password; countersign	8	2
文稿	wén gǎo	manuscript; article (in newspaper); draft	8	2
散失	sàn shī	to squander; lost	8	2
敌阵	dí zhèn	the enemy ranks	8	2
搬走	bān zǒu	to carry	8	2
搏击	bó jī	to fight, esp. with hands; wrestling (as a sport); to wrestle	8	2
掩体	yǎn tǐ	bunker (military)	8	2
探知	tàn zhī	to find out; to ascertain; to get an idea of	8	2
按揭	àn jiē	a mortgage (loanword via Cantonese); to buy property on a mortgage	8	2
抵赖	dǐ lài	to refuse to admit (what one has done); to disavow; to renege	8	2
手软	shǒu ruǎn	to be lenient; to relent; to be reluctant to make a hard decision	8	2
意象	yì xiàng	image; imagery	8	2
悉心	xī xīn	to put one's heart (and soul) into sth; with great care	8	2
恶霸	è bà	evil tyrant	8	2
强队	qiáng duì	a powerful team (sports)	8	2
废人	fèi rén	handicapped person; useless person	8	2
年青	nián qīng	youthful	8	2
年鉴	nián jiàn	annual report; yearbook; almanac	8	2
布景	bù jǐng	(stage) set	8	2
工种	gōng zhǒng	kind of work in production (e.g. benchwork, foundry work etc)	8	2
小调	xiǎo diào	xiaodiao, a Chinese folk song genre; (music) minor key	8	2
富余	fù yu	in surplus	8	2
寂然	jì rán	silent; quiet	8	2
基点	jī diǎn	base; center; basis; point of departure; starting point	8	2
围坐	wéi zuò	to sit in a circle; seated around (a narrator)	8	2
味觉	wèi jué	sense of taste; gustation	8	2
吸食	xī shí	(of an insect) to drink (nectar, sap, blood etc)	8	2
合格证	hé gé zhèng	certificate of conformity	8	2
吃食	chī shí	to eat (of bird or animal); to feed	8	2
厂子	chǎng zi	(coll.) factory; mill; yard	8	2
单产	dān chǎn	yield per unit area	8	2
助学金	zhù xué jīn	student grant; education grant; scholarship	8	2
动议	dòng yì	motion; proposal	8	2
初恋	chū liàn	first love	8	2
再造	zài zào	to rebuild; to reconstruct; to regenerate	8	2
再接再厉	zài jiē zài lì	to continue the struggle (idiom); to persist; unremitting efforts	8	2
光棍	guāng gùn	gangster; hoodlum; bachelor; single man	8	2
光明正大	guāng míng zhèng dà	(of a person) honorable; not devious	8	2
先父	xiān fù	deceased father; my late father	8	2
偏振	piān zhèn	polarization (of waves)	8	2
假冒伪劣	jiǎ mào wěi liè	cheap quality counterfeit (goods); low-quality commodities	8	2
伸直	shēn zhí	to straighten; to stretch out	8	2
二胡	èr hú	erhu (Chinese 2-string fiddle); alto fiddle	8	2
高纬度	gāo wěi dù	high latitude (i.e. near the poles)	8	2
顾念	gù niàn	to care for; to worry about	8	2
野猫	yě māo	wildcat; feral cat; stray cat	8	2
采办	cǎi bàn	to buy on a considerable scale; to purchase; to procure	8	2
遗骨	yí gǔ	(dead) human remains	8	2
选举人	xuǎn jǔ rén	voter; elector	8	2
违犯	wéi fàn	to violate; to infringe	8	2
过渡性	guò dù xìng	transitional; bridging	8	2
许下	xǔ xià	to make a promise	8	2
脱困	tuō kùn	to get out of a difficult situation	8	2
胳臂	gē bei	arm; also pr.	8	2
考订	kǎo dìng	to check and correct	8	2
老城	lǎo chéng	old town; old district of a city	8	2
粘连	nián lián	to adhere; to stick together	8	2
笔触	bǐ chù	brush stroke in Chinese painting and calligraphy; brushwork	8	2
空心菜	kōng xīn cài	water spinach; kangkung	8	2
科学界	kē xué jiè	world of science; scientific circles	8	2
福音	fú yīn	good news; glad tidings; gospel	8	2
盘剥	pán bō	to exploit; to practice usury	8	2
登高	dēng gāo	to go up to a high place	8	2
点拨	diǎn bō	to give instructions; to give advice	8	2
火盆	huǒ pén	brazier; fire pan; hibachi	8	2
游丝	yóu sī	gossamer; hairspring	8	2
渴求	kě qiú	to long for; to crave for; to greatly desire	8	2
深秋	shēn qiū	late autumn	8	2
液滴	yè dī	drop of liquid; droplet	8	2
消肿	xiāo zhǒng	to reduce swelling; detumescence	8	2
消炎	xiāo yán	to reduce fever; antipyretic; to decrease inflammation	8	2
浮云	fú yún	floating clouds; fleeting; transient	8	2
江心	jiāng xīn	middle of a river	8	2
比照	bǐ zhào	according to; in the light of; contrast	8	2
欠佳	qiàn jiā	suboptimal; subpar; not good enough	8	2
楼市	lóu shì	real estate market	8	2
植入	zhí rù	to implant	8	2
明早	míng zǎo	tomorrow morning; tomorrow	8	2
摄食	shè shí	to consume	8	2
援手	yuán shǒu	assistance; a helping hand; to lend a hand	8	2
接风	jiē fēng	to hold a welcoming dinner or reception	8	2
恶习	è xí	bad habit; vice	8	2
弹指	tán zhǐ	to snap one's fingers; (fig.) in a flash; in an instant	8	2
幽暗	yōu àn	gloom	8	2
奇袭	qí xí	surprise attack; raid	8	2
复生	fù shēng	to be reborn; to recover; to come back to life	8	2
垦殖	kěn zhí	to open up land for cultivation	8	2
地洞	dì dòng	tunnel; cave; burrow; dugout	8	2
合成纤维	hé chéng xiān wéi	synthetic fiber	8	2
受降	shòu xiáng	to accept surrender	8	2
制片	zhì piàn	to produce a film; to make a movie; assistant producer	8	2
制成品	zhì chéng pǐn	manufactured goods; finished product	8	2
到此为止	dào cǐ wéi zhǐ	to stop at this point; to end here; to call it a day	8	2
刚巧	gāng qiǎo	by chance; by coincidence; by good luck	8	2
划清	huà qīng	to make a clear distinction; to differentiate clearly	8	2
凝胶	níng jiāo	gel	8	2
凉粉	liáng fěn	liangfen (Chinese dish); grass jelly (Chinese dish)	8	2
写意	xiě yì	to suggest (rather than depict in detail)	8	2
兵卒	bīng zú	soldiers; troops	8	2
八仙桌	bā xiān zhuō	old-fashioned square table to seat eight people	8	2
信步	xìn bù	to stroll; to saunter	8	2
举家	jǔ jiā	the whole family	8	2
中郎将	zhōng láng jiàng	general of the household, a mid-ranking military officer responsible for palace or court duties	8	2
中选	zhòng xuǎn	to be chosen; to be selected	8	2
不结盟	bù jié méng	nonalignment	8	2
万有引力	wàn yǒu yǐn lì	(physics) universal gravitation	8	2
一窝蜂	yī wō fēng	like a swarm of bees; in droves (used to describe people flocking to do sth)	8	2
黑道	hēi dào	dark road; unlawful activities (contrasted with 白道)	8	2
黑脸	hēi liǎn	stern or displeased expression; to show such an expression	8	2
鬼话	guǐ huà	lie; false words; nonsense	8	2
香案	xiāng àn	incense burner table	8	2
预装	yù zhuāng	prefabricated; preinstalled; bundled (software)	8	2
闲事	xián shì	other people's business	8	2
问好	wèn hǎo	to say hello to; to send one's regards to	8	2
长途电话	cháng tú diàn huà	long-distance phone call	8	2
遣返	qiǎn fǎn	to repatriate (e.g. prisoners of war); to send back	8	2
赚取	zhuàn qǔ	to make a profit; to earn a packet	8	2
词义	cí yì	meaning of a word	8	2
街区	jiē qū	block; neighborhood	8	2
获知	huò zhī	to learn of (an event); to hear about (sth)	8	2
若有所思	ruò yǒu suǒ sī	(idiom) looking pensive; thoughtfully	8	2
航路	háng lù	navigation route (esp. shipping route or air route)	8	2
自然法	zì rán fǎ	natural law	8	2
自然主义	zì rán zhǔ yì	naturalism (philosophy)	8	2
自下而上	zì xià ér shàng	(idiom) from bottom to top; from the grass roots up; bottom-up	8	2
腰包	yāo bāo	waist purse (old); (fig.) purse; pocket	8	2
脱出	tuō chū	to break away; to extricate; to escape	8	2
联运	lián yùn	through transport	8	2
耳闻	ěr wén	to hear of; to hear about	8	2
粗放	cū fàng	extensive; expansive; large-scale	8	2
痛痛快快	tòng tong kuài kuài	immediately; without a moment's hesitation; with alacrity	8	2
生姜	shēng jiāng	fresh ginger	8	2
献祭	xiàn jì	to offer sacrifice	8	2
犯不着	fàn bu zháo	not worthwhile	8	2
爆炸性	bào zhà xìng	explosive; fig. shocking	8	2
灰暗	huī àn	dull gray; drab; murky	8	2
油然而生	yóu rán ér shēng	arising involuntarily (idiom); spontaneous	8	2
气绝	qì jué	to take one's last breath; dying	8	2
毛毯	máo tǎn	blanket	8	2
模板	mú bǎn	template; (architecture) formwork	8	2
核武	hé wǔ	nuclear weapon	8	2
架次	jià cì	sortie; flight	8	2
村寨	cūn zhài	(stockaded) village	8	2
未遂	wèi suì	to fail to accomplish	8	2
无机物	wú jī wù	inorganic compound	8	2
无愧	wú kuì	to have a clear conscience; to feel no qualms; to be worthy of (sth)	8	2
方士	fāng shì	alchemist; necromancer	8	2
指斥	zhǐ chì	to denounce; to censure; to rebuke	8	2
报告文学	bào gào wén xué	reportage	8	2
执勤	zhí qín	to be on duty (of a security guard etc)	8	2
执业	zhí yè	to work in a profession (e.g. doctor, lawyer); practitioner	8	2
战况	zhàn kuàng	battlefield situation; battle progress	8	2
庭园	tíng yuán	flower garden	8	2
庙堂	miào táng	imperial ancestral temple; imperial court; temple	8	2
店面	diàn miàn	shop front	8	2
幽雅	yōu yǎ	serene and elegant (of a place); ethereal (of music)	8	2
帆布	fān bù	canvas; sailcloth	8	2
巨款	jù kuǎn	huge sum of money	8	2
实证主义	shí zhèng zhǔ yì	positivism; empiricism	8	2
奇幻	qí huàn	fantasy (fiction)	8	2
大麻	dà má	hemp (Cannabis sativa); cannabis; marijuana	8	2
大喜过望	dà xǐ guò wàng	overjoyed at unexpected good news (idiom)	8	2
多多少少	duō duō shǎo shǎo	to some extent; more or less	8	2
堤防	dī fáng	dike; embankment; levee	8	2
发稿	fā gǎo	(of a publisher) to send a manuscript off to the printer	8	2
几近	jī jìn	to be on the brink of; to be on the verge of	8	2
凌乱	líng luàn	messy; disarrayed; disheveled	8	2
光柱	guāng zhù	light beam; light pillar (atmospheric optics)	8	2
健身房	jiàn shēn fáng	gym; fitness club	8	2
倒戈	dǎo gē	to change sides in a war; turncoat	8	2
何其	hé qí	(literary) (similar to 多麼, used before an adjective in exclamations) how (fortunate etc); so (many etc)	8	2
任一	rèn yī	any; either	8	2
交友	jiāo yǒu	to make friends	8	2
串通	chuàn tōng	to collude; to collaborate; to gang up	8	2
中天	zhōng tiān	(literary) midheaven; highest point in the sky	8	2
专利权	zhuān lì quán	patent right	8	2
黑发	hēi fà	black hair	8	2
鸟兽	niǎo shòu	birds and beasts; fauna	8	2
高见	gāo jiàn	wise opinion; brilliant idea (honorific)	8	2
风土人情	fēng tǔ rén qíng	local conditions and customs (idiom)	8	2
降生	jiàng shēng	to be born; arrival of newborn; birth (of a savior or religious leader)	8	2
降压	jiàng yā	to reduce the pressure (of a fluid); to lower one's blood pressure	8	2
铁树	tiě shù	sago palm (Cycas revoluta)	8	2
野地	yě dì	wilderness	8	2
重金属	zhòng jīn shǔ	heavy metal	8	2
酬谢	chóu xiè	to thank with a gift	8	2
配给	pèi jǐ	to ration; to allocate	8	2
配对	pèi duì	to pair up; to match up; to form a pair (e.g. to marry)	8	2
连续不断	lián xù bù duàn	continuous; unceasing	8	2
迅即	xùn jí	immediately; promptly; quickly	8	2
轻捷	qīng jié	light on one's feet; nimble; agile	8	2
财源	cái yuán	financial resources; source of revenue	8	2
谈心	tán xīn	to have a heart-to-heart chat	8	2
诱因	yòu yīn	cause; triggering factor; incentive	8	2
译者	yì zhě	translator (of writing)	8	2
要员	yào yuán	key participant; VIP	8	2
裸子植物	luǒ zǐ zhí wù	gymnosperm (plants with seed contained in a cone)	8	2
自告奋勇	zì gào fèn yǒng	to volunteer for; to offer to undertake	8	2
膨大	péng dà	to swell; to inflate	8	2
背斜	bèi xié	anticline (geology)	8	2
罢课	bà kè	student strike; to boycott classes	8	2
绝食	jué shí	to go on a hunger strike	8	2
线虫	xiàn chóng	nematode	8	2
笑语	xiào yǔ	talking and laughing; cheerful talk	8	2
移位	yí wèi	to shift; shift; translocation	8	2
磁层	cí céng	magnetosphere; magnetic layer	8	2
知识青年	zhī shi qīng nián	educated youth; young intellectual	8	2
病原	bìng yuán	cause of disease; pathogen	8	2
狂怒	kuáng nù	furious	8	2
照明弹	zhào míng dàn	flare; star shell	8	2
烧瓶	shāo píng	laboratory flask	8	2
烟雨	yān yǔ	misty rain; drizzle	8	2
炊烟	chuī yān	smoke from kitchen chimneys	8	2
灵验	líng yàn	efficacious; effective; (of a prediction) accurate	8	2
清官	qīng guān	honest and upright official (traditional)	8	2
浮夸	fú kuā	to exaggerate; to be boastful; pompous	8	2
油腻	yóu nì	greasy food; oily food; (of food) greasy; oily; fatty	8	2
毕恭毕敬	bì gōng bì jìng	reverent and respectful; extremely deferential	8	2
欢天喜地	huān tiān xǐ dì	delighted; with great joy; in high spirits	8	2
架空	jià kōng	to build (a hut etc) on stilts; to install (power lines etc) overhead	8	2
极光	jí guāng	aurora (meteorology)	8	2
杂货	zá huò	groceries; miscellaneous goods	8	2
杂粮	zá liáng	grain crops other than rice and wheat	8	2
杂役	zá yì	odd jobs; part-time worker	8	2
杀机	shā jī	desire to commit murder; great danger	8	2
明证	míng zhèng	clear proof	8	2
无中生有	wú zhōng shēng yǒu	to create something from nothing (idiom)	8	2
政要	zhèng yào	important political leader; government dignitary	8	2
操行	cāo xíng	(student's) behavior	8	2
掌故	zhǎng gù	anecdote; tales (esp. about a historical figure)	8	2
抗病毒	kàng bìng dú	antiviral	8	2
感染者	gǎn rǎn zhě	infected person	8	2
惯常	guàn cháng	usual; customary	8	2
您好	nín hǎo	hello (polite)	8	2
怒色	nù sè	angry look; glare; scowl	8	2
心慌意乱	xīn huāng yì luàn	confused; rattled; flustered	8	2
强权	qiáng quán	power; might	8	2
异己	yì jǐ	dissident; alien; outsider	8	2
幼苗	yòu miáo	young sprout; bud; sapling	8	2
岛弧	dǎo hú	(geology) island arc	8	2
小脑	xiǎo nǎo	cerebellum (part of the brain)	8	2
封装	fēng zhuāng	to encapsulate; to enclose; to wrap	8	2
对子	duì zi	pair of antithetical phrases; antithetical couplet	8	2
寒战	hán zhàn	shiver	8	2
如释重负	rú shì zhòng fù	as if relieved from a burden (idiom); to have a weight off one's mind	8	2
好使	hǎo shǐ	easy to use; to function well; so that	8	2
失血	shī xuè	to lose blood; to hemorrhage; (fig.) to suffer losses (financial etc)	8	2
外阴	wài yīn	vulva	8	2
地块	dì kuài	parcel of land; (geology) massif	8	2
名作	míng zuò	masterpiece; famous work	8	2
口述	kǒu shù	to dictate; to recount orally	8	2
变乱	biàn luàn	turmoil; social upheaval	8	2
取回	qǔ huí	to retrieve	8	2
参会	cān huì	to attend a conference or meeting	8	2
包抄	bāo chāo	to outflank; to envelop	8	2
加长	jiā cháng	to lengthen	8	2
加价	jiā jià	to increase a price	8	2
副业	fù yè	sideline; side occupation	8	2
剖腹	pōu fù	to cut open the abdomen; to disembowel; to speak from the heart	8	2
前庭	qián tíng	front courtyard; vestibule	8	2
制陶	zhì táo	to manufacture pottery	8	2
凶多吉少	xiōng duō jí shǎo	(lit.) everything bodes ill, no positive signs (idiom)	8	2
冠状动脉	guān zhuàng dòng mài	coronary artery	8	2
共和制	gòng hé zhì	republic	8	2
八方	bā fāng	the eight points of the compass; all directions	8	2
入夜	rù yè	at nightfall	8	2
停工	tíng gōng	to stop work; to shut down; to stop production	8	2
传诵	chuán sòng	widely known; on everyone's lips	8	2
代行	dài xíng	to act as a substitute; to act on sb's behalf	8	2
人世间	rén shì jiān	the secular world	8	2
乘积	chéng jī	product (result of multiplication)	8	2
为伍	wéi wǔ	to associate with; to keep company with	8	2
东端	dōng duān	eastern extremity	8	2
不法分子	bù fǎ fèn zǐ	criminal; lawbreaker; outlaw	8	2
不拘	bù jū	not stick to; not confine oneself to; whatever	8	2
下凡	xià fán	(of immortals) to descend to the human world	8	2
一丝不苟	yī sī bù gǒu	not one thread loose (idiom); strictly according to the rules	8	2
飘浮	piāo fú	to float; to hover; also written 漂浮	8	2
震耳欲聋	zhèn ěr yù lóng	ear-splitting (idiom); deafening	8	2
阴间	yīn jiān	the nether world; Hades; (neologism) (slang) disturbing	8	2
闲适	xián shì	leisurely and comfortable; relaxed	8	2
酵母	jiào mǔ	yeast; saccharomycete (abbr. for 酵母菌)	8	2
身体力行	shēn tǐ lì xíng	to practice what one preaches (idiom)	8	2
跟头	gēn tou	tumble; somersault	8	2
见习	jiàn xí	to learn on the job; to be on probation	8	2
舒坦	shū tan	comfortable; at ease	8	2
脂肪肝	zhī fáng gān	fatty liver	8	2
肉瘤	ròu liú	wart; sarcoma; superfluous	8	2
老话	lǎo huà	an old saying	8	2
终场	zhōng chǎng	end (of a performance or sports match)	8	2
类比	lèi bǐ	analogy; (Tw) (electronics) analog	8	2
算不了	suàn bù liǎo	does not count for anything; of no account	8	2
立足点	lì zú diǎn	foothold	8	2
眉梢	méi shāo	tip of brow	8	2
相抵	xiāng dǐ	to balance up; to offset; to counterbalance	8	2
直面	zhí miàn	to face (reality, danger etc)	8	2
皮囊	pí náng	leather bag	8	2
皇冠	huáng guān	crown (headgear)	8	2
疲累	pí lèi	tired; exhausted	8	2
甘油	gān yóu	glycerine; glycerol	8	2
爬行动物	pá xíng dòng wù	reptile	8	2
熟习	shú xí	to understand profoundly; well-versed; skillful	8	2
火红	huǒ hóng	fiery; blazing	8	2
消融	xiāo róng	to melt (e.g. an icecap)	8	2
气团	qì tuán	air mass	8	2
栽倒	zāi dǎo	to take a fall	8	2
救亡	jiù wáng	to save the nation from subjugation	8	2
捐资	juān zī	to contribute funds	8	2
按兵不动	àn bīng bù dòng	to hold back one's troops without moving (idiom); to bide one's time	8	2
折旧	zhé jiù	depreciation	8	2
技术人员	jì shù rén yuán	technical staff	8	2
手电	shǒu diàn	flashlight; torch	8	2
懈怠	xiè dài	slack; lazy; remiss	8	2
愁苦	chóu kǔ	anxiety; distress	8	2
惨淡	cǎn dàn	dark; gloomy; dismal	8	2
悟性	wù xìng	perception; wits; power of understanding	8	2
弯弯曲曲	wān wān qū qū	curved; meandering; zigzagging	8	2
店员	diàn yuán	shop assistant; store clerk	8	2
干掉	gàn diào	to get rid of	8	2
帮子	bāng zi	outer (of cabbage etc); upper (of a shoe); (coll.) group	8	2
居高不下	jū gāo bù xià	(of prices, rates etc) to remain high	8	2
宇宙飞船	yǔ zhòu fēi chuán	spaceship; spacecraft	8	2
堵死	dǔ sǐ	to block (a road); to plug (a hole); to stop up	8	2
图谱	tú pǔ	archive of graphics (e.g. maps, documents or botanical figures); atlas	8	2
回话	huí huà	to reply	8	2
哄笑	hōng xiào	to roar with laughter; hoots of laughter; guffaw	8	2
咬伤	yǎo shāng	bite (e.g. snake bite, mosquito bite)	8	2
告密	gào mì	to inform against sb	8	2
后会有期	hòu huì yǒu qī	I'm sure we'll meet again some day. (idiom); Hope to see you again.	8	2
厚望	hòu wàng	great hopes; great expectations	8	2
卵石	luǎn shí	cobble; cobblestone; pebble	8	2
卧房	wò fáng	bedroom	8	2
动容	dòng róng	to be emotionally moved	8	2
刺眼	cì yǎn	to dazzle; to offend the eyes; dazzling	8	2
到任	dào rèn	to take office; to assume a post	8	2
分类学	fēn lèi xué	taxonomy; taxology; systematics	8	2
分忧	fēn yōu	to share tribulations; to help sb with worries and difficulties	8	2
农庄	nóng zhuāng	farm; ranch	8	2
倒行逆施	dào xíng nì shī	to go against the tide (idiom); to do things all wrong	8	2
修整	xiū zhěng	to spruce up; to renovate; to tend (a garden); to groom (one's hair); to finish (a rough surface); to trim (a lawn); to touch up (a photo)	8	2
信服	xìn fú	to have faith in; to believe in; to have confidence in	8	2
侵吞	qīn tūn	to annex; to swallow (up); to embezzle	8	2
依依	yī yī	reluctant to part; (of grass etc) soft and pliable, swaying in the wind	8	2
专攻	zhuān gōng	to specialize in; to major in	8	2
上下文	shàng xià wén	(textual) context	8	2
七上八下	qī shàng bā xià	at sixes and sevens; perturbed state of mind; in a mess	8	2
齐集	qí jí	to gather together; to assemble (in one place)	8	2
雄狮	xióng shī	male lion	8	2
陵园	líng yuán	cemetery; mausoleum park	8	2
阐发	chǎn fā	to elucidate; to expound; to study and explain	8	2
闪失	shǎn shī	mishap; accident; accidental loss	8	2
酸雨	suān yǔ	acid rain	8	2
轻伤	qīng shāng	lightly wounded; minor injuries	8	2
软组织	ruǎn zǔ zhī	soft tissue	8	2
货色	huò sè	goods; (derog.) stuff; trash	8	2
败局	bài jú	lost game; losing battle	8	2
触电	chù diàn	to get an electric shock	8	2
角动量	jiǎo dòng liàng	angular momentum	8	2
裤带	kù dài	belt (in trousers)	8	2
花掉	huā diào	to spend (time, money); to waste	8	2
肆虐	sì nüè	to wreak havoc; to devastate	8	2
缝制	féng zhì	to sew; to make (clothes, bedding)	8	2
筹资	chóu zī	to raise resources	8	2
穿山甲	chuān shān jiǎ	pangolin (Manis pentadactylata); scaly ant-eater	8	2
神采	shén cǎi	expression; spirit; vigor	8	2
病理学	bìng lǐ xué	pathology	8	2
疑忌	yí jì	jealousy; suspicious and jealous	8	2
电磁学	diàn cí xué	electromagnetism	8	2
用尽	yòng jìn	to exhaust; to use up completely	8	2
照管	zhào guǎn	to look after; to provide for	8	2
热气腾腾	rè qì téng téng	piping hot	8	2
灵药	líng yào	legendary magic potion of immortals; panacea	8	2
滋补	zī bǔ	nourishing; nutritious	8	2
湖沼	hú zhǎo	lakes and marshes	8	2
温存	wēn cún	tender; affectionate; tenderness	8	2
治罪	zhì zuì	to punish sb (for a crime)	8	2
标兵	biāo bīng	parade guards (usually spaced out along parade routes); example; model	8	2
枣子	zǎo zi	dates; jujube	8	2
有志	yǒu zhì	to be ambitious	8	2
日食	rì shí	solar eclipse	8	2
旅舍	lǚ shè	inn; small hotel; hostel	8	2
据传	jù chuán	it is rumored that ...; it is reported that ...	8	2
抄录	chāo lù	to make a copy of	8	2
开行	kāi xíng	(of a bus, a train, a boat) to start off	8	2
开刀	kāi dāo	(of a surgeon) to perform an operation	8	2
幻化	huàn huà	to be transformed; to metamorphose; transformation	8	2
年节	nián jié	the New Year festival	8	2
尘世	chén shì	(religion) this mortal life; the mundane world	8	2
封皮	fēng pí	outer skin; envelope; cover	8	2
密闭	mì bì	sealed; airtight	8	2
宇宙线	yǔ zhòu xiàn	cosmic ray	8	2
姑父	gū fu	father's sister's husband; husband of paternal aunt; uncle	8	2
女主人	nǚ zhǔ rén	hostess; mistress	8	2
天际	tiān jì	horizon	8	2
大刀阔斧	dà dāo kuò fǔ	bold and decisive	8	2
复述	fù shù	to repeat (one's own words or sb else's)	8	2
坏账	huài zhàng	bad debt	8	2
因缘	yīn yuán	chance; opportunity; predestined relationship	8	2
听者	tīng zhě	listener; member of audience	8	2
变速箱	biàn sù xiāng	gearbox; transmission	8	2
发配	fā pèi	to send away to serve a penal sentence	8	2
前排	qián pái	front row	8	2
分权	fēn quán	separation of powers	8	2
分家	fēn jiā	to separate and live apart	8	2
出神入化	chū shén rù huà	to reach perfection (idiom); a superb artistic achievement	8	2
出神	chū shén	spellbound; entranced; lost in thought	8	2
凡人	fán rén	ordinary person; mortal; earthling	8	2
兜圈子	dōu quān zi	to encircle; to go around; to circle	8	2
元器件	yuán qì jiàn	component	8	2
信义	xìn yì	good faith; honor; trust and justice	8	2
似笑非笑	sì xiào fēi xiào	like a smile yet not a smile (idiom)	8	2
以逸待劳	yǐ yì dài láo	to wait at one's ease for the exhausted enemy	8	2
乘胜	chéng shèng	to follow up a victory; to pursue retreating enemy	8	2
义不容辞	yì bù róng cí	not to be shirked without dishonor (idiom); incumbent; bounden (duty)	8	2
中转	zhōng zhuǎn	to change (train or plane); transfer; correspondence	8	2
下同	xià tóng	similarly hereinafter	8	2
飘落	piāo luò	to float down; to fall gently (snowflakes, leaves etc)	8	2
雕琢	diāo zhuó	to sculpt; to carve (jade); ornate artwork	8	2
集权	jí quán	centralized power (history), e.g. under an Emperor or party	8	2
金鱼	jīn yú	goldfish	8	2
配发	pèi fā	to issue; to distribute; to publish along with	8	2
造谣	zào yáo	to start a rumor	8	2
逆境	nì jìng	adversity; predicament	8	2
赶车	gǎn chē	to drive a horse-drawn cart; to hasten to catch a train or bus	8	2
议事日程	yì shì rì chéng	agenda	8	2
警醒	jǐng xǐng	to be alert	8	2
衰微	shuāi wēi	to decline; to wane; weakened; enfeebled; in decline	8	2
衣饰	yī shì	clothes and ornaments	8	2
蛮横	mán hèng	rude and unreasonable	8	2
荣辱观	róng rǔ guān	precepts regarding what is honorable and what is shameful (in particular, refers to the Socialist Concepts on Honors and Disgraces, PRC official moral principles promulgated from 2006)	8	2
羊群	yáng qún	flock of sheep	8	2
细雨	xì yǔ	fine rain; drizzle; poem by Tang poet Li Shangyin 李商隱	8	2
秀发	xiù fà	beautiful hair	8	2
祸福	huò fú	disaster and happiness	8	2
着意	zhuó yì	to act with diligent care	8	2
电学	diàn xué	electrical engineering	8	2
生长激素	shēng zhǎng jī sù	growth hormone	8	2
湿婆	shī pó	Shiva (Hindu deity)	8	2
清真	qīng zhēn	Islamic; Muslim; halal (of food)	8	2
派对	pài duì	(loanword) party	8	2
洋底	yáng dǐ	ocean floor; bottom of the ocean	8	2
汇价	huì jià	exchange rate	8	2
气瓶	qì píng	gas cylinder; air bottle; air tank (diving)	8	2
比例尺	bǐ lì chǐ	scale; architect's scale; engineer's scale	8	2
根茎	gēn jīng	(botany) rhizome	8	2
来客	lái kè	guest	8	2
本金	běn jīn	capital; principal	8	2
未果	wèi guǒ	to fail to eventuate; (verb suffix) to be unsuccessful in ...ing	8	2
木鱼	mù yú	mokugyo; wooden fish (percussion instrument)	8	2
有识之士	yǒu shí zhī shì	a person with knowledge and experience (idiom)	8	2
普选	pǔ xuǎn	universal suffrage	8	2
无限期	wú xiàn qī	indefinitely; of unlimited duration	8	2
整肃	zhěng sù	strict; serious; solemn	8	2
收发	shōu fā	to receive and send; to receive and transmit	8	2
摊派	tān pài	to apportion expenses, responsibilities etc; to demand contributions	8	2
插队	chā duì	to cut in line; to jump a queue	8	2
掀翻	xiān fān	to turn sth over; to overturn	8	2
所有物	suǒ yǒu wù	a possession; belongings	8	2
成倍	chéng bèi	twofold; manyfold; exponentially	8	2
心电图	xīn diàn tú	electrocardiogram (ECG)	8	2
心率	xīn lǜ	heart rate	8	2
影院	yǐng yuàn	cinema; movie theater	8	2
影坛	yǐng tán	moviedom; the world of movies; film circles	8	2
幽香	yōu xiāng	delicate fragrance	8	2
平均数	píng jūn shù	mean (statistics)	8	2
干将	gàn jiàng	capable person	8	2
宫刑	gōng xíng	castration (archaic punishment)	8	2
学好	xué hǎo	to follow good examples	8	2
奔逃	bēn táo	to flee; to run away	8	2
奇数	jī shù	odd number	8	2
大牢	dà láo	prison	8	2
处心积虑	chǔ xīn jī lǜ	to plot actively (idiom); scheming; calculating	8	2
塌陷	tā xiàn	to subside; to sink; to cave in	8	2
圆顶	yuán dǐng	dome	8	2
合眼	hé yǎn	to close one's eyes; to get to sleep	8	2
合同法	hé tong fǎ	contract law	8	2
变卦	biàn guà	to change one's mind; to go back on one's word	8	2
力作	lì zuò	to put effort into (work, farming, writing etc); a masterpiece	8	2
剪切	jiǎn qiē	to cut (with scissors or similar tool); to shear; (geology) shear	8	2
净值	jìng zhí	net value; net worth	8	2
傻笑	shǎ xiào	to giggle; to laugh foolishly; to smirk	8	2
偏西	piān xī	inclining to the west (e.g. of the sun after noon, indicating lateness of the day)	8	2
侦听	zhēn tīng	to eavesdrop; to tap (telephone conversations)	8	2
仙姑	xiān gū	female immortal; sorceress	8	2
事到临头	shì dào lín tóu	when things come to a head (idiom)	8	2
乡绅	xiāng shēn	a scholar or government official living in one's village	8	2
义无反顾	yì wú fǎn gù	honor does not allow one to glance back (idiom); duty-bound not to turn back	8	2
中北部	zhōng běi bù	north central area	8	2
不可逆转	bù kě nì zhuǎn	irreversible	8	2
不可开交	bù kě kāi jiāo	to be awfully (busy etc)	8	2
不可告人	bù kě gào rén	(idiom) to be kept secret; not to be divulged	8	2
一日游	yī rì yóu	day trip; one-day tour	8	2
面值	miàn zhí	face value; par value	8	2
青花	qīng huā	blue and white (porcelain)	8	2
难解	nán jiě	hard to solve; hard to dispel; hard to understand	8	2
重度	zhòng dù	serious; severe	8	2
醉人	zuì rén	intoxicating; fascinating	8	2
遭际	zāo jì	(literary) fortunes and misfortunes; experiences in life	8	2
逼问	bī wèn	to question intensely; to interrogate; to demand information	8	2
选址	xuǎn zhǐ	to select a suitable site; site; location	8	2
远期	yuǎn qī	long-term; at a fixed date in the future (e.g. for repayment)	8	2
还清	huán qīng	to pay back in full; to redeem a debt	8	2
载客	zài kè	to carry passengers	8	2
赤脚	chì jiǎo	barefoot	8	2
调戏	tiáo xì	to take liberties with a woman; to dally	8	2
西端	xī duān	western extremity	8	2
继电器	jì diàn qì	(electrical) relay	8	2
粉尘	fěn chén	fine dust (esp. in environmental and industrial contexts)	8	2
祭品	jì pǐn	offering	8	2
磁悬浮	cí xuán fú	magnetic levitation (train); maglev	8	2
短发	duǎn fà	short hair	8	2
直率	zhí shuài	candid; frank	8	2
盛装	chéng zhuāng	(of a receptacle etc) to contain	8	2
申辩	shēn biàn	to defend oneself; to rebut a charge	8	2
生还	shēng huán	to return alive; to survive	8	2
甜味	tián wèi	sweetness	8	2
理化	lǐ huà	physics and chemistry; (archaic) governance and education	8	2
珍爱	zhēn ài	to cherish	8	2
燕窝	yàn wō	edible bird's nest	8	2
熟睡	shú shuì	asleep; sleeping soundly	8	2
热源	rè yuán	heat source	8	2
火葬	huǒ zàng	to cremate	8	2
火石	huǒ shí	flint	8	2
消化系统	xiāo huà xì tǒng	digestive system; gastrointestinal tract	8	2
流动资金	liú dòng zī jīn	(accounting) working capital; circulating funds	8	2
洋货	yáng huò	Western goods; imported goods (in former times)	8	2
泣不成声	qì bù chéng shēng	(idiom) unable to speak through tears; sobbing uncontrollably	8	2
波形	bō xíng	wave form	8	2
民间艺术	mín jiān yì shù	folk art	8	2
比热	bǐ rè	specific heat	8	2
步法	bù fǎ	footwork	8	2
时针	shí zhēn	hand of a clock; hour hand	8	2
文理	wén lǐ	arts and sciences	8	2
文摘	wén zhāi	digest (of literature); to make a digest (of data); summary	8	2
放缓	fàng huǎn	to slow; to slow down (the pace of)	8	2
摘录	zhāi lù	to extract; to excerpt; an excerpt	8	2
挎包	kuà bāo	satchel; bag	8	2
挂载	guà zài	(computing) to mount	8	2
打铁	dǎ tiě	to forge ironware	8	2
房事	fáng shì	sexual intercourse; to make love	8	2
战斧	zhàn fǔ	battle-ax	8	2
惰性	duò xìng	inert (chemistry); apathy; inertia	8	2
征程	zhēng chéng	journey; expedition; voyage	8	2
帮扶	bāng fú	to provide assistance to; to support	8	2
市盈率	shì yíng lǜ	PE ratio	8	2
崖壁	yá bì	escarpment; precipice; cliff	8	2
导论	dǎo lùn	introduction	8	2
导报	dǎo bào	guide (used in newspaper names)	8	2
奏乐	zòu yuè	to perform music; to play a tune	8	2
大势所趋	dà shì suǒ qū	(idiom) the prevailing trend; the trend of the times; an inevitable direction	8	2
外逃	wài táo	to flee abroad; to run away; to desert	8	2
哗啦啦	huā lā lā	(onom.) crashing sound	8	2
后座	hòu zuò	empress's throne; (fig.) first place in a women's competition	8	2
原生动物	yuán shēng dòng wù	protozoan (bacteria)	8	2
单据	dān jù	receipts; invoices; transaction records	8	2
半辈子	bàn bèi zi	half of a lifetime	8	2
千丝万缕	qiān sī wàn lǚ	(idiom) intricately interconnected	8	2
化学品	huà xué pǐn	chemicals	8	2
别号	bié hào	alias	8	2
切实可行	qiè shí kě xíng	feasible	8	2
出让	chū ràng	to transfer (one's property or rights to sb else)	8	2
内裤	nèi kù	underpants; panties; briefs	8	2
内情	nèi qíng	inside story; inside information	8	2
兴许	xīng xǔ	(coll.) perhaps	8	2
信以为真	xìn yǐ wéi zhēn	to take sth to be true	8	2
二奶	èr nǎi	mistress; second wife; lover	8	2
书稿	shū gǎo	manuscript of a book	8	2
乌纱帽	wū shā mào	black gauze hat (worn by an imperial official as a sign of his position)	8	2
专横	zhuān hèng	imperious; peremptory	8	2
不测	bù cè	unexpected; measureless; unexpected circumstance	8	2
一溜烟	yī liù yān	like a wisp of smoke; (to disappear etc) in an instant	8	2
一分为二	yī fēn wéi èr	one divides into two; to be two-sided; there are two sides to everything	8	2
飞机场	fēi jī chǎng	airport; (slang) flat chest	8	2
音符	yīn fú	(music) note; phonetic component of a Chinese character; phonetic symbol	8	2
难测	nán cè	hard to fathom	8	2
隔膜	gé mó	diaphragm (anatomy); distant (socially aloof)	8	2
降幅	jiàng fú	degree of reduction (in prices, numbers etc); decline; drop	8	2
阴雨	yīn yǔ	overcast and rainy	8	2
量级	liàng jí	order of magnitude	8	2
述职	shù zhí	to report on one's work or duties (to a supervisor)	8	2
身经百战	shēn jīng bǎi zhàn	lit. veteran of a hundred battles (idiom); fig. experienced; seasoned	8	2
踏步	tà bù	stride; to step (on the spot); to mark time	8	2
走强	zǒu qiáng	(of a currency, price etc) to strengthen; to be on the rise	8	2
责问	zé wèn	to demand an explanation	8	2
诗话	shī huà	notes on poetry, an essay genre consisting of informal commentary on poems and poets and their lives (old)	8	2
证词	zhèng cí	testimony	8	2
记挂	jì guà	(dialect) to keep thinking about (sth); to have (sth) on one's mind	8	2
见教	jiàn jiào	I have been enlightened by your teaching (humble)	8	2
落选	luò xuǎn	to fail to be chosen (or elected); to lose an election	8	2
落榜	luò bǎng	to fail the imperial exams; to flunk	8	2
获奖者	huò jiǎng zhě	prizewinner	8	2
舌尖	shé jiān	tip of tongue; apical	8	2
自豪感	zì háo gǎn	pride in sth; self-esteem	8	2
自由泳	zì yóu yǒng	freestyle swimming	8	2
自由市场	zì yóu shì chǎng	free market	8	2
胆战心惊	dǎn zhàn xīn jīng	to tremble with fear (idiom); scared witless	8	2
绝佳	jué jiā	exceptionally good	8	2
红斑	hóng bān	(medicine) erythema	8	2
突飞猛进	tū fēi měng jìn	to advance by leaps and bounds	8	2
空格	kòng gé	blank; blank space on a form; space	8	2
礼帽	lǐ mào	hat that goes with formal dress; top hat	8	2
礼器	lǐ qì	ritual object; sacrificial vessel	8	2
知情权	zhī qíng quán	right to know	8	2
眉眼	méi yǎn	brows and eyes; appearance; looks	8	2
直角	zhí jiǎo	a right angle	8	2
盘查	pán chá	to interrogate; to question (at a roadblock)	8	2
百出	bǎi chū	(following a noun) full of ...; abounding in ...	8	2
白茫茫	bái máng máng	(of mist, snow, floodwater etc) a vast expanse of whiteness	8	2
照会	zhào huì	a diplomatic note	8	2
烟头	yān tóu	cigarette butt	8	2
灵位	líng wèi	memorial tablet	8	2
海洋性	hǎi yáng xìng	maritime	8	2
海子	hǎi zi	(dialect) wetlands; lake	8	2
派员	pài yuán	to dispatch personnel; to send staff (to perform a task or attend an event)	8	2
没脸	méi liǎn	ashamed; embarrassed; not having the face (to meet people)	8	2
汽车站	qì chē zhàn	bus stop; bus station	8	2
死不了	sǐ bù liǎo	Portulaca Sundial (a type of plant)	8	2
梯级	tī jí	stair; rung of a ladder	8	2
木糖醇	mù táng chún	xylitol	8	2
服刑	fú xíng	to serve a prison sentence	8	2
昏倒	hūn dǎo	to faint	8	2
无边无际	wú biān wú jì	(idiom) boundless; limitless	8	2
改选	gǎi xuǎn	reelection; to reelect	8	2
捕快	bǔ kuài	bailiff responsible for catching criminals (in imperial China)	8	2
手巾	shǒu jīn	hand towel; handkerchief	8	2
戏剧家	xì jù jiā	dramatist; playwright	8	2
家室	jiā shì	wife; family; (literary) residence	8	2
字面	zì miàn	literal; typeface	8	2
多党制	duō dǎng zhì	multiparty system	8	2
基础设施	jī chǔ shè shī	infrastructure	8	2
地头	dì tóu	place; locality; edge of a field	8	2
团练	tuán liàn	local militia formed to suppress peasant rebellion (old)	8	2
呆板	dāi bǎn	stiff; inflexible; also pr.	8	2
口器	kǒu qì	mouthparts (of an arthropod)	8	2
原核	yuán hé	prokaryotic (cell)	8	2
劳改	láo gǎi	reform through labor; laogai (prison camp)	8	2
加试	jiā shì	to add material to an exam; supplementary exam	8	2
制图	zhì tú	(cartography) to make a map	8	2
减税	jiǎn shuì	to reduce the tax rate	8	2
公审	gōng shěn	public trial (in a court of law)	8	2
做作	zuò zuo	affected; artificial	8	2
偏激	piān jī	extreme (usu. of thoughts, speech, circumstances)	8	2
众生	zhòng shēng	all living things	8	2
仓储	cāng chǔ	to store in a warehouse	8	2
亢奋	kàng fèn	excited; stimulated	8	2
事由	shì yóu	main content; matter; work	8	2
争权夺利	zhēng quán duó lì	scramble for power and profit (idiom); power struggle	8	2
义理	yì lǐ	doctrine (esp. religious); argumentation (in a speech or essay)	8	2
丝竹	sī zhú	traditional Chinese musical instruments; music	8	2
专款	zhuān kuǎn	special fund; money allocated for a particular purpose	8	2
专心致志	zhuān xīn zhì zhì	(idiom) single-minded; fully focused	8	2
一席之地	yī xí zhī dì	(acknowledged) place; a role to play; niche	8	2
鼻炎	bí yán	rhinitis	8	2
鬼火	guǐ huǒ	will-o'-the-wisp; jack-o'-lantern	8	2
阴风	yīn fēng	chill wind; (fig.) evil wind	8	2
闻所未闻	wén suǒ wèi wén	unheard of; an extremely rare and unprecedented event	8	2
错乱	cuò luàn	in disorder; deranged (mentally)	8	2
铺垫	pū diàn	to spread out bedding; bedcover	8	2
退避	tuì bì	to withdraw	8	2
迷离	mí lí	blurred; hard to make out distinctly	8	2
起动	qǐ dòng	to start up (a motor); to launch (a computer application)	8	2
质押	zhì yā	to pledge (sth, usu. moveables, as security for a loan)	8	2
败类	bài lèi	scum of a community; degenerate	8	2
许愿	xǔ yuàn	to make a wish; to make a vow; to promise a reward	8	2
见怪	jiàn guài	to mind; to take offense	8	2
血丝	xuè sī	wisps of blood; visible veins; (of eyes) bloodshot	8	2
葡萄球菌	pú tao qiú jūn	staphylococcus	8	2
落幕	luò mù	the curtain drops; the end of the show	8	2
菜刀	cài dāo	vegetable knife; kitchen knife; cleaver	8	2
胆识	dǎn shí	courage and insight	8	2
股利	gǔ lì	dividend	8	2
老练	lǎo liàn	seasoned; experienced	8	2
羞怯	xiū qiè	shy; timid	8	2
综述	zōng shù	to sum up; a roundup; a general narrative	8	2
管束	guǎn shù	to exercise control over; restriction; control	8	2
筋疲力尽	jīn pí lì jìn	body weary, strength exhausted (idiom); extremely tired; spent	8	2
窥视	kuī shì	to peep at; to spy on; to peek	8	2
盟誓	méng shì	oath of alliance	8	2
痛心疾首	tòng xīn jí shǒu	bitter and hateful (idiom); to grieve and lament (over sth)	8	2
疏漏	shū lòu	to slip up; to overlook by negligence; careless omission; oversight	8	2
生火	shēng huǒ	to make a fire; to light a fire	8	2
清晰度	qīng xī dù	definition; sharpness; clarity	8	2
浸入	jìn rù	to soak; to dip	8	2
海员	hǎi yuán	sailor; mariner	8	2
没趣	méi qù	embarrassing; dull; unsatisfactory	8	2
正反	zhèng fǎn	positive and negative; pros and cons; inside and outside	8	2
梯队	tī duì	echelon (military formation)	8	2
标点	biāo diǎn	punctuation; a punctuation mark; to punctuate	8	2
易如反掌	yì rú fǎn zhǎng	easy as a hand's turn (idiom); very easy; no effort at all	8	2
无水	wú shuǐ	anhydrous (chemistry); waterless; dehydrated	8	2
无所适从	wú suǒ shì cóng	not knowing which course to follow (idiom); at a loss what to do	8	2
方子	fāng zi	prescription (medicine)	8	2
新居	xīn jū	new residence; new home	8	2
斗胆	dǒu dǎn	(courteous) to be so bold as to	8	2
散客	sǎn kè	FIT (free independent traveler); individual traveler (as opposed to one who travels with a group)	8	2
改嫁	gǎi jià	to remarry (of a woman)	8	2
收紧	shōu jǐn	to tighten up (restrictions etc)	8	2
推波助澜	tuī bō zhù lán	to push the wave and add to the billows (idiom); to add momentum	8	2
挟制	xié zhì	to exploit sb's point of weakness to force them to do one's bidding	8	2
报信	bào xìn	to notify; to inform	8	2
才识	cái shí	ability and insight	8	2
总署	zǒng shǔ	general office	8	2
怒气冲冲	nù qì chōng chōng	(idiom) spitting anger; in a rage	8	2
心仪	xīn yí	to admire	8	2
循规蹈矩	xún guī dǎo jǔ	to follow the compass and go with the set square (idiom); to follow the rules inflexibly	8	2
征象	zhēng xiàng	sign; symptom	8	2
尽心竭力	jìn xīn jié lì	to spare no effort (idiom); to do one's utmost	8	2
完结	wán jié	to finish; to conclude; completed	8	2
安插	ān chā	to place in a certain position; to assign to a job; to plant	8	2
宅院	zhái yuàn	house; house with a courtyard	8	2
嫌隙	xián xì	hostility; animosity	8	2
失魂落魄	shī hún luò pò	(idiom) dazed; beside oneself	8	2
四分五裂	sì fēn wǔ liè	(idiom) fragmented; scattered; in disarray; at sixes and sevens	8	2
变态反应	biàn tài fǎn yìng	allergic response; allergy	8	2
受聘	shòu pìn	hired (for employment); invited (e.g. to lecture); engaged (for a task)	8	2
危局	wēi jú	perilous situation	8	2
力士	lì shì	strong man; sumo wrestler	8	2
分销	fēn xiāo	distribution; retail store	8	2
写法	xiě fǎ	style of writing (literary style); way of writing a character; spelling	8	2
养料	yǎng liào	nutriment; nourishment	8	2
公诉	gōng sù	public prosecution; criminal prosecution	8	2
侦破	zhēn pò	to investigate (as detective); to solve (crime); to uncover (a plot)	8	2
人民代表	rén mín dài biǎo	deputy to the People's Congress	8	2
交流电	jiāo liú diàn	alternating current	8	2
二十八宿	èr shí bā xiù	the twenty-eight constellations	8	2
乱糟糟	luàn zāo zāo	chaotic; topsy turvy; a complete mess	8	2
乒乓	pīng pāng	(onom.) rattle; clatter; (sports) ping-pong	8	2
主轴	zhǔ zhóu	axis; principal axis (in mechanics, optics, botany etc)	8	2
高炉	gāo lú	blast furnace	8	2
饰品	shì pǐn	ornament; item of jewelry; accessory	8	2
食粮	shí liáng	food cereals	8	2
风帆	fēng fān	sail; sailing boat	8	2
隐忧	yǐn yōu	secret concern; private worry	8	2
闲逛	xián guàng	to stroll	8	2
闭关自守	bì guān zì shǒu	close the country to international intercourse	8	2
长袖	cháng xiù	long sleeves; long-sleeved shirt	8	2
邮寄	yóu jì	to mail; to send by post	8	2
逢年过节	féng nián guò jié	during holidays and festivals; on festive occasions such as New Year	8	2
逐个	zhú gè	one by one; one after another	8	2
违约金	wéi yuē jīn	penalty (fee)	8	2
运动场	yùn dòng chǎng	sports field; playground; exercise yard	8	2
边线	biān xiàn	sideline; foul line	8	2
转来转去	zhuàn lái zhuàn qù	to rove around; to run around in circles; to walk back and forth	8	2
试飞员	shì fēi yuán	test pilot	8	2
虚荣心	xū róng xīn	vanity	8	2
自便	zì biàn	to do as one pleases; to not inconvenience oneself	8	2
腥臭	xīng chòu	fishy and smelly	8	2
背对	bèi duì	to have one's back towards	8	2
给定	gěi dìng	to state in advance; preset; given	8	2
结业	jié yè	to finish school, esp. a short course; to complete a course	8	2
经期	jīng qī	menstrual period	8	2
粗浅	cū qiǎn	shallow; superficial	8	2
禅房	chán fáng	a room in a Buddhist monastery; a temple	8	2
电容器	diàn róng qì	capacitor	8	2
甩手	shuǎi shǒu	to swing one's arms; to wash one's hands of sth	8	2
烟幕弹	yān mù dàn	smoke bomb; smoke grenade	8	2
烂泥	làn ní	mud; mire	8	2
灵猫	líng māo	civet (arboreal cat)	8	2
涉猎	shè liè	to skim (through a book); to read cursorily; to dip into	8	2
活血	huó xuè	to improve blood circulation (Chinese medicine)	8	2
活像	huó xiàng	to look exactly like; to be the spitting image of	8	2
泥巴	ní ba	(coll.) mud	8	2
水泄不通	shuǐ xiè bù tōng	(lit.) not one drop can trickle through (idiom)	8	2
楼台	lóu tái	(dialect) balcony; terrace; (literary) high building	8	2
桥牌	qiáo pái	contract bridge (card game)	8	2
本岛	běn dǎo	main island	8	2
木质部	mù zhì bù	xylem	8	2
朝日	zhāo rì	morning sun	8	2
数以万计	shù yǐ wàn jì	tens of thousands; numerous	8	2
散漫	sǎn màn	undisciplined; unorganized	8	2
救星	jiù xīng	savior; liberator; emancipator; knight in shining armor	8	2
排气	pái qì	to ventilate	8	2
据守	jù shǒu	to guard; to hold a fortified position; entrenched	8	2
挣得	zhèng dé	to earn (income); to make (money)	8	2
招展	zhāo zhǎn	to flutter; to sway	8	2
拔掉	bá diào	to pluck; to pull off; to pull out	8	2
抛售	pāo shòu	to dump (selling abroad more cheaply than cost price at home)	8	2
悬臂	xuán bì	cantilever	8	2
帮派	bāng pài	gang; faction	8	2
市价	shì jià	market price	8	2
岔路	chà lù	fork in the road	8	2
层状	céng zhuàng	stratified; bedded (geology)	8	2
孤岛	gū dǎo	isolated island	8	2
孕期	yùn qī	pregnancy; gestation	8	2
妖人	yāo rén	magician; sorcerer	8	2
女流	nǚ liú	(derog.) woman	8	2
契合	qì hé	agreement; to agree; to get on with	8	2
失礼	shī lǐ	to act discourteously; forgive me (for my impropriety)	8	2
失和	shī hé	disharmony; to become estranged	8	2
大相径庭	dà xiāng jìng tíng	as different as can be (idiom); poles apart	8	2
大气压	dà qì yā	atmospheric pressure	8	2
复命	fù mìng	to report on completion of a mission; debriefing	8	2
堤岸	dī àn	embankment; bank; levee	8	2
土豪	tǔ háo	local tyrant; local strong man; (slang) nouveau riche	8	2
喜人	xǐ rén	pleasing; gratifying	8	2
商报	shāng bào	business newspaper	8	2
哗啦	huā lā	(onom.) sound of a crash; with a crash	8	2
听课	tīng kè	to attend a class; to go to a lecture	8	2
受控	shòu kòng	to be controlled	8	2
取乐	qǔ lè	to find amusement; to amuse oneself	8	2
发电量	fā diàn liàng	(power station, solar panel etc) output; capacity	8	2
刻印	kè yìn	to engrave a seal; stamp mark; to print with carved type	8	2
创立者	chuàng lì zhě	founder	8	2
出租汽车	chū zū qì chē	taxi; cab (PRC); hire car (Tw)	8	2
冤屈	yuān qū	to treat unjustly; an injustice	8	2
八度	bā dù	octave	8	2
先祖	xiān zǔ	(literary) my deceased grandfather; (literary) ancestors	8	2
仙人掌	xiān rén zhǎng	cactus	8	2
亡命	wáng mìng	to flee; to go into exile (from prison)	8	2
不由分说	bù yóu fēn shuō	to allow no explanation	8	2
不声不响	bù shēng bù xiǎng	(idiom) wordless; silent; taciturn; without speaking	8	2
黏液	nián yè	mucus	8	2
顿觉	dùn jué	to feel suddenly; to realize abruptly	8	2
非人	fēi rén	inhuman; (literary) an unworthy person (to appoint, to marry etc)	8	2
霉素	méi sù	(pharmacology) -mycin (suffix)	8	2
隐士	yǐn shì	hermit	8	2
防不胜防	fáng bù shèng fáng	(idiom) virtually impossible to prevent	8	2
长生不老	cháng shēng bù lǎo	(idiom) to live forever and never grow old	8	2
邮轮	yóu lún	ocean liner; cruise liner	8	2
逆行	nì xíng	to go the wrong way; to go against one-way traffic regulation	8	2
送还	sòng huán	to return; to give back; to send back	8	2
转会	zhuǎn huì	to transfer to another club (professional sports)	8	2
赤条条	chì tiáo tiáo	stark naked	8	2
读出	dú chū	to read out loud; (computing) to read (data)	8	2
词组	cí zǔ	phrase (grammar)	8	2
让渡	ràng dù	to transfer (property, rights etc); to cede	8	2
薄雾	bó wù	mist; haze	8	2
薄片	báo piàn	thin slice; thin section; flake	8	2
落日	luò rì	setting sun	8	2
药理	yào lǐ	pharmacology	8	2
花言巧语	huā yán qiǎo yǔ	graceful words, flowery speech (idiom); elegant but insincere words	8	2
花花绿绿	huā huā lǜ lǜ	brightly colored; gaudy	8	2
脱发	tuō fà	to lose one's hair; hair loss; alopecia	8	2
考据	kǎo jù	textual criticism	8	2
网游	wǎng yóu	online game (abbr. for 網絡遊戲)	8	2
网格	wǎng gé	grid; mesh; lattice	8	2
编著	biān zhù	to compile; to write	8	2
绕组	rào zǔ	coil (in electric motor or transformer)	8	2
累及	lěi jí	to involve; to affect	8	2
紧握	jǐn wò	to hold firmly, not let go	8	2
粘稠	nián chóu	viscous; thick and sticky	8	2
粗话	cū huà	vulgar language; coarse language	8	2
管闲事	guǎn xián shì	to meddle; to be a "nosy Parker"	8	2
管理学	guǎn lǐ xué	management studies	8	2
立正	lì zhèng	to stand straight; attention! (order to troops)	8	2
研读	yán dú	to study attentively (a book); to delve into	8	2
督导	dū dǎo	to direct; to oversee	8	2
真真	zhēn zhēn	really; in fact; genuinely	8	2
直言不讳	zhí yán bù huì	to speak bluntly (idiom); not to mince words	8	2
监守	jiān shǒu	to have custody of	8	2
用膳	yòng shàn	to dine	8	2
玫瑰花	méi guī huā	rose	8	2
片中	piàn zhōng	in the movie	8	2
深信不疑	shēn xìn bù yí	to believe firmly without any doubt (idiom)	8	2
沸水	fèi shuǐ	boiling water	8	2
没奈何	mò nài hé	to have no alternative; to be helpless	8	2
植物油	zhí wù yóu	vegetable oil	8	2
棚子	péng zi	shack; shed	8	2
木瓜	mù guā	papaya (Carica papaya)	8	2
明镜	míng jìng	mirror (as a metaphor for sth beautiful, bright and flat – such as a lake – or sth that provides clarity and insight)	8	2
政治犯	zhèng zhì fàn	political prisoner	8	2
放荡	fàng dàng	licentious; wanton; morally unrestrained	8	2
插件	chā jiàn	plug-in (software or hardware); to plug in a component	8	2
挑战者	tiǎo zhàn zhě	challenger	8	2
持重	chí zhòng	prudent; cautious; to be in charge of ritual ceremonies	8	2
持枪	chí qiāng	to carry a gun	8	2
押送	yā sòng	to convey (a prisoner or valuable items etc) under escort	8	2
披风	pī fēng	cloak; cape	8	2
心狠手辣	xīn hěn shǒu là	(idiom) vicious; merciless	8	2
得救	dé jiù	to be saved	8	2
征用	zhēng yòng	to expropriate; to commandeer	8	2
平等互利	píng děng hù lì	mutual benefit; to share profits equitably	8	2
巡查	xún chá	to patrol	8	2
小辈	xiǎo bèi	the younger generation	8	2
寒酸	hán suān	wretched; poverty-stricken; unpresentable (for clothing, gifts etc)	8	2
定出	dìng chū	to determine; to fix upon; to set (a target, a price etc)	8	2
天数	tiān shù	number of days; fate; destiny	8	2
坚冰	jiān bīng	ice; (fig.) frosty relationship	8	2
国际私法	guó jì sī fǎ	conflict of laws	8	2
国法	guó fǎ	national law	8	2
告一段落	gào yī duàn luò	to come to the end of a phase (idiom)	8	2
口译	kǒu yì	interpreting	8	2
原煤	yuán méi	raw coal	8	2
卧床	wò chuáng	to lie in bed; bedridden; bed	8	2
卖家	mài jiā	seller	8	2
半自动	bàn zì dòng	semiautomatic	8	2
医学家	yī xué jiā	medical scientist	8	2
匪徒	fěi tú	gangster; bandit	8	2
分摊	fēn tān	to share (costs, responsibilities); to apportion	8	2
冰球	bīng qiú	ice hockey; puck	8	2
全息	quán xī	holographic	8	2
光影	guāng yǐng	light and shadow; sunlight and shade	8	2
先决条件	xiān jué tiáo jiàn	precondition; prerequisite	8	2
充气	chōng qì	to pump air (into sth); to inflate	8	2
保送	bǎo sòng	to recommend (for admission to school)	8	2
使用量	shǐ yòng liàng	volume of use; usage amount	8	2
仰视	yǎng shì	to tilt one's head back to see (sth); to look up at	8	2
以军	yǐ jūn	Israeli soldiers	8	2
书局	shū jú	bookstore; publishing house	8	2
习气	xí qì	custom; practice (usu. a regrettable one)	8	2
两重	liǎng chóng	dual; twofold	8	2
不屈不挠	bù qū bù náo	unyielding; indomitable	8	2
黑体	hēi tǐ	sans-serif typeface (for Chinese characters); (physics) black body	8	2
黄金时代	huáng jīn shí dài	golden age	8	2
饱含	bǎo hán	to be full of (emotion); to brim with (love, tears etc)	8	2
霜冻	shuāng dòng	frost; frost damage (to crop)	8	2
防御工事	fáng yù gōng shì	fortification; defensive structure	8	2
野牛	yě niú	bison	8	2
酒馆	jiǔ guǎn	tavern; pub; wine shop	8	2
配角	pèi jué	supporting role; minor role; (of actors) to perform together	8	2
迷彩服	mí cǎi fú	camouflage clothing	8	2
轻信	qīng xìn	to easily trust; gullible; naïve	8	2
赶集	gǎn jí	to go to a local market or country fair (on market day)	8	2
贵贱	guì jiàn	noble and lowly	8	2
贤能	xián néng	sage	8	2
诱骗	yòu piàn	to entice; to lure; to scam	8	2
语重心长	yǔ zhòng xīn cháng	meaningful and heartfelt words (idiom); sincere and earnest wishes	8	2
议席	yì xí	seat in a parliament or legislative assembly	8	2
表里	biǎo lǐ	the outside and the inside; one's outward show and inner thoughts	8	2
血肉模糊	xuè ròu mó hu	(idiom) badly mangled or mutilated; gruesome	8	2
英烈	yīng liè	hero; martyr; heroic	8	2
舒缓	shū huǎn	to ease (tension); to relax; to cause sth to relax	8	2
自选	zì xuǎn	to choose by oneself; free to choose; optional	8	2
脉象	mài xiàng	condition or type of pulse (in Chinese medicine)	8	2
背书	bèi shū	to recite (a text) from memory; to learn a text by heart	8	2
肃然起敬	sù rán qǐ jìng	to feel deep veneration for sb (idiom)	8	2
罪证	zuì zhèng	incriminating evidence	8	2
编结	biān jié	to weave; to plait	8	2
结社	jié shè	to form an association	8	2
粗俗	cū sú	vulgar	8	2
笔录	bǐ lù	to put down in writing; to take down notes; transcript	8	2
称谢	chēng xiè	to express thanks	8	2
相好	xiāng hǎo	to be intimate; close friend; paramour	8	2
盛宴	shèng yàn	feast	8	2
白热化	bái rè huà	to turn white-hot; to intensify; to reach a climax	8	2
申购	shēn gòu	to ask to buy; to bid for purchase	8	2
独创性	dú chuàng xìng	innovative; ingenious; originality; ingenuity	8	2
犹疑	yóu yí	to hesitate	8	2
爆出	bào chū	to burst out; to appear unexpectedly; to break (media story)	8	2
热火朝天	rè huǒ cháo tiān	in full swing (idiom); (in a) frenzy; buzzing with activity	8	2
清廉	qīng lián	honest; uncorrupted	8	2
栓塞	shuān sè	(medicine) embolism	8	2
枯萎	kū wěi	to wilt; to wither; wilted	8	2
条陈	tiáo chén	to lay out (an argument) item by item; memorandum to a superior	8	2
杂居	zá jū	cohabitation (of different populations or races); to coexist	8	2
机长	jī zhǎng	(aviation) pilot-in-command; captain	8	2
有气无力	yǒu qì wú lì	weakly and without strength (idiom); dispirited	8	2
景仰	jǐng yǎng	to admire; to revere; to look up to	8	2
摄入量	shè rù liàng	intake (quantity)	8	2
提价	tí jià	to raise the price	8	2
损毁	sǔn huǐ	to damage; to wreck; to destroy	8	2
拳打	quán dǎ	to punch	8	2
招集	zhāo jí	to call on (people) to gather; to convene	8	2
抵偿	dǐ cháng	to compensate; to make good (a financial loss)	8	2
抢掠	qiǎng lüè	to loot; looting	8	2
投诚	tóu chéng	to defect; to surrender; to capitulate	8	2
投胎	tóu tāi	to be reincarnated	8	2
成例	chéng lì	an established precedent; a convention	8	2
悲苦	bēi kǔ	forlorn; miserable	8	2
心上人	xīn shàng rén	sweetheart; one's beloved	8	2
彼时	bǐ shí	at that time	8	2
彩排	cǎi pái	dress rehearsal; to have a dress rehearsal	8	2
工龄	gōng líng	length of service (in years); years of employment	8	2
工矿	gōng kuàng	industry and mining	8	2
居所	jū suǒ	residence	8	2
导火线	dǎo huǒ xiàn	fuse (for explosives); (fig.) proximate cause; the last straw	8	2
婴孩	yīng hái	infant	8	2
如此这般	rú cǐ zhè bān	thus and so; such and such	8	2
奇景	qí jǐng	wonderful scenery; amazing sight; (fig.) marvel	8	2
太爷	tài yé	(respectful for) one's grandfather; sb's father; older people	8	2
圆润	yuán rùn	mellow and full; suave; smooth and round	8	2
商界	shāng jiè	business world; business community	8	2
响尾蛇	xiǎng wěi shé	rattlesnake	8	2
品茶	pǐn chá	to taste tea; to sip tea	8	2
含油	hán yóu	containing oil; oil-bearing	8	2
只身	zhī shēn	alone; by oneself	8	2
县官	xiàn guān	district magistrate; county magistrate	8	2
压痛	yā tòng	(medicine) tenderness; pain experienced when touched or palpated	8	2
厂矿	chǎng kuàng	factories and mines	8	2
博取	bó qǔ	to win (favors, confidence etc)	8	2
勃起	bó qǐ	erection; to have an erection	8	2
判断力	pàn duàn lì	ability to judge; judgment	8	2
切口	qiē kǒu	incision; notch; slit	8	2
分晓	fēn xiǎo	the result (becomes apparent); now one understands	8	2
凄楚	qī chǔ	sad; wretched; miserable	8	2
写本	xiě běn	handwritten copy of a book	8	2
具体化	jù tǐ huà	to concretize	8	2
偏转	piān zhuǎn	deflection (physics); deviation (away from a straight line)	8	2
假药	jiǎ yào	fake drugs	8	2
乱哄哄	luàn hōng hōng	noisy and in disarray; in an uproar	8	2
主板	zhǔ bǎn	(computing) motherboard; (stock market) main board	8	2
临危	lín wēi	dying (from illness); facing death; on one's deathbed	8	2
不等式	bù děng shì	inequality (math.)	8	2
不合时宜	bù hé shí yí	out of step with current thinking; outmoded	8	2
下水道	xià shuǐ dào	underground drain; sewer	8	2
一网打尽	yī wǎng dǎ jìn	lit. to catch everything in the one net (idiom)	8	2
风致	fēng zhì	natural charm; grace	8	2
频段	pín duàn	(radio) band; frequency band	8	2
预应力	yù yìng lì	prestressed	8	2
雄心勃勃	xióng xīn bó bó	aggressive and grand (idiom); ambitious; pushy	8	2
难能可贵	nán néng kě guì	rare and precious; valuable; remarkable	8	2
隔断	gé duàn	partition; to stand between; wall or fence serving as partition	8	2
门首	mén shǒu	doorway; gate; entrance	8	2
长裙	cháng qún	long skirt; full-length skirt	8	2
铜板	tóng bǎn	copper coin; copper plate	8	2
采掘	cǎi jué	to excavate; to extract (ore)	8	2
避讳	bì huì	to avoid a taboo (usu. on the given names of emperors or one's elders)	8	2
道别	dào bié	to say goodbye; to bid farewell; to pay a farewell call	8	2
迎头	yíng tóu	to meet head-on; face-to-face; directly	8	2
足印	zú yìn	footprint	8	2
贴心	tiē xīn	intimate; close; considerate	8	2
话本	huà běn	Song and Yuan literary form based on vernacular folk stories	8	2
行经	xíng jīng	to pass by; menstruation	8	2
药效	yào xiào	medicinal effect	8	2
航空器	háng kōng qì	aircraft	8	2
肾小球	shèn xiǎo qiú	glomerulus (medicine)	8	2
结出	jiē chū	to bear (fruit)	8	2
细软	xì ruǎn	fine and soft; valuables	8	2
税制	shuì zhì	tax system	8	2
神学家	shén xué jiā	theologian	8	2
碎屑岩	suì xiè yán	clastic rock (geology)	8	2
破获	pò huò	to uncover (a criminal plot); to break open and capture	8	2
矿务局	kuàng wù jú	mining affairs bureau	8	2
白内障	bái nèi zhàng	cataract (ophthalmology)	8	2
电化学	diàn huà xué	electrochemistry	8	2
电动力学	diàn dòng lì xué	electrodynamics	8	2
甲虫	jiǎ chóng	beetle	8	2
生力军	shēng lì jūn	fresh troops; (fig.) lifeblood; new force	8	2
现货	xiàn huò	merchandise or commodities available immediately after sale	8	2
特写	tè xiě	feature article; close-up (filmmaking, photography etc)	8	2
牛角	niú jiǎo	cow horn	8	2
照面	zhào miàn	to meet face-to-face	8	2
火车头	huǒ chē tóu	train engine; locomotive	8	2
滚蛋	gǔn dàn	(slang) get out of here!; beat it!	8	2
气呼呼	qì hū hū	panting with rage	8	2
核磁共振	hé cí gòng zhèn	nuclear magnetic resonance (NMR)	8	2
核工业	hé gōng yè	nuclear industry	8	2
校庆	xiào qìng	anniversary of the founding of a school	8	2
有机体	yǒu jī tǐ	organism	8	2
暴怒	bào nù	to fly into a rage; to rage violently	8	2
旱季	hàn jì	dry season	8	2
新闻记者	xīn wén jì zhě	journalist	8	2
文采	wén cǎi	literary talent; literary grace; rich and bright colors	8	2
文秘	wén mì	secretary	8	2
收割机	shōu gē jī	harvester (machine)	8	2
支气管炎	zhī qì guǎn yán	bronchitis	8	2
掉落	diào luò	to fall down	8	2
挂帅	guà shuài	to take command; to be in command	8	2
抽水	chōu shuǐ	to pump water; (coll.) to shrink in the wash	8	2
打赌	dǎ dǔ	to bet; to make a bet; a wager	8	2
打炮	dǎ pào	to open fire with artillery; to set off firecrackers	8	2
懒散	lǎn sǎn	indolent; negligent; slack	8	2
愤然	fèn rán	(literary) angry; irate	8	2
感情用事	gǎn qíng yòng shì	to act impetuously (idiom); on an impulse	8	2
意念	yì niàn	idea; thought	8	2
惊涛骇浪	jīng tāo hài làng	perilous situation	8	2
悉数	xī shǔ	to enumerate in detail; to explain clearly	8	2
息肉	xī ròu	(medicine) polyp	8	2
急转	jí zhuǎn	to whirl; to turn around quickly	8	2
快意	kuài yì	pleased; elated	8	2
心烦意乱	xīn fán yì luàn	lit. heart distracted, thoughts in turmoil (idiom); distraught with anxiety	8	2
心包	xīn bāo	pericardium	8	2
心力衰竭	xīn lì shuāi jié	heart failure	8	2
归路	guī lù	the way back; return route	8	2
年代学	nián dài xué	chronology (the science of determining the dates of past events)	8	2
屈指可数	qū zhǐ kě shǔ	(lit.) can be counted on one's fingers (idiom); (fig.) very few	8	2
就义	jiù yì	to be killed for a righteous cause; to die a martyr	8	2
尖顶	jiān dǐng	pointed object; cusp; pinnacle	8	2
射杀	shè shā	to shoot dead (with a gun, or bow and arrow)	8	2
寄宿	jì sù	to stay; to lodge; to board	8	2
实弹	shí dàn	live ammunition	8	2
失言	shī yán	slip of the tongue; indiscretion; to blurt out a secret	8	2
天资	tiān zī	innate talent; gift; flair	8	2
吸盘	xī pán	suction pad; sucker	8	2
合用	hé yòng	to share; to use in common; suitable	8	2
参看	cān kàn	to consult for reference	8	2
压电	yā diàn	piezoelectricity (physics)	8	2
创口	chuāng kǒu	wound; cut	8	2
农舍	nóng shè	farmhouse	8	2
公海	gōng hǎi	the high seas; international waters	8	2
侦察兵	zhēn chá bīng	a scout; spy	8	2
传布	chuán bù	to spread; to propagate; to disseminate	8	2
人事部门	rén shì bù mén	personnel office	8	2
亮晶晶	liàng jīng jīng	gleaming; glistening	8	2
中校	zhōng xiào	middle ranking officer in Chinese army; lieutenant colonel; commander	8	2
两败俱伤	liǎng bài jù shāng	both sides suffer (idiom); neither side wins	8	2
专营	zhuān yíng	to specialize in (a particular product or service); monopoly	8	2
不置可否	bù zhì kě fǒu	decline to comment; not express an opinion; be noncommittal	8	2
三七	sān qī	pseudoginseng (Panax pseudoginseng), hemostatic herb	8	2
顺眼	shùn yǎn	pleasing to the eye; nice to look at	8	2
锤炼	chuí liàn	to forge (metal); (fig.) to toughen sb up; to hone (one's skills)	8	2
钢鞭	gāng biān	mace (weapon)	8	2
钢铁厂	gāng tiě chǎng	iron and steel works; steelworks	8	2
针织	zhēn zhī	knitting; knitted garment	8	2
远大	yuǎn dà	far-reaching; broad; ambitious	8	2
近邻	jìn lín	close neighbor	8	2
起死回生	qǐ sǐ huí shēng	to rise from the dead (idiom); fig. an unexpected recovery	8	2
赌注	dǔ zhù	stake (in a gamble); (what is at) stake	8	2
负离子	fù lí zǐ	negative ion; anion (physics)	8	2
貌似	mào sì	to appear to be; to seem as if	8	2
谦和	qiān hé	meek; modest; amiable	8	2
见天	jiàn tiān	(coll.) every day	8	2
要诀	yào jué	the key trick; the secret of success	8	2
要脸	yào liǎn	(coll.) to have a sense of shame	8	2
西北方	xī běi fāng	northwest; northwestern	8	2
股息	gǔ xī	dividend	8	2
肚兜	dù dōu	undergarment covering the chest and abdomen	8	2
联营	lián yíng	joint venture; under joint management	8	2
缺损	quē sǔn	defective; defect	8	2
红尘	hóng chén	the world of mortals (Buddhism); human society; worldly affairs	8	2
糊里糊涂	hú li hú tú	confused; vague; indistinct	8	2
种族主义	zhǒng zú zhǔ yì	racism	8	2
神化	shén huà	to make divine; apotheosis	8	2
神出鬼没	shén chū guǐ mò	(lit.) to appear and disappear unpredictably like a spirit or a ghost (idiom)	8	2
病危	bìng wēi	to be critically ill; to be terminally ill	8	2
生机勃勃	shēng jī bó bó	(idiom) vibrant; full of vitality	8	2
狗熊	gǒu xióng	black bear; coward	8	2
点阵	diǎn zhèn	lattice; dot matrix; bitmap	8	2
火成岩	huǒ chéng yán	igneous rock (geology); volcanic rock	8	2
涨落	zhǎng luò	(of water, prices etc) to rise and fall	8	2
涉案	shè àn	(of a perpetrator, victim, weapon, sum of money etc) to be involved in the case	8	2
流行性	liú xíng xìng	qualities that make sth popular or fashionable; (of a disease) epidemic	8	2
活计	huó jì	handicraft; needlework; work	8	2
活火山	huó huǒ shān	active volcano	8	2
洞察	dòng chá	to see clearly	8	2
泥水	ní shuǐ	muddy water; mud; masonry (craft)	8	2
沙漠化	shā mò huà	desertification	8	2
汁液	zhī yè	juice	8	2
歹人	dǎi rén	bad person; evildoer; robber	8	2
次级	cì jí	secondary	8	2
核聚变	hé jù biàn	nuclear fusion	8	2
暴发	bào fā	to break out (of disease etc); to suddenly get rich (or prominent)	8	2
星体	xīng tǐ	(astronomy) celestial body (e.g. planets, moons)	8	2
无期徒刑	wú qī tú xíng	life imprisonment	8	2
断崖	duàn yá	steep cliff; crag; precipice	8	2
改良主义	gǎi liáng zhǔ yì	reformism (i.e. favoring gradual change as opposed to revolution)	8	2
支招	zhī zhāo	to give advice; to make a suggestion; to help out	8	2
揭批	jiē pī	to expose and criticize	8	2
推进剂	tuī jìn jì	propellant; rocket fuel	8	2
投注	tóu zhù	to throw one's energies (into an activity)	8	2
愤愤不平	fèn fèn bù píng	to feel indignant; to feel aggrieved	8	2
必修课	bì xiū kè	required course; compulsory course	8	2
征得	zhēng dé	to obtain (permission etc)	8	2
引述	yǐn shù	to quote	8	2
应收	yīng shōu	(of a sum of money etc) receivable	8	2
小球	xiǎo qiú	sports such as ping-pong and badminton that use small balls	8	2
宴饮	yàn yǐn	to wine and dine; to feast; banquet	8	2
宣纸	xuān zhǐ	fine writing paper, originally from Jing county 涇縣 Xuancheng 宣城, Anhui	8	2
实干	shí gàn	to work industriously; to get things done	8	2
安于	ān yú	to be content with; to be accustomed to	8	2
学籍	xué jí	registration as a current student	8	2
女仆	nǚ pú	female servant; maid	8	2
奔袭	bēn xí	to carry out a long-range raid	8	2
失信	shī xìn	to break a promise	8	2
大惑不解	dà huò bù jiě	to be at a loss (idiom)	8	2
复眼	fù yǎn	compound eye	8	2
复式	fù shì	double; multiple; compound	8	2
坦荡	tǎn dàng	magnanimous; broad and level	8	2
听天由命	tīng tiān yóu mìng	(idiom) to submit to the will of heaven; to resign oneself to fate; to trust to luck	8	2
发明家	fā míng jiā	inventor	8	2
参差不齐	cēn cī bù qí	(idiom) variable; uneven; irregular	8	2
原作	yuán zuò	original works; original text; original author	8	2
卵生	luǎn shēng	oviparous	8	2
卑贱	bēi jiàn	lowly; mean and low	8	2
务工	wù gōng	to work as a laborer	8	2
剪纸	jiǎn zhǐ	papercutting (Chinese folk art); to make paper cutouts	8	2
冰水	bīng shuǐ	iced water	8	2
党团	dǎng tuán	party caucus	8	2
侧重点	cè zhòng diǎn	main point; emphasis	8	2
乳剂	rǔ jì	emulsion	8	2
乐师	yuè shī	musician	8	2
久病	jiǔ bìng	my old illness; chronic condition	8	2
一对一	yī duì yī	one-to-one; one-on-one	8	2
面世	miàn shì	to be published (of art, literary works etc); to come out; to take shape	8	2
金条	jīn tiáo	gold bar	8	2
量变	liàng biàn	quantitative change	8	2
酸菜	suān cài	pickled vegetables, especially Chinese cabbage	8	2
郑重其事	zhèng zhòng qí shì	serious about the matter	8	2
通情达理	tōng qíng dá lǐ	(idiom) fair and reasonable; sensible; standing to reason	8	2
通判	tōng pàn	local magistrate	8	2
载重量	zài zhòng liàng	dead weight; weight capacity of a vehicle	8	2
转述	zhuǎn shù	to pass on (stories); to relate	8	2
赛制	sài zhì	competition format; tournament system (e.g. round robin, single-elimination knockout etc)	8	2
购得	gòu dé	to purchase; to acquire	8	2
衣角	yī jiǎo	corner of the lower hem of a jacket etc	8	2
菜地	cài dì	vegetable field	8	2
精确度	jīng què dù	accuracy; precision	8	2
男双	nán shuāng	men's doubles (in tennis, badminton etc)	8	2
生光	shēng guāng	to emit light	8	2
猎豹	liè bào	cheetah	8	2
游刃有余	yóu rèn yǒu yú	handling a butcher's cleaver with ease (idiom); to do sth skillfully and easily	8	2
淡薄	dàn bó	thin; light; flagging	8	2
浮点	fú diǎn	(computing) floating point	8	2
沼气	zhǎo qì	marsh gas; methane CH4	8	2
油条	yóu tiáo	youtiao (deep-fried breadstick); slick and sly person	8	2
水烟袋	shuǐ yān dài	water bong; water pipe; hookah	8	2
水波	shuǐ bō	wave; (water) ripple	8	2
死敌	sǐ dí	mortal enemy; arch-enemy	8	2
查禁	chá jìn	to prohibit; to ban; to suppress	8	2
机要	jī yào	(attributive) (of a person) involved in sensitive, confidential work; (of information) secret; classified	8	2
期权	qī quán	(finance) option	8	2
有利可图	yǒu lì kě tú	profitable	8	2
星月	xīng yuè	the moon and the stars	8	2
昏迷不醒	hūn mí bù xǐng	to remain unconscious	8	2
旧式	jiù shì	old style	8	2
旋翼	xuán yì	rotor wing	8	2
旁观者	páng guān zhě	observer; spectator	8	2
整流	zhěng liú	to rectify (alternating current to direct current)	8	2
敌营	dí yíng	enemy camp	8	2
收市	shōu shì	to close the market (for the day)	8	2
指纹	zhǐ wén	fingerprint; the arches, loops and whorls on the fingers	8	2
招魂	zhāo hún	to call back the soul of sb who has died or is seriously ill	8	2
拘捕	jū bǔ	to arrest	8	2
报仇雪恨	bào chóu xuě hèn	to take revenge and wipe out a grudge (idiom)	8	2
打趣	dǎ qù	to make fun of	8	2
打斗	dǎ dòu	to fight	8	2
手摇	shǒu yáo	hand-cranked	8	2
惹事	rě shì	to cause trouble	8	2
惊魂	jīng hún	in a panicked state; frightened	8	2
惊扰	jīng rǎo	to alarm; to agitate	8	2
患儿	huàn ér	child patient; pediatric patient	8	2
悠长	yōu cháng	long; drawn-out; prolonged	8	2
总统制	zǒng tǒng zhì	presidential system	8	2
思辨	sī biàn	to think critically; (philosophy) to reason; to speculate	8	2
怒斥	nù chì	to angrily rebuke; to indignantly denounce	8	2
开拓者	kāi tuò zhě	pioneer	8	2
延髓	yán suǐ	(anatomy) medulla oblongata	8	2
店堂	diàn táng	customer area of a store; showroom; dining area of a restaurant	8	2
布施	bù shī	Dana (Buddhist practice of giving)	8	2
工程学	gōng chéng xué	engineering	8	2
寓所	yù suǒ	dwelling	8	2
定量分析	dìng liàng fēn xī	quantitative analysis	8	2
奴隶制度	nú lì zhì dù	slavery	8	2
女婴	nǚ yīng	female baby	8	2
天真烂漫	tiān zhēn làn màn	(idiom) innocent and unaffected	8	2
垦荒	kěn huāng	to open up land (for agriculture)	8	2
善策	shàn cè	wise policy; best policy	8	2
名篇	míng piān	famous piece of writing	8	2
合理化	hé lǐ huà	to rationalize; to make compatible; to streamline	8	2
吃香	chī xiāng	popular; in demand; well regarded	8	2
印染	yìn rǎn	printing and dyeing	8	2
勉力	miǎn lì	to strive; to make an effort; to exert oneself	8	2
加意	jiā yì	paying special care; with particular attention	8	2
制高点	zhì gāo diǎn	(military) high ground	8	2
分赴	fēn fù	to go separately to different places (esp. to carry out assigned tasks)	8	2
击倒	jī dǎo	to knock down; knocked down	8	2
出生入死	chū shēng rù sǐ	from the cradle to the grave (idiom); to go through fire and water	8	2
入座	rù zuò	to take one's seat	8	2
候鸟	hòu niǎo	migratory bird	8	2
侧目	cè mù	to raise eyebrows	8	2
佳绩	jiā jì	good result; success	8	2
举目	jǔ mù	to look; to raise one's eyes	8	2
下笔	xià bǐ	to put pen to paper	8	2
高高在上	gāo gāo zài shàng	(idiom) situated high; aloft	8	2
高质量	gāo zhì liàng	high quality	8	2
高技术	gāo jì shù	high technology; high-tech	8	2
飞越	fēi yuè	to fly across; to fly over; to fly past	8	2
额定	é dìng	specified (capacity, output etc); rated (capacity, output etc)	8	2
领路	lǐng lù	to lead the way	8	2
雨声	yǔ shēng	sound of rain	8	2
雕版	diāo bǎn	a carved printing block	8	2
门诊部	mén zhěn bù	outpatient department	8	2
长途汽车	cháng tú qì chē	long-distance coach	8	2
长凳	cháng dèng	pew; bench	8	2
锦上添花	jǐn shàng tiān huā	(lit.) to add flowers to brocade (idiom)	8	2
重物	zhòng wù	heavy object	8	2
遗失	yí shī	to lose; to leave behind (inadvertently)	8	2
通论	tōng lùn	well-rounded argument; general survey	8	2
赔笑	péi xiào	to smile apologetically or obsequiously	8	2
货源	huò yuán	supply of goods	8	2
败北	bài běi	(literary) to be routed (in a war); to suffer defeat (in sports etc)	8	2
谬论	miù lùn	misconception; fallacy	8	2
谈吐	tán tǔ	style of conversation	8	2
说书	shuō shū	folk art consisting of storytelling to music	8	2
试试看	shì shì kàn	to give it a try	8	2
试样	shì yàng	style; type; model	8	2
评点	píng diǎn	to comment; a point by point commentary	8	2
誓师	shì shī	to vow before one's troops	8	2
补益	bǔ yì	benefit; help	8	2
行善	xíng shàn	to do good works; to be merciful	8	2
著作权	zhù zuò quán	copyright	8	2
舞剑	wǔ jiàn	to perform a sword-dance	8	2
至多	zhì duō	up to the maximum; upper limit; at most	8	2
联邦制	lián bāng zhì	federal; federal system	8	2
缺血	quē xuè	(medicine) (of an organ or tissue) to have an insufficient blood supply	8	2
绰绰有余	chuò chuò yǒu yú	(idiom) more than enough	8	2
绝地	jué dì	danger spot; Jedi (in Star Wars)	8	2
终身制	zhōng shēn zhì	life tenure	8	2
精准	jīng zhǔn	accurate; exact; precise	8	2
税费	shuì fèi	tax; levy; duty	8	2
神经纤维	shén jīng xiān wéi	(anatomy) nerve fiber	8	2
眉飞色舞	méi fēi sè wǔ	smiles of exultation; radiant with delight	8	2
相向	xiāng xiàng	facing one another; face-to-face	8	2
盐场	yán chǎng	saltpan; saltbed	8	2
生死关头	shēng sǐ guān tóu	the critical moment; life and death crisis	8	2
火箭筒	huǒ jiàn tǒng	bazooka; rocket launcher	8	2
湖心	hú xīn	center of a lake	8	2
清一色	qīng yī sè	(mahjong) flush; a complete hand where all tiles are of the same suit	8	2
活动家	huó dòng jiā	activist	8	2
沉浮	chén fú	lit. sinking and floating; to bob up and down on water; ebb and flow	8	2
水龙	shuǐ lóng	hose; pipe; fire hose	8	2
殷切	yīn qiè	ardent; eager; earnest	8	2
死讯	sǐ xùn	news of sb's death	8	2
横飞	héng fēi	(of spittle, blood, bullets etc) to fly through the air	8	2
检点	jiǎn diǎn	to examine; to check; to keep a lookout	8	2
枯草	kū cǎo	withered grass; dry grass	8	2
暴发户	bào fā hù	newly rich; parvenu; upstart	8	2
族群	zú qún	ethnic group; community	8	2
擦洗	cā xǐ	to clean (with water or alcohol); to wipe and wash; to swab	8	2
排毒	pái dú	to expel poison (from the system); to detox	8	2
承包商	chéng bāo shāng	contractor	8	2
打碎	dǎ suì	to shatter; to smash; to break into pieces	8	2
愚弄	yú nòng	to make a fool out of; to fool; to dupe	8	2
征调	zhēng diào	to conscript; to second (personnel); to requisition (supplies etc)	8	2
影业	yǐng yè	film industry	8	2
开荒	kāi huāng	to open up land (for agriculture)	8	2
开火	kāi huǒ	to open fire; to start shooting; to light the flame (for cooking)	8	2
度量衡	dù liàng héng	measurement	8	2
废纸	fèi zhǐ	waste paper	8	2
干咳	gān ké	to cough without phlegm; a dry cough	8	2
岩溶	yán róng	(geology) karst	8	2
小钱	xiǎo qián	a small amount of money	8	2
实用主义	shí yòng zhǔ yì	pragmatism	8	2
定神	dìng shén	to compose oneself; to concentrate one's attention	8	2
姿色	zī sè	good looks (of a woman)	8	2
姻亲	yīn qīn	relation by marriage; in-laws	8	2
妙法	miào fǎ	brilliant plan; ingenious method; perfect solution	8	2
夹道	jiā dào	a narrow street (lined with walls); to line the street	8	2
声言	shēng yán	to state; to declare; pronouncement; declaration	8	2
堆积如山	duī jī rú shān	to pile up like a mountain (idiom); a mountain of (paperwork etc)	8	2
吵嚷	chǎo rǎng	to make a racket; clamour; uproar	8	2
后半夜	hòu bàn yè	second half of the night (from midnight to sunrise)	8	2
合而为一	hé ér wéi yī	to merge together (idiom); to unify disparate elements into one whole	8	2
合流	hé liú	to converge; to flow together; fig. to act alike	8	2
发迹	fā jì	to make one's mark; to go up in the world; to make one's fortune	8	2
升平	shēng píng	peaceful	8	2
十成	shí chéng	completely	8	2
前言	qián yán	preface; foreword; introduction; preamble	8	2
刻度	kè dù	marked scale; graduated scale	8	2
分期付款	fēn qī fù kuǎn	to pay in installments; payment in installments	8	2
分居	fēn jū	to separate (married couple)	8	2
再就是	zài jiù shì	another one is ...; the other thing is ...	8	2
全副	quán fù	completely	8	2
信口	xìn kǒu	to blurt sth out; to open one's mouth without thinking	8	2
侃侃而谈	kǎn kǎn ér tán	to speak frankly with assurance	8	2
仇怨	chóu yuàn	hatred and desire for revenge	8	2
二进制	èr jìn zhì	binary system (math.)	8	2
严防	yán fáng	to take strict precautions; on your guard	8	2
不振	bù zhèn	lacking in vitality; depressed (market, spirits etc)	8	2
不备	bù bèi	unprepared; off guard	8	2
三长两短	sān cháng liǎng duǎn	unexpected misfortune; unexpected accident; sudden death	8	2
黄包车	huáng bāo chē	rickshaw	8	2
骨盆	gǔ pén	pelvis	8	2
驶出	shǐ chū	to leave port; to put off	8	2
飞碟	fēi dié	flying saucer; frisbee	8	2
领口	lǐng kǒu	collar; neckband; neckline	8	2
难以忍受	nán yǐ rěn shòu	hard to endure; unbearable	8	2
险境	xiǎn jìng	critical circumstances; risky conditions; danger zone	8	2
阴离子	yīn lí zǐ	negative ion; anion (physics)	8	2
问安	wèn ān	to pay one's respects; to give regards to	8	2
镇住	zhèn zhù	to dominate; to control; to subdue	8	2
遍体	biàn tǐ	all over the body	8	2
边路	biān lù	sidewalk; side road; shoulder (of a road)	8	2
质检	zhì jiǎn	quarantine; quality inspection	8	2
谣传	yáo chuán	rumor	8	2
调兵遣将	diào bīng qiǎn jiàng	to move an army and send a general (idiom); to deploy an army	8	2
译著	yì zhù	translated work	8	2
计数器	jì shù qì	counter; register	8	2
营养液	yíng yǎng yè	nutrient fluid	8	2
耐火	nài huǒ	refractory (material); fire-resistant	8	2
翻涌	fān yǒng	to roll over and over (of billows or clouds)	8	2
给付	jǐ fù	to pay; payment	8	2
线粒体	xiàn lì tǐ	mitochondrion	8	2
空子	kòng zi	gap; unoccupied space or time; fig. gap	8	2
研磨	yán mó	milling; to grind; to polish by grinding	8	2
知趣	zhī qù	to act tactfully; tactful; discreet	8	2
眉心	méi xīn	(the space) between the eyebrows	8	2
相配	xiāng pèi	to match; to fit; to pair well	8	2
牧童	mù tóng	shepherd boy	8	2
热茶	rè chá	hot tea	8	2
灭口	miè kǒu	to kill sb to prevent them from divulging a secret; to silence sb	8	2
火化	huǒ huà	to cremate; to incinerate	8	2
游览区	yóu lǎn qū	tourist regions; sightseeing area	8	2
浩荡	hào dàng	vast and mighty (of river or ocean); broad and powerful	8	2
流水线	liú shuǐ xiàn	assembly line; (computing) pipeline	8	2
法理	fǎ lǐ	legal principle; jurisprudence	8	2
油墨	yóu mò	printing ink	8	2
沙门	shā mén	monk (Sanskrit: Sramana, originally refers to north India)	8	2
氧化剂	yǎng huà jì	oxidant; oxidizing agent	8	2
民族英雄	mín zú yīng xióng	national hero	8	2
民房	mín fáng	private house	8	2
校友	xiào yǒu	schoolmate; alumnus; alumna	8	2
末代	mò dài	final generation	8	2
有劳	yǒu láo	(polite) thank you for your trouble (used when asking a favor or after having received one)	8	2
更正	gēng zhèng	to correct; to make a correction	8	2
春光	chūn guāng	scenes of springtime; the radiance of spring	8	2
昏君	hūn jūn	incapable ruler	8	2
无度	wú dù	immoderate; excessive; not knowing one's limits	8	2
旗帜鲜明	qí zhì xiān míng	to show one's colors; to have a clear-cut stand (idiom)	8	2
整容	zhěng róng	plastic surgery	8	2
散曲	sǎn qǔ	verse or song form from Yuan, Ming and Qing	8	2
探马	tàn mǎ	mounted scout (arch.)	8	2
拜谒	bài yè	to pay a formal visit; to call to pay respects	8	2
报收	bào shōu	(of a stock on the stock market) to close at (a certain price)	8	2
扳回	bān huí	to pull back; to regain (one's dignity etc)	8	2
打火机	dǎ huǒ jī	lighter; cigarette lighter	8	2
才艺	cái yì	talent	8	2
所幸	suǒ xìng	fortunately (formal writing)	8	2
戒心	jiè xīn	vigilance; wariness	8	2
急功近利	jí gōng jìn lì	seeking instant benefit (idiom); shortsighted vision, looking only for fast return	8	2
怒容	nù róng	angry look	8	2
忍气吞声	rěn qì tūn shēng	to submit to humiliation (idiom); to suffer in silence	8	2
心急	xīn jí	anxious; impatient	8	2
工委	gōng wěi	working committee	8	2
小幅	xiǎo fú	by a small margin; slightly (increase or decrease)	8	2
宗派主义	zōng pài zhǔ yì	sectarianism	8	2
存取	cún qǔ	to store and retrieve (money, belongings etc)	8	2
奚落	xī luò	to taunt; to ridicule; to jeer at	8	2
复变	fù biàn	(math.) complex variable	8	2
地衣	dì yī	lichen	8	2
地形图	dì xíng tú	topographic map	8	2
国运	guó yùn	fate of the nation	8	2
商行	shāng háng	trading company	8	2
哭丧着脸	kū sang zhe liǎn	to pull a long face; to wear a mournful expression	8	2
命苦	mìng kǔ	to be born under an ill star	8	2
原始人	yuán shǐ rén	primitive man; prehistoric human	8	2
化学系	huà xué xì	department of chemistry	8	2
划过	huá guò	(of a meteor etc) to streak across (the sky)	8	2
分贝	fēn bèi	decibel	8	2
凄苦	qī kǔ	bleak; miserable	8	2
关防	guān fáng	security measures (esp. border security)	8	2
倒头	dǎo tóu	to lie down; to die	8	2
信风	xìn fēng	trade wind	8	2
低音	dī yīn	bass	8	2
低劣	dī liè	inferior quality; substandard; low-grade	8	2
传唤	chuán huàn	a summons (to the police); subpoena	8	2
乳化剂	rǔ huà jì	emulsifier	8	2
专事	zhuān shì	specialized	8	2
丑事	chǒu shì	scandal	8	2
不伦不类	bù lún bù lèi	out of place; inappropriate; incongruous	8	2
上传	shàng chuán	to upload	8	2
黄酒	huáng jiǔ	"yellow wine" (mulled rice wine, usually served warm)	8	2
驶向	shǐ xiàng	(of a train, boat, plane etc) to head in the direction of	8	2
风雅	fēng yǎ	cultured; sophisticated	8	2
领头羊	lǐng tóu yáng	bellwether	8	2
霸业	bà yè	the task of establishing and maintaining hegemony	8	2
门房	mén fáng	gatehouse; lodge; gatekeeper	8	2
铁皮	tiě pí	galvanized iron sheet (for building construction)	8	2
钙化	gài huà	to calcify; calcification	8	2
金字	jīn zì	gold lettering; gold characters	8	2
野果	yě guǒ	wild fruit	8	2
重罚	zhòng fá	to punish severely	8	2
配属	pèi shǔ	troops attached to a unit	8	2
追忆	zhuī yì	to recollect; to recall (past times); to look back	8	2
连载	lián zǎi	serialized; published as a serial (in a newspaper)	8	2
路由器	lù yóu qì	router (computing)	8	2
超脱	chāo tuō	to stand aloof; to be detached from; to transcend worldliness	8	2
诉诸	sù zhū	to appeal (to reason, sentiment, charity etc)	8	2
被害人	bèi hài rén	victim	8	2
芭蕾舞	bā lěi wǔ	ballet (loanword)	8	2
致谢	zhì xiè	expression of gratitude; to give thanks; a thank-you note	8	2
耐受	nài shòu	to tolerate; endurance	8	2
翻动	fān dòng	to flip over; to turn (a page); to scroll (an electronic document)	8	2
群居	qún jū	to live together (in a large group or flock)	8	2
站岗	zhàn gǎng	to stand guard; to serve on sentry duty	8	2
离异	lí yì	to divorce	8	2
祸根	huò gēn	root of the trouble; cause of the ruin	8	2
礼制	lǐ zhì	etiquette; system of rites	8	2
皇亲国戚	huáng qīn guó qī	the emperor relatives (idiom); person with powerful connections	8	2
画眉	huà méi	to apply makeup to the eyebrows	8	2
生疼	shēng téng	(coll.) very painful	8	2
珍奇	zhēn qí	rare; strange	8	2
状物	zhuàng wù	...-shaped thing; to portray sth	8	2
热辣辣	rè là là	burning hot; scorching; (of food) spicy hot	8	2
渗流	shèn liú	to ooze; to seep	8	2
泥人	ní rén	clay figurine	8	2
油布	yóu bù	tarpaulin	8	2
殿宇	diàn yǔ	(literary) halls (of a palace or a temple)	8	2
歼击	jiān jī	to annihilate; to attack and destroy	8	2
正着	zhèng zháo	head-on; red-handed	8	2
款款	kuǎn kuǎn	leisurely; sincerely	8	2
棉絮	mián xù	cotton wadding	8	2
查验	chá yàn	inspection; to examine	8	2
果皮	guǒ pí	(fruit) peel	8	2
有钱人	yǒu qián rén	rich person; the rich	8	2
早产	zǎo chǎn	to have a premature birth	8	2
无穷小	wú qióng xiǎo	(math.) infinitesimal; infinitely small	8	2
施以	shī yǐ	to inflict (punishment); to provide (training etc)	8	2
文言文	wén yán wén	Classical Chinese writing	8	2
排演	pái yǎn	to rehearse (a performance)	8	2
扩容	kuò róng	to ramp up capacity; to expand in scale	8	2
扣篮	kòu lán	slam dunk	8	2
手边	shǒu biān	on hand; at hand	8	2
戏子	xì zi	(derog.) Chinese opera performer; (derog.) actor	8	2
恶名	è míng	bad name; evil reputation	8	2
忘情	wàng qíng	unmoved; indifferent; unruffled by sentiment	8	2
形态学	xíng tài xué	morphology (in biology or linguistics)	8	2
弯路	wān lù	winding road; roundabout route; detour	8	2
引渡	yǐn dù	to extradite	8	2
开路	kāi lù	to open up a path; to make one's way through; to construct a road	8	2
射灯	shè dēng	spotlight	8	2
安分	ān fèn	content with one's lot; knowing one's place	8	2
子代	zǐ dài	offspring; child's generation	8	2
夹带	jiā dài	to carry within it; to be mixed in; to slip sth in	8	2
大获全胜	dà huò quán shèng	to seize total victory (idiom); an overwhelming victory	8	2
大动脉	dà dòng mài	main artery (blood vessel); fig. main highway; arterial road	8	2
在天之灵	zài tiān zhī líng	soul and spirit of the deceased	8	2
哥们	gē men	(coll.) dude; buddy; bro	8	2
合算	hé suàn	worthwhile; to be a good deal; to be a bargain	8	2
台式	tái shì	(of an appliance) tabletop model; (of a computer) desktop model	8	2
受业	shòu yè	to study; to learn from a master	8	2
发痒	fā yǎng	to tickle; to itch	8	2
发呆	fā dāi	to stare blankly; to be stunned; to be lost in thought	8	2
原著	yuán zhù	original work (not translation or abridged)	8	2
剧增	jù zēng	dramatic increase	8	2
刺探	cì tàn	to pry into; to spy on; to probe into	8	2
制衡	zhì héng	to check and balance (power); checks and balances	8	2
冷眼	lěng yǎn	cool eye; fig. detached; (treating) with indifference	8	2
冲泡	chōng pào	to add water (or other liquid) to (another ingredient such as powdered milk or tea leaves)	8	2
内服	nèi fú	to take medicine orally (as opposed to applying externally)	8	2
充填	chōng tián	to fill (gap, hole, area, blank); to pad out; to complement	8	2
傲然	ào rán	loftily; proudly; unyieldingly	8	2
催生	cuī shēng	to pressure a younger relative to hurry up and have a baby	8	2
侨乡	qiáo xiāng	hometown of overseas Chinese	8	2
众议员	zhòng yì yuán	member of the House of Representatives	8	2
五彩缤纷	wǔ cǎi bīn fēn	all the colors in profusion (idiom); a garish display	8	2
事理	shì lǐ	reason; logic	8	2
乳母	rǔ mǔ	wet nurse	8	2
买单	mǎi dān	to pay the bill; to pick up the tab	8	2
书案	shū àn	writing desk; official record	8	2
乘凉	chéng liáng	to enjoy the cool; to relax in a cool place (esp. in hot weather)	8	2
乌贼	wū zéi	cuttlefish	8	2
举步	jǔ bù	(literary) to move forward	8	2
主语	zhǔ yǔ	subject (in grammar)	8	2
主力军	zhǔ lì jūn	main force (military); (fig.) the group or element with the most impact	8	2
丧葬	sāng zàng	funeral and interment	8	2
业者	yè zhě	dealer; trader; person or company engaged in some industry or trade	8	2
三段论	sān duàn lùn	syllogism (deduction in logic)	8	2
一门心思	yī mén xīn si	to set one's heart on sth (idiom)	8	2
一往情深	yī wǎng qíng shēn	deeply attached; devoted	8	2
馈赠	kuì zèng	to present (a gift) to (sb)	8	2
食客	shí kè	diner (in a restaurant etc); hanger-on; sponger	8	2
频仍	pín réng	frequent	8	2
雨伞	yǔ sǎn	umbrella	8	2
隘口	ài kǒu	mountain pass	8	2
防伪	fáng wěi	to prevent counterfeiting; anti-counterfeiting	8	2
闯荡	chuǎng dàng	to leave home to make one's way in the world	8	2
销魂	xiāo hún	ecstasy; rapture; to feel overwhelming joy or sorrow	8	2
邪教	xié jiào	evil cult	8	2
载运	zài yùn	to convey (on vehicle); to freight	8	2
载歌载舞	zài gē zài wǔ	singing and dancing (idiom); festive celebrations	8	2
轻灵	qīng líng	quick and skillful; agile	8	2
软绵绵	ruǎn mián mián	soft; velvety; flabby	8	2
转危为安	zhuǎn wēi wéi ān	to turn peril into safety (idiom); to avert a danger (esp. political or medical)	8	2
走资派	zǒu zī pài	capitalist roader (person in power taking the capitalist road, a political label often pinned on cadres by the Red Guards during the Cultural Revolution)	8	2
赛程	sài chéng	competition schedule; the course of a race	8	2
蚊虫	wén chóng	mosquito	8	2
航空公司	háng kōng gōng sī	airline	8	2
自耕农	zì gēng nóng	owner peasant; land-holding peasant	8	2
脑干	nǎo gàn	brain stem	8	2
肺泡	fèi pào	pulmonary alveolus	8	2
老友	lǎo yǒu	old friend	8	2
美称	měi chēng	to dub with a nice-sounding appellation; fanciful moniker	8	2
罪该万死	zuì gāi wàn sǐ	(idiom) deserving the severest punishment; death is too good for sb	8	2
空头	kōng tóu	phony; so-called; armchair (expert)	8	2
盛事	shèng shì	grand occasion	8	2
白费	bái fèi	to waste (one's energy etc)	8	2
男装	nán zhuāng	men's clothes	8	2
瑰丽	guī lì	elegant; magnificent; exceptionally beautiful	8	2
班次	bān cì	grade; class number (in school); flight or run number	8	2
猛冲	měng chōng	to charge forward	8	2
狼狈不堪	láng bèi bù kān	battered and exhausted; stuck in a dilemma	8	2
特为	tè wèi	for a specific purpose; specially	8	2
燥热	zào rè	uncomfortably hot and dry; stiflingly hot; (of the body) flushed and feverishly warm; (fig.) agitated; restless; irritable; (TCM) dry-heat	8	2
煮饭	zhǔ fàn	to cook	8	2
热恋	rè liàn	to fall head over heels in love; to be passionately in love	8	2
炊事员	chuī shì yuán	cook; kitchen worker	8	2
演义	yǎn yì	to dramatize historical events; novel or play on historical theme	8	2
浮标	fú biāo	buoy	8	2
流浪者	liú làng zhě	rover; vagabond; vagrant	8	2
歌厅	gē tīng	karaoke hall; singing hall (venue for concerts of popular songs)	8	2
校订	jiào dìng	revision	8	2
有说有笑	yǒu shuō yǒu xiào	talking and laughing; to jest; cheerful and lively	8	2
晶状体	jīng zhuàng tǐ	lens; crystalline lens	8	2
无意识	wú yì shí	unconscious; involuntary	8	2
断流	duàn liú	to run dry (of river)	8	2
散播	sàn bō	to spread; to disperse; to disseminate	8	2
收效	shōu xiào	to yield results	8	2
擦肩而过	cā jiān ér guò	to brush past; to pass by (sb)	8	2
援救	yuán jiù	to come to the aid of; to save; to rescue from danger	8	2
按压	àn yā	to press; to push (a button)	8	2
指指点点	zhǐ zhǐ diǎn diǎn	to gesticulate; to point out; to point the finger of blame	8	2
拉倒	lā dǎo	(coll.) forget it; drop it; let it go; to pull down	8	2
投弹	tóu dàn	to throw an explosive charge; to bomb	8	2
成就感	chéng jiù gǎn	sense of achievement	8	2
彩民	cǎi mín	lottery player	8	2
异状	yì zhuàng	unusual condition; something odd; strange shape	8	2
底气	dǐ qì	lung capacity; lung power; boldness; confidence; self-assurance; vigor	8	2
工作室	gōng zuò shì	studio; workshop	8	2
局促	jú cù	cramped; ill at ease	8	2
小组赛	xiǎo zǔ sài	(sports) group stage; group-stage match	8	2
审察	shěn chá	to investigate; to examine closely	8	2
实心	shí xīn	sincere; solid	8	2
娇媚	jiāo mèi	flirtatious; coquettish; sweet and charming	8	2
大器	dà qì	very capable person; precious object	8	2
城府	chéng fǔ	subtle; shrewd; sophisticated	8	2
回绝	huí jué	to rebuff; to refuse; to turn down	8	2
囊肿	náng zhǒng	cyst (med.)	8	2
同龄人	tóng líng rén	peer; one's contemporary; person of the same age	8	2
发牢骚	fā láo sāo	to whine; to be grouchy	8	2
友军	yǒu jūn	allied forces; friendly troops	8	2
历尽	lì jìn	to have experienced a lot of; to have been through	8	2
卷曲	juǎn qū	to curl (hair); to crimp; to roll up	8	2
卤化	lǔ huà	to halogenate; halogenation (chemistry)	8	2
化学键	huà xué jiàn	chemical bond	8	2
击掌	jī zhǎng	to clap one's hands; to clap each other's hands; high five	8	2
几度	jǐ dù	how many times; several times	8	2
减租	jiǎn zū	to reduce rent	8	2
冤案	yuān àn	miscarriage of justice	8	2
入伙	rù huǒ	to join a group; to become a member	8	2
像素	xiàng sù	pixel	8	2
做文章	zuò wén zhāng	to make an issue of sth; to fuss; to make a song and dance	8	2
保护主义	bǎo hù zhǔ yì	protectionism	8	2
作恶	zuò è	to do evil	8	2
代言	dài yán	to be a spokesperson; to be an ambassador (for a brand); to endorse	8	2
享福	xiǎng fú	to live comfortably; to enjoy a happy life	8	2
争夺战	zhēng duó zhàn	struggle	8	2
中意	zhòng yì	to take one's fancy; to be to one's liking	8	2
不爽	bù shuǎng	not well; out of sorts; in a bad mood	8	2
不屑一顾	bù xiè yī gù	to disdain as beneath contempt (idiom)	8	2
一年半载	yī nián bàn zǎi	about a year	8	2
鬼魅	guǐ mèi	demon; evil spirit	8	2
雪茄	xuě jiā	(loanword) cigar	8	2
险胜	xiǎn shèng	to win by a narrow margin	8	2
邻舍	lín shè	neighbor; person next door	8	2
适逢	shì féng	to just happen to coincide with	8	2
轻机枪	qīng jī qiāng	light machine gun	8	2
踏踏实实	tā tā shí shí	steady; steadfast	8	2
调换	diào huàn	to exchange; to change places; to swap	8	2
说来说去	shuō lái shuō qù	(idiom) when all is said and done	8	2
议院	yì yuàn	parliament; congress; legislative assembly	8	2
血气	xuè qì	blood and vital breath; bloodline (i.e. parentage); valor	8	2
苦水	kǔ shuǐ	bitter water (e.g. mineral water containing sulfates); suffering	8	2
臼齿	jiù chǐ	molar tooth	8	2
自营	zì yíng	self-operated; to operate one's own business	8	2
脑炎	nǎo yán	encephalitis	8	2
胸腺	xiōng xiàn	thymus	8	2
胜景	shèng jǐng	wonderful scenery	8	2
胃酸	wèi suān	gastric acid	8	2
老儿	lǎo ér	father; husband; old man	8	2
翻新	fān xīn	to revamp; a face-lift; to retread (a tire)	8	2
续约	xù yuē	to renew or extend a contract	8	2
经济界	jīng jì jiè	economic circles	8	2
经卷	jīng juàn	volumes of classics; volumes of scriptures; ancient scrolls	8	2
纤毛	xiān máo	cilium	8	2
糊口	hú kǒu	to scrape a meager living; to get by with difficulty	8	2
离任	lí rèn	to leave office; to leave one's post	8	2
皮箱	pí xiāng	leather suitcase	8	2
病灶	bìng zào	(medicine) lesion; focus of disease; nidus	8	2
电信号	diàn xìn hào	electrical signal	8	2
瓣膜	bàn mó	valve (biological)	8	2
烟消云散	yān xiāo yún sàn	(idiom) to vanish like smoke in thin air; to disappear	8	2
灾难性	zāi nàn xìng	catastrophic	8	2
演艺	yǎn yì	performing arts	8	2
渐变	jiàn biàn	gradual change; (graphic design) gradient	8	2
浑圆	hún yuán	perfectly round; (fig.) accommodating; considerate	8	2
洞悉	dòng xī	to clearly understand	8	2
洋葱	yáng cōng	onion (Allium cepa); bulb onion	8	2
汗马功劳	hàn mǎ gōng láo	war exploits; (fig.) heroic contribution	8	2
柳条	liǔ tiáo	willow twig; osier; wicker	8	2
枝节	zhī jié	branches and knots; fig. side issue; minor peripheral problem	8	2
来犯	lái fàn	(of enemy forces) to invade; to attack	8	2
有道是	yǒu dào shì	as they say, ...; as the saying goes, ...	8	2
暴跳如雷	bào tiào rú léi	(idiom) to stamp with fury; to fly into a rage	8	2
无处不在	wú chù bù zài	to be everywhere	8	2
文士	wén shì	literati; scholar	8	2
教育界	jiào yù jiè	academic world; academic circles; academia	8	2
搅乱	jiǎo luàn	to disrupt; to throw into disorder	8	2
排泄物	pái xiè wù	excreta; waste matter (feces, urine etc)	8	2
指法	zhǐ fǎ	(music) fingering; (TCM) manipulation of acupuncture needles	8	2
投敌	tóu dí	to go over to the enemy; to defect	8	2
心软	xīn ruǎn	to be softhearted; to be tenderhearted; to be kindhearted	8	2
心焦	xīn jiāo	worried; anxious	8	2
弹词	tán cí	ballad tune in southern dialects, usually to sanxian 三弦 or pipa 琵琶 accompaniment	8	2
庭审	tíng shěn	court hearing	8	2
店伙	diàn huǒ	shop assistant; shop clerk	8	2
币值	bì zhí	value of a currency	8	2
山巅	shān diān	summit	8	2
届满	jiè mǎn	(of a term of office) to expire	8	2
奸邪	jiān xié	crafty and evil; a treacherous villain	8	2
处级	chù jí	(administrative) department-level	8	2
圣洁	shèng jié	pure and holy	8	2
图集	tú jí	collection of pictures; atlas	8	2
哥们儿	gē men r	erhua form of 哥們	8	2
咖啡因	kā fēi yīn	caffeine (loanword)	8	2
听错	tīng cuò	to mishear	8	2
名册	míng cè	roll (of names); register	8	2
可溶性	kě róng xìng	solubility	8	2
口供	kǒu gòng	oral confession (as opposed to 筆供); statement; deposition	8	2
危言耸听	wēi yán sǒng tīng	frightening words to scare people (idiom); alarmist talk	8	2
千载难逢	qiān zǎi nán féng	extremely rare (idiom); once in a blue moon	8	2
勺子	sháo zi	spoon; ladle	8	2
动脑筋	dòng nǎo jīn	to use one's brains; to think	8	2
刺鼻	cì bí	to assail the nostrils; acrid; pungent	8	2
出处	chū chù	source (esp. of quotation or literary allusion); origin	8	2
出书	chū shū	to publish books	8	2
六方	liù fāng	hexagonal	8	2
公演	gōng yǎn	to perform in public; to give a performance	8	2
免疫学	miǎn yì xué	immunology	8	2
偶数	ǒu shù	even number	8	2
健在	jiàn zài	(of an elderly person) alive and in good health	8	2
停火	tíng huǒ	to cease fire; ceasefire	8	2
修剪	xiū jiǎn	to prune; to trim	8	2
低等	dī děng	inferior	8	2
交点	jiāo diǎn	meeting point; point of intersection	8	2
云端	yún duān	high in the clouds; (computing) the cloud	8	2
云游	yún yóu	to wander (typically of an errant priest)	8	2
二线	èr xiàn	second line of defense; secondary or supporting position	8	2
了然	liǎo rán	to understand clearly; evident	8	2
下陷	xià xiàn	to subside; subsidence	8	2
飞跑	fēi pǎo	to run like the wind; to rush; to gallop	8	2
须发	xū fà	hair and beard	8	2
震级	zhèn jí	degree of earthquake (on magnitude scale)	8	2
随处	suí chù	everywhere; anywhere	8	2
际遇	jì yù	circumstance(s) encountered in one's life (favorable or otherwise)	8	2
闯祸	chuǎng huò	to cause an accident; to make trouble; to get into trouble	8	2
长兄	zhǎng xiōng	eldest brother	8	2
针叶	zhēn yè	needle-leaved (tree)	8	2
量度	liáng dù	to measure; measurement	8	2
配料	pèi liào	ingredients (in a cooking recipe)	8	2
邻里	lín lǐ	neighbor; neighborhood	8	2
邪术	xié shù	sorcery	8	2
造访	zào fǎng	(formal) to visit; to pay a visit	8	2
远见卓识	yuǎn jiàn zhuó shí	visionary and sagacious (idiom)	8	2
返航	fǎn háng	to return to the point of departure	8	2
转瞬	zhuǎn shùn	in the twinkling of an eye; in a flash; to turn one's eyes	8	2
贵姓	guì xìng	what is your surname?; (May I ask) your surname?	8	2
贴现率	tiē xiàn lǜ	discount rate	8	2
解禁	jiě jìn	to lift a prohibition	8	2
要义	yào yì	the essentials	8	2
虽则	suī zé	nevertheless; although	8	2
荧屏	yíng píng	fluorescent screen; TV screen	8	2
花椒	huā jiāo	Sichuan pepper; Chinese prickly ash	8	2
舅父	jiù fù	mother's brother; maternal uncle	8	2
自然选择	zì rán xuǎn zé	natural selection	8	2
自家人	zì jiā rén	sb with whom one is on familiar terms	8	2
脉动	mài dòng	pulse; throbbing; pulsation	8	2
翔实	xiáng shí	complete and accurate	8	2
给水	jǐ shuǐ	to supply water; to provide feedwater	8	2
结亲	jié qīn	to marry	8	2
红日	hóng rì	sun	8	2
糖浆	táng jiāng	syrup	8	2
米粒	mǐ lì	grain of rice; granule	8	2
立式	lì shì	(of an object or device) designed to stand vertically; upright	8	2
税金	shuì jīn	tax money (paid or due)	8	2
积习	jī xí	old habit (usually bad); inbred custom; deep-rooted practice	8	2
盘腿	pán tuǐ	to sit cross-legged; to sit in the lotus position	8	2
电磁感应	diàn cí gǎn yìng	electromagnetic induction	8	2
爆裂	bào liè	to rupture; to burst; to explode	8	2
涌进	yǒng jìn	to spill; to overflow (of water, crowds); to crowd (into a space)	8	2
洋务派	yáng wù pài	the foreign learning or Westernizing faction in the late Qing	8	2
沉郁	chén yù	melancholy; gloomy	8	2
果决	guǒ jué	firm; unwavering	8	2
权谋	quán móu	trickery; tactics	8	2
权且	quán qiě	temporarily; for the time being	8	2
木桶	mù tǒng	cask	8	2
暗地	àn dì	secretly; inwardly; on the sly	8	2
时效	shí xiào	timeliness; period of viability or validity	8	2
文告	wén gào	written statement; proclamation; announcement	8	2
收拢	shōu lǒng	to draw to oneself; to gather up; to collect	8	2
拘禁	jū jìn	constraint; to detain; to take into custody	8	2
愚见	yú jiàn	my humble opinion	8	2
恍若	huǎng ruò	as if; as though; rather like	8	2
心志	xīn zhì	will; resolution; aspiration	8	2
废掉	fèi diào	to depose (a king)	8	2
平复	píng fù	to calm down; to subside; to be cured; to be healed	8	2
市集	shì jí	fair; market (in a public place); small town	8	2
居家	jū jiā	to live at home; to stay at home; home (schooling etc)	8	2
就寝	jiù qǐn	to go to sleep; to go to bed (literary)	8	2
客轮	kè lún	passenger ship	8	2
好话	hǎo huà	friendly advice; words spoken on sb's behalf; a good word	8	2
大有人在	dà yǒu rén zài	there are plenty of such people	8	2
外向	wài xiàng	extroverted (personality); (economics etc) export-oriented	8	2
士子	shì zǐ	official; scholar (old)	8	2
土货	tǔ huò	local produce	8	2
听命	tīng mìng	to obey an order; to take orders; to accept a state of affairs	8	2
后脑勺	hòu nǎo sháo	back of the head	8	2
合拢	hé lǒng	to close (flower, eyes, suitcase etc); to bring together	8	2
吃醋	chī cù	to feel jealous (esp. because of a rival in love or affection)	8	2
可巧	kě qiǎo	by happy coincidence	8	2
反超	fǎn chāo	to reverse (the score); to pull off a comeback; to take the lead	8	2
十有八九	shí yǒu bā jiǔ	most likely; mostly (in 8 or 9 cases out of 10); vast majority	8	2
刻骨铭心	kè gǔ míng xīn	lit. carved in bones and engraved in the heart (idiom)	8	2
刀背	dāo bèi	back of the knife	8	2
内能	nèi néng	internal energy	8	2
典当	diǎn dàng	to pawn	8	2
公历	gōng lì	Gregorian calendar; solar calendar	8	2
偷税	tōu shuì	tax evasion	8	2
假想敌	jiǎ xiǎng dí	opposing force (in war games); hypothetical enemy (in strategic studies)	8	2
假名	jiǎ míng	false name; pseudonym; alias	8	2
倡导者	chàng dǎo zhě	proponent; advocate; pioneer	8	2
伟业	wěi yè	exploit; great undertaking	8	2
二流	èr liú	second-rate; second-tier	8	2
事体	shì tǐ	things; affairs; decorum	8	2
两千年	liǎng qiān nián	the year 2000; 2000 years	8	2
东倒西歪	dōng dǎo xī wāi	to lean unsteadily from side to side (idiom); to sway	8	2
上装	shàng zhuāng	upper garment	8	2
上肢	shàng zhī	upper limb (from shoulder to fingertips)	8	2
上下班	shàng xià bān	to start and finish work	8	2
万难	wàn nán	countless difficulties; extremely difficult; against all odds	8	2
万象	wàn xiàng	every manifestation of nature	8	2
预谋	yù móu	premeditated; to plan sth in advance (esp. a crime)	8	2
音箱	yīn xiāng	loudspeaker box; speaker (audio equipment)	8	2
音信	yīn xìn	message	8	2
面罩	miàn zhào	mask; visor; facepiece (e.g. diving suit, gas mask)	8	2
非议	fēi yì	to criticize	8	2
零售商	líng shòu shāng	retailer; shopkeeper; retail merchant	8	2
阻抗	zǔ kàng	electrical impedance	8	2
阻尼	zǔ ní	damping	8	2
酒饭	jiǔ fàn	food and drink	8	2
邻接	lín jiē	adjacent; next to	8	2
通透	tōng tòu	penetrating	8	2
迎刃而解	yíng rèn ér jiě	lit. (bamboo) splits when it meets the knife's edge (idiom)	8	2
边长	biān cháng	(geometry) side length	8	2
轻浮	qīng fú	frivolous; careless; giddy	8	2
超导体	chāo dǎo tǐ	(physics) superconductor	8	2
请罪	qǐng zuì	to apologize humbly; to beg forgiveness	8	2
警察局	jǐng chá jú	police station; police department; police headquarters	8	2
装模作样	zhuāng mó zuò yàng	(idiom) to put on an act; to show affectation; to indulge in histrionics	8	2
蛋黄	dàn huáng	egg yolk	8	2
蓝本	lán běn	blueprint	8	2
菌丝	jūn sī	mycelium; hypha	8	2
艳羡	yàn xiàn	(literary) to admire; to envy	8	2
胡扯	hú chě	to chatter; nonsense; blather	8	2
胆气	dǎn qì	courageous; bold	8	2
缔造者	dì zào zhě	creator (of a great work); founder	8	2
精壮	jīng zhuàng	muscular; strong	8	2
窄小	zhǎi xiǎo	narrow and small	8	2
看点	kàn diǎn	highlight (of an event, movie etc)	8	2
看不惯	kàn bu guàn	cannot bear to see; to hate; to dislike	8	2
百感交集	bǎi gǎn jiāo jí	all sorts of feelings well up in one's heart	8	2
电子束	diàn zǐ shù	beam of electrons	8	2
班车	bān chē	regular bus (service)	8	2
牛头	niú tóu	ox head; ox-head shaped wine vessel	8	2
照镜子	zhào jìng zi	to look in the mirror	8	2
热浪	rè làng	heat wave	8	2
激愤	jī fèn	to stir up emotions; furious; angry	8	2
浸湿	jìn shī	to soak; to saturate	8	2
波澜壮阔	bō lán zhuàng kuò	surging forward with great momentum; unfolding on a magnificent scale	8	2
油气田	yóu qì tián	oilfields and gasfields	8	2
求人	qiú rén	to ask for help; to ask a favor; to recruit talented people	8	2
永生	yǒng shēng	to live forever; eternal life; all one's life	8	2
水溶性	shuǐ róng xìng	soluble (in water); solubility	8	2
楼板	lóu bǎn	floor; floor (ie. metal plate, concrete slab, wooden planking etc)	8	2
桃子	táo zi	peach	8	2
标尺	biāo chǐ	surveyor's rod; staff; staff gauge	8	2
枝干	zhī gàn	branch; limb (of a tree)	8	2
本家	běn jiā	a member of the same clan; a distant relative with the same family name	8	2
末梢	mò shāo	tip; end; last few days	8	2
有偿	yǒu cháng	paying; paid (not free)	8	2
晚宴	wǎn yàn	banquet; dinner party; soiree	8	2
拨弄	bō nòng	to move to and fro (with hand, foot, stick etc); to fiddle with	8	2
折服	zhé fú	to convince; to subdue; to be convinced	8	2
扳平	bān píng	to equalize; to level the score; to pull back the advantage	8	2
扒开	bā kāi	to pry open or apart; to spread (sth) open with both hands	8	2
情郎	qíng láng	boyfriend; paramour (of a woman)	8	2
情歌	qíng gē	love song	8	2
得道	dé dào	to achieve the Dao; to become an immortal	8	2
弧度	hú dù	radian; arc; curve	8	2
平心而论	píng xīn ér lùn	(idiom) in all fairness; objectively speaking	8	2
属相	shǔ xiàng	colloquial term for 生肖 the animals associated with the years of a 12-year cycle	8	2
尾羽	wěi yǔ	tail feathers	8	2
就范	jiù fàn	to submit; to give in	8	2
宾语	bīn yǔ	object (grammar)	8	2
实测	shí cè	to take measurements	8	2
官办	guān bàn	government-run; state-run	8	2
天险	tiān xiǎn	a natural stronghold	8	2
天尊	tiān zūn	(honorific appellation of a deity)	8	2
大年初一	dà nián chū yī	Lunar New Year's Day	8	2
大分子	dà fēn zǐ	macromolecule (chemistry)	8	2
夜行	yè xíng	night walk; night departure; nocturnal	8	2
多情	duō qíng	affectionate; passionate; emotional	8	2
声威	shēng wēi	prestige; renown; influence	8	2
坐牢	zuò láo	to be imprisoned	8	2
地府	dì fǔ	hell; the nether world; Hades	8	2
围拢	wéi lǒng	to crowd around	8	2
回敬	huí jìng	to return a compliment; to give sth in return	8	2
四旧	sì jiù	the Four Olds (target of the Cultural Revolution)	8	2
喜闻乐见	xǐ wén lè jiàn	to love to hear and see (idiom); well received; to one's liking	8	2
哄抢	hōng qiǎng	to panic buy; to loot	8	2
和缓	hé huǎn	mild; gentle; to ease up	8	2
名臣	míng chén	important official or statesman (in feudal China)	8	2
去留	qù liú	going or staying	8	2
卷轴	juàn zhóu	scroll (book or painting)	8	2
单色	dān sè	monochrome; monochromatic; black and white	8	2
动脉硬化	dòng mài yìng huà	hardening of the arteries; arteriosclerosis	8	2
别具一格	bié jù yī gé	having a unique or distinctive style	8	2
减息	jiǎn xī	to lower the interest rate	8	2
再版	zài bǎn	second edition; reprint	8	2
兽皮	shòu pí	animal skin; hide	8	2
具名	jù míng	to sign; to put one's name to	8	2
先行者	xiān xíng zhě	forerunner	8	2
偏私	piān sī	to practice favoritism	8	2
作用力	zuò yòng lì	(physics) action force	8	2
何去何从	hé qù hé cóng	what course to follow; what path to take	8	2
二度	èr dù	again; twice; (music) second (i.e. an interval between adjacent notes)	8	2
二代	èr dài	second generation	8	2
临别	lín bié	just before parting	8	2
中资	zhōng zī	Chinese capital; Chinese enterprise	8	2
不轨	bù guǐ	errant	8	2
不可磨灭	bù kě mó miè	indelible	8	2
一条龙	yī tiáo lóng	lit. one dragon; integrated chain; coordinated process	8	2
鱼群	yú qún	shoal of fish	8	2
高个子	gāo gè zi	tall person; (of a person) tall	8	2
页面	yè miàn	page; web page	8	2
静候	jìng hòu	to wait quietly; to await (news, a reply etc)	8	2
雷厉风行	léi lì fēng xíng	pass like thunder and move like the wind (idiom); swift and decisive reaction	8	2
闷闷不乐	mèn mèn bù lè	depressed; sulky; moody	8	2
金枪鱼	jīn qiāng yú	tuna	8	2
远望	yuǎn wàng	to gaze afar; to look into the distance	8	2
还乡	huán xiāng	(literary) to return to one's native place	8	2
身败名裂	shēn bài míng liè	to lose one's standing; to have one's reputation swept away	8	2
起眼	qǐ yǎn	to catch one's eye (usu. used in the negative)	8	2
衣裙	yī qún	female clothing	8	2
行侠仗义	xíng xiá zhàng yì	to be chivalrous	8	2
葬送	zàng sòng	to hold a funeral procession and burial; to give sb a final send-off	8	2
花盆	huā pén	flower pot	8	2
舆情	yú qíng	public sentiment	8	2
脚夫	jiǎo fū	porter; bearer	8	2
统购统销	tǒng gòu tǒng xiāo	state monopoly of purchasing and marketing	8	2
织锦	zhī jǐn	brocade; silk fabric with colored pattern	8	2
纱厂	shā chǎng	cotton mill; textile factory	8	2
素朴	sù pǔ	simple; unadorned; unsophisticated	8	2
稚嫩	zhì nèn	young and tender; puerile; soft and immature	8	2
称量	chēng liáng	to weigh	8	2
种族歧视	zhǒng zú qí shì	racial discrimination; racism	8	2
神秘主义	shén mì zhǔ yì	mysticism	8	2
硬生生	yìng shēng shēng	stiff; rigid; inflexible	8	2
石质	shí zhì	stony	8	2
百忙	bǎi máng	busy schedule	8	2
狂人	kuáng rén	madman	8	2
点灯	diǎn dēng	to light a lamp	8	2
毛线	máo xiàn	knitting wool; wool yarn	8	2
比萨饼	bǐ sà bǐng	pizza (loanword)	8	2
根状茎	gēn zhuàng jīng	rhizome (biol.); root stock	8	2
核导弹	hé dǎo dàn	nuclear missile	8	2
某处	mǒu chù	somewhere	8	2
材料科学	cái liào kē xué	materials science	8	2
本草	běn cǎo	a book on Chinese (herbal) medicine; Chinese materia medica	8	2
无线电波	wú xiàn diàn bō	radio wave	8	2
旅居	lǚ jū	to stay away from home; residence abroad; sojourn	8	2
方术	fāng shù	arts of healing, divination, horoscope etc; supernatural arts (old)	8	2
文身	wén shēn	to tattoo; tattoo	8	2
文案	wén àn	(newspapers etc) copy; copywriter; (office etc) paperwork	8	2
教父	jiào fù	godfather	8	2
接生	jiē shēng	to deliver (a newborn child)	8	2
挤进	jǐ jìn	to break into; to force one's way into; to barge into	8	2
抛光	pāo guāng	to polish; to burnish	8	2
折算	zhé suàn	to convert (between currencies)	8	2
投宿	tóu sù	to lodge; to stay (for the night)	8	2
扶手	fú shǒu	handrail; armrest	8	2
手把	shǒu bà	handle	8	2
意料之中	yì liào zhī zhōng	to come as no surprise; as expected	8	2
平叛	píng pàn	to put down a revolt; to pacify a rebellion	8	2
干枯	gān kū	withered; shriveled; dried-up	8	2
常规武器	cháng guī wǔ qì	conventional weapon	8	2
导入	dǎo rù	to introduce into; to channel; to lead	8	2
寄存器	jì cún qì	processor register (computing)	8	2
娘儿们	niáng r men	(dialect) woman; wife	8	2
天下太平	tiān xià tài píng	the whole world at peace (idiom); peace and prosperity	8	2
壮年	zhuàng nián	lit. robust years; prime of life; summer	8	2
国际主义	guó jì zhǔ yì	internationalism	8	2
吊车	diào chē	hoist; crane; elevator	8	2
吊起	diào qǐ	to hoist	8	2
叹为观止	tàn wéi guān zhǐ	(idiom) to gasp in amazement; to acclaim as the peak of perfection	8	2
可调	kě tiáo	adjustable	8	2
句型	jù xíng	sentence pattern (in grammar)	8	2
危重	wēi zhòng	critically ill	8	2
单干	dān gàn	to work on one's own; to work single-handed; individual farming	8	2
刑期	xíng qī	prison term	8	2
农桑	nóng sāng	(literary) farming and sericulture; agricultural production	8	2
保驾	bǎo jià	(in former times) to escort the emperor (or other important personage)	8	2
交响	jiāo xiǎng	symphony, symphonic	8	2
亢进	kàng jìn	hyperfunction (medical)	8	2
争先	zhēng xiān	to compete to be first; to contest first place	8	2
中微子	zhōng wēi zǐ	(particle physics) neutrino	8	2
个人电脑	gè rén diàn nǎo	personal computer; PC	8	2
专有	zhuān yǒu	exclusive; proprietary	8	2
不端	bù duān	improper; dishonorable	8	2
一厢情愿	yī xiāng qíng yuàn	one's own wishful thinking	8	2
鼓膜	gǔ mó	eardrum; tympanic membrane	8	2
高谈阔论	gāo tán kuò lùn	to harangue; loud arrogant talk; to spout	8	2
高居	gāo jū	to stand above; to occupy an important position	8	2
顿首	dùn shǒu	kowtow	8	2
面庞	miàn páng	face	8	2
集体主义	jí tǐ zhǔ yì	collectivism	8	2
闲居	xián jū	to lead a quiet and peaceful life in retirement	8	2
错怪	cuò guài	to blame sb wrongly	8	2
量力而行	liàng lì ér xíng	to assess one's capabilities and act accordingly (idiom); to act within one's competence	8	2
跃马	yuè mǎ	to gallop; to spur on a horse; to let one's steed have his head	8	2
走着瞧	zǒu zhe qiáo	wait and see (who is right)	8	2
赏钱	shǎng qian	tip; gratuity; monetary reward	8	2
试验场	shì yàn chǎng	experimental station	8	2
训话	xùn huà	to admonish subordinates	8	2
覆盖面	fù gài miàn	coverage	8	2
补足	bǔ zú	to bring up to full strength; to make up a deficiency	8	2
苦役	kǔ yì	forced labor; corvée; penal servitude	8	2
缠身	chán shēn	(of an illness, debt etc) to plague one; to bog one down; to preoccupy one	8	2
绿藻	lǜ zǎo	green algae; chlorella (dietary supplement)	8	2
竭尽	jié jìn	to use up; to exhaust	8	2
童心	tóng xīn	childish heart; childish innocence	8	2
神权	shén quán	divine right (of kings)	8	2
破天荒	pò tiān huāng	unprecedented; for the first time; never before	8	2
痴痴	chī chī	foolish; stupid; lost in thought	8	2
痛惜	tòng xī	to lament	8	2
略为	lüè wéi	slightly	8	2
生命科学	shēng mìng kē xué	life sciences	8	2
现代派	xiàn dài pài	modernist faction; modernists	8	2
独断	dú duàn	to decide alone without consultation; arbitrary; dictatorial	8	2
狂笑	kuáng xiào	to howl with laughter; to laugh one's head off	8	2
熬煎	áo jiān	suffering; torture	8	2
熟读	shú dú	to read and reread sth until one is familiar with it	8	2
渡船	dù chuán	ferry	8	2
活路	huó lù	through road; way out; way to survive	8	2
洗头	xǐ tóu	to wash one's hair; to have a shampoo	8	2
泪光	lèi guāng	glistening teardrops	8	2
毫不费力	háo bù fèi lì	effortless; not expending the slightest effort	8	2
比索	bǐ suǒ	(loanword) peso (monetary unit)	8	2
母公司	mǔ gōng sī	parent company	8	2
欢愉	huān yú	happy; joyous; delighted	8	2
概要	gài yào	outline	8	2
无名指	wú míng zhǐ	ring finger	8	2
数以千计	shù yǐ qiān jì	thousands (of sth)	8	2
敌害	dí hài	pest; vermin; animal that is harmful to crops or to another species	8	2
推销员	tuī xiāo yuán	sales representative; salesperson	8	2
报导	bào dǎo	to report (in the media); (news) report	8	2
抚育	fǔ yù	to nurture; to raise; to foster	8	2
投资人	tóu zī rén	investor	8	2
承兑	chéng duì	(commerce) to accept (i.e. acknowledge as calling for payment)	8	2
打滚	dǎ gǔn	to roll about	8	2
打天下	dǎ tiān xià	to seize power; to conquer the world; to establish and expand a business	8	2
打压	dǎ yā	to suppress; to beat down	8	2
性骚扰	xìng sāo rǎo	sexual harassment	8	2
忘我	wàng wǒ	selflessness; altruism	8	2
录像机	lù xiàng jī	video recorder; VCR	8	2
对虾	duì xiā	prawn; shrimp	8	2
宣判	xuān pàn	to deliver one's judgement; to give one's verdict	8	2
定格	dìng gé	to fix; to confine to; freeze frame	8	2
学生会	xué sheng huì	student union	8	2
娶亲	qǔ qīn	to take a wife	8	2
头面	tóu miàn	head ornament (in former times); (literary) head; face	8	2
头晕眼花	tóu yūn yǎn huā	to faint with blurred vision (idiom); dizzy and eyes dimmed	8	2
夫子	fū zǐ	Master (old form of address for teachers, scholars)	8	2
天台	tiān tái	rooftop	8	2
大锅饭	dà guō fàn	meal cooked in a large pot; communal meal	8	2
均势	jūn shì	equilibrium of forces; balance of power	8	2
国药	guó yào	Chinese herbal medicine	8	2
呵欠	hē qiàn	yawn	8	2
名存实亡	míng cún shí wáng	the name remains, but the reality is gone (idiom)	8	2
另眼相看	lìng yǎn xiāng kàn	to treat sb favorably; to view in a new light	8	2
受累	shòu lěi	to get dragged into; to get involved (on sb else's account)	8	2
千伏	qiān fú	kilovolt	8	2
十三日	shí sān rì	thirteenth day of a month	8	2
势如破竹	shì rú pò zhú	like a hot knife through butter (idiom); with irresistible force	8	2
势均力敌	shì jūn lì dí	(idiom) evenly matched	8	2
制钱	zhì qián	copper coin of the Ming and Qing Dynasties	8	2
凑热闹	còu rè nao	to join in the fun; to get in on the action; (fig.) to butt in	8	2
冰天雪地	bīng tiān xuě dì	a world of ice and snow	8	2
冒雨	mào yǔ	to brave the rain	8	2
公婆	gōng pó	husband's parents; parents-in-law; (dialect) a couple; husband and wife	8	2
充盈	chōng yíng	abundant; plentiful	8	2
偏振光	piān zhèn guāng	polarization of light; polarized light	8	2
人烟	rén yān	sign of human habitation	8	2
主犯	zhǔ fàn	culprit	8	2
中暑	zhòng shǔ	to suffer heat exhaustion; sunstroke; heatstroke	8	2
下落不明	xià luò bù míng	unaccounted; unknown whereabouts	8	2
魔力	mó lì	magic; magic power	8	2
高烧	gāo shāo	(medicine) high fever	8	2
首例	shǒu lì	first case; first instance	8	2
领子	lǐng zi	shirt collar	8	2
靠岸	kào àn	(of a boat) to reach the shore; to pull toward shore; close to shore	8	2
酒具	jiǔ jù	wine vessel; wine cup	8	2
通力合作	tōng lì hé zuò	to join forces; to give full cooperation	8	2
追索	zhuī suǒ	to demand payment; to extort; to trace	8	2
运移	yùn yí	migration (geology)	8	2
跨越式	kuà yuè shì	breakthrough; going beyond; leap-forward	8	2
走漏	zǒu lòu	to leak (information, secrets etc); to smuggle and evade tax	8	2
账面	zhàng miàn	an item in accounts; an entry	8	2
诱使	yòu shǐ	to lure into; to entrap; to trick into	8	2
诈欺	zhà qī	fraud; deception	8	2
获益	huò yì	to profit from sth; to get benefit	8	2
荧光屏	yíng guāng píng	fluorescent screen; screen (of a TV or monitor etc)	8	2
舅母	jiù mǔ	wife of mother's brother; aunt; maternal uncle's wife	8	2
自用	zì yòng	to have (sth) for one's own use; (literary) to be opinionated	8	2
腐蚀性	fǔ shí xìng	(lit. and fig.) corrosive; corrosiveness	8	2
脂蛋白	zhī dàn bái	lipoprotein	8	2
胸膜	xiōng mó	(anatomy) pleura	8	2
缘何	yuán hé	(literary) why?; for what reason?	8	2
统购	tǒng gòu	state purchasing monopoly; unified government purchase	8	2
红叶	hóng yè	red autumnal leaves	8	2
空腹	kōng fù	an empty stomach	8	2
社会活动	shè huì huó dòng	social activity	8	2
碰壁	pèng bì	to hit a wall	8	2
知识界	zhī shi jiè	intellectual circles; intelligentsia	8	2
甲子	jiǎ zǐ	first year of the sixty-year cycle (where each year is numbered with one of the 10 heavenly stems 天干 and one of the 12 earthly branches 地支)	8	2
班轮	bān lún	regular passenger or cargo ship; regular steamship service	8	2
环卫	huán wèi	public cleanliness; (urban) sanitation; environmental sanitation	8	2
潜伏期	qián fú qī	incubation period (of disease)	8	2
消长	xiāo zhǎng	to ebb and rise; to decrease and then grow	8	2
浇水	jiāo shuǐ	to water (plants etc)	8	2
沉默寡言	chén mò guǎ yán	habitually silent (idiom); reticent; uncommunicative	8	2
民谣	mín yáo	ballad; folk song	8	2
棒子	bàng zi	stick; club; cudgel	8	2
权能	quán néng	power	8	2
有成	yǒu chéng	(literary) to achieve success	8	2
旁若无人	páng ruò wú rén	to act as though there were nobody else present; unselfconscious	8	2
文法	wén fǎ	grammar	8	2
操守	cāo shǒu	personal integrity	8	2
接续	jiē xù	to follow; to continue	8	2
掉以轻心	diào yǐ qīng xīn	(idiom) to treat sth lightly; to lower one's guard	8	2
按部就班	àn bù jiù bān	(idiom) to follow the prescribed order; to keep to the working routine	8	2
拼抢	pīn qiǎng	to fight desperately (at the risk of one's life)	8	2
抹布	mā bù	cleaning rag; also pr.	8	2
怪诞	guài dàn	freak; weird	8	2
性成熟	xìng chéng shú	sexual maturity	8	2
心事重重	xīn shì chóng chóng	to have a lot on one's mind; to be laden with anxiety	8	2
形迹	xíng jì	manner; bearing; trace	8	2
开放性	kāi fàng xìng	openness	8	2
平白	píng bái	for no reason; gratuitously	8	2
工笔	gōng bǐ	gongbi, traditional Chinese painting method characterized by meticulous brush technique and detailed description	8	2
屈指	qū zhǐ	to count on one's fingers	8	2
层级	céng jí	level; hierarchy	8	2
小数	xiǎo shù	small figure; small amount	8	2
密探	mì tàn	secret agent; detective; covert investigator	8	2
密友	mì yǒu	close friend	8	2
家世	jiā shì	family background	8	2
学名	xué míng	scientific name; Latin name (of plant or animal)	8	2
好恶	hào wù	lit. likes and dislikes; preferences; taste	8	2
奇遇	qí yù	happy encounter; fortuitous meeting; adventure	8	2
失措	shī cuò	to be at a loss	8	2
增益	zēng yì	to increase; (electronics) gain; (gaming) buff	8	2
堂堂正正	táng táng zhèng zhèng	displaying strength and discipline; impressive; upright and frank	8	2
基址	jī zhǐ	foundation; footing; base	8	2
咸菜	xián cài	salted vegetables; pickles	8	2
后备军	hòu bèi jūn	rearguard	8	2
口红	kǒu hóng	lipstick	8	2
卖点	mài diǎn	selling point	8	2
华诞	huá dàn	(formal) birthday; anniversary of the founding of an organization	8	2
势能	shì néng	(physics) potential energy	8	2
切换	qiē huàn	to switch over; to switch modes or data streams; to cut (to a new scene)	8	2
冲走	chōng zǒu	to flush away	8	2
冰冻	bīng dòng	to freeze	8	2
农贸市场	nóng mào shì chǎng	wet market	8	2
八股	bā gǔ	an essay in eight parts; stereotyped writing	8	2
健儿	jiàn ér	top athlete; heroic warrior	8	2
停刊	tíng kān	(of a newspaper, magazine etc) to stop publishing	8	2
保甲	bǎo jiǎ	historical communal administrative and self-defence system created during the Song Dynasty and revived during the Republican Era, in which households are grouped in jia 甲 and jia are grouped in bao 保	8	2
佩带	pèi dài	to wear (as accessories); carry at the waist	8	2
代数方程	dài shù fāng chéng	algebraic equation	8	2
亲子	qīn zǐ	parent and child; parent-child (relationship)	8	2
交加	jiāo jiā	(of two or more things) to occur at the same time; to be mingled; to accompany each other	8	2
事半功倍	shì bàn gōng bèi	(idiom) to achieve twice the result with half the effort	8	2
书画家	shū huà jiā	calligrapher and painter	8	2
义子	yì zǐ	adopted son	8	2
主打	zhǔ dǎ	principal; main; flagship (product); title (track)	8	2
东山再起	dōng shān zài qǐ	lit. to return to office after living as a hermit on Mount Dongshan (idiom); fig. to make a comeback	8	2
不知所云	bù zhī suǒ yún	to not know what sb is driving at; to be unintelligible	8	2
下月	xià yuè	next month	8	2
一审	yī shěn	first instance (law)	8	2
齐心	qí xīn	to be of one mind; to work as one	8	2
鲜为人知	xiǎn wéi rén zhī	rarely known to anyone (idiom); almost unknown; secret to all but a few	8	2
风吹草动	fēng chuī cǎo dòng	(lit.) grass stirring in the wind (idiom)	8	2
顿悟	dùn wù	a flash of realization; the truth in a flash	8	2
集体化	jí tǐ huà	collectivization; to collectivize	8	2
闹翻	nào fān	to have a falling out; to have a big argument	8	2
闭目养神	bì mù yǎng shén	to relax with one's eyes closed	8	2
野性	yě xìng	wild nature; unruliness	8	2
重工	zhòng gōng	heavy industry	8	2
遗志	yí zhì	the mission in life of a deceased person, left to others to carry on	8	2
近臣	jìn chén	member of a monarch's inner ministerial circle (old)	8	2
辐照	fú zhào	irradiation	8	2
语词	yǔ cí	word; phrase; predicate	8	2
装腔作势	zhuāng qiāng zuò shì	posturing; pretentious; affected	8	2
虫卵	chóng luǎn	insect egg	8	2
腹膜	fù mó	peritoneum (anatomy)	8	2
背信弃义	bèi xìn qì yì	breaking faith and abandoning right (idiom); to betray; treachery	8	2
胃病	wèi bìng	stomach trouble; stomach illness	8	2
肩部	jiān bù	shoulder; shoulder area	8	2
肌体	jī tǐ	the body; organism (usually human); (fig.) fabric (of society etc)	8	2
经线	jīng xiàn	warp; line of longitude; meridian (geography)	8	2
纸钱	zhǐ qián	ritual money made of paper burnt for the Gods or the dead	8	2
纷至沓来	fēn zhì tà lái	to come thick and fast (idiom)	8	2
纵情	zòng qíng	to your heart's content	8	2
繁星	fán xīng	many stars; a vast sky full of stars	8	2
空穴	kòng xué	electron hole (physics)	8	2
离间	lí jiàn	to drive a wedge between (allies, partners etc)	8	2
瞅见	chǒu jiàn	to see	8	2
甜食	tián shí	dessert; sweet	8	2
球菌	qiú jūn	coccus (spherical bacteria pathogen)	8	2
狂潮	kuáng cháo	surging tide; (fig.) tide; craze	8	2
烤火	kǎo huǒ	to warm oneself at a fire	8	2
灵丹妙药	líng dān miào yào	effective cure, miracle medicine (idiom); fig. wonder-cure for all problems	8	2
火塘	huǒ táng	indoor fire pit	8	2
波幅	bō fú	amplitude	8	2
泛称	fàn chēng	to refer broadly to; general term	8	2
横渡	héng dù	to cross (a body of water)	8	2
校对	jiào duì	proofreader; to proofread; to calibrate	8	2
标志性	biāo zhì xìng	iconic	8	2
服务费	fú wù fèi	service charge; cover charge	8	2
智取	zhì qǔ	to take by ruse; to outwit; to outsmart	8	2
无怪	wú guài	No wonder!; not surprising	8	2
方家	fāng jiā	learned person; expert in a certain field	8	2
支离破碎	zhī lí pò suì	scattered and smashed (idiom)	8	2
心服	xīn fú	to accept wholeheartedly; to embrace; to be won over	8	2
彩塑	cǎi sù	painted clay figure	8	2
形变	xíng biàn	deformation; bending	8	2
张口结舌	zhāng kǒu jié shé	agape and tongue-tied (idiom); at a loss for words	8	2
开篇	kāi piān	start of literary work; opening song of ballad in Tanci style 彈詞	8	2
平头	píng tóu	closely cropped hair; crew cut; (of people) common; ordinary	8	2
山崩	shān bēng	landslide; landslip	8	2
履历	lǚ lì	background (academic and work); curriculum vitae; résumé	8	2
少部分	shǎo bù fen	a small proportion of; Taiwan pr.	8	2
婚嫁	hūn jià	marriage	8	2
奖状	jiǎng zhuàng	prize certificate; certificate of merit	8	2
大提琴	dà tí qín	cello (CL:把)	8	2
复用	fù yòng	to reuse	8	2
备查	bèi chá	for future reference	8	2
堂而皇之	táng ér huáng zhī	overt; to make no secret (of one's presence); grandiose	8	2
垂钓	chuí diào	angling	8	2
呼吸系统	hū xī xì tǒng	respiratory system	8	2
吗啡	mǎ fēi	morphine (loanword)	8	2
后进	hòu jìn	less advanced; underdeveloped; lagging behind	8	2
减持	jiǎn chí	(of an investor) to reduce one's holdings	8	2
准头	zhǔn tóu	(physiognomy) the tip of the nose	8	2
冷藏	lěng cáng	refrigeration; cold storage	8	2
册子	cè zi	a book; a volume	8	2
共同点	gòng tóng diǎn	common ground	8	2
光驱	guāng qū	CD or DVD Drive	8	2
偷眼	tōu yǎn	to take a furtive look at	8	2
伤天害理	shāng tiān hài lǐ	to offend Heaven and reason (idiom); bloody atrocities that cry to heaven	8	2
仰卧	yǎng wò	to lie supine	8	2
代表队	dài biǎo duì	delegation	8	2
从轻	cóng qīng	to be lenient (in sentencing)	8	2
井井有条	jǐng jǐng yǒu tiáo	everything clear and orderly (idiom); neat and tidy	8	2
乳糖	rǔ táng	lactose	8	2
义愤	yì fèn	righteous indignation; moral indignation	8	2
不容置疑	bù róng zhì yí	unquestionable	8	2
三言两语	sān yán liǎng yǔ	in a few words (idiom); expressed succinctly	8	2
风姿	fēng zī	good looks; good figure; graceful bearing	8	2
雄鸡	xióng jī	rooster	8	2
防风	fáng fēng	to protect from wind	8	2
闭经	bì jīng	amenorrhoea	8	2
铁丝网	tiě sī wǎng	wire netting	8	2
钢叉	gāng chā	pitchfork; garden fork; restraining pole (used by police)	8	2
野鸡	yě jī	pheasant; unregistered and operating illegally (business)	8	2
醉酒	zuì jiǔ	to get drunk	8	2
足额	zú é	sufficient; full (payment)	8	2
赶超	gǎn chāo	to overtake	8	2
贪财	tān cái	to be greedy in getting money	8	2
谢意	xiè yì	gratitude; thanks	8	2
讲理	jiǎng lǐ	to argue; to reason with sb; to talk sense	8	2
言下之意	yán xià zhī yì	implication	8	2
观测者	guān cè zhě	observer	8	2
虚掩	xū yǎn	to partially obscure	8	2
虎将	hǔ jiàng	valiant general	8	2
薄荷	bò he	mint (plant); Taiwan pr.	8	2
自食其力	zì shí qí lì	lit. to eat off one's own strength (idiom)	8	2
臂弯	bì wān	crook of the arm	8	2
腿部	tuǐ bù	leg	8	2
腊梅	là méi	wintersweet; Japanese allspice; Chimonanthus praecox	8	2
脚蹬	jiǎo dēng	pedal	8	2
聋哑	lóng yǎ	deaf and nonverbal	8	2
竖琴	shù qín	harp	8	2
稳态	wěn tài	steady state; homeostasis	8	2
短波	duǎn bō	shortwave (radio)	8	2
眼帘	yǎn lián	eyes (in literature); eyesight	8	2
盐分	yán fèn	salt content	8	2
痛饮	tòng yǐn	to drink one's fill	8	2
痛感	tòng gǎn	to feel deeply; acute suffering	8	2
病魔	bìng mó	serious illness	8	2
生儿育女	shēng ér yù nǚ	to bear and raise children	8	2
玩法	wán fǎ	to play fast and loose with the law; to game the system	8	2
牵引车	qiān yǐn chē	tractor unit; tractor truck; prime mover	8	2
牧地	mù dì	pasture; grazing land	8	2
牢狱	láo yù	prison	8	2
焦头烂额	jiāo tóu làn é	lit. badly burned about the head (from trying to put out a fire) (idiom)	8	2
炼焦	liàn jiāo	coking; the process of producing coke from coal	8	2
炸死	zhà sǐ	to kill with an explosion	8	2
灯盏	dēng zhǎn	lantern; uncovered oil lamp	8	2
洗浴	xǐ yù	to bathe	8	2
水门	shuǐ mén	water valve; sluice gate; (aviation) water salute	8	2
民女	mín nǚ	woman from an ordinary family	8	2
比对	bǐ duì	comparison; to verify by comparing	8	2
母语	mǔ yǔ	native language; mother tongue; (linguistics) parent language	8	2
死党	sǐ dǎng	best friends; inseparable sidekick; diehard followers	8	2
横流	héng liú	to overflow; transverse flow; to flow over	8	2
枉然	wǎng rán	in vain; to no avail	8	2
杀身之祸	shā shēn zhī huò	(idiom) getting killed	8	2
有目共睹	yǒu mù gòng dǔ	anyone with eyes can see it (idiom); obvious to all	8	2
显微	xiǎn wēi	micro-; microscopic; to make the minute visible	8	2
放羊	fàng yáng	to tend a flock of sheep; to let sheep out to pasture	8	2
支教	zhī jiào	program bringing education to underdeveloped areas	8	2
摘取	zhāi qǔ	to pluck; to take	8	2
提神	tí shén	to freshen up; to be cautious or vigilant; to watch out	8	2
探路	tàn lù	to find a path	8	2
拓扑学	tuò pū xué	(math.) topology	8	2
报案	bào àn	to report a case to the authorities	8	2
抛射	pāo shè	to throw; to shoot	8	2
打盹	dǎ dǔn	to doze off	8	2
恭顺	gōng shùn	deferential; respectful	8	2
总归	zǒng guī	in any case; anyhow; after all	8	2
怜爱	lián ài	to have tender affection for; to love tenderly; to pamper sb	8	2
怒目而视	nù mù ér shì	(idiom) to glare at	8	2
志同道合	zhì tóng dào hé	(idiom) to be devoted to a common cause; to be like-minded	8	2
当月	dāng yuè	on that month	8	2
异教徒	yì jiào tú	member of another religion; heathen; pagan	8	2
差异化	chā yì huà	differentiation (of a product from its competitors etc)	8	2
工头	gōng tóu	foreman	8	2
少顷	shǎo qǐng	in a short while; presently	8	2
小脚	xiǎo jiǎo	bound feet (traditional)	8	2
孵卵	fū luǎn	to hatch; to brood	8	2
婚姻法	hūn yīn fǎ	marriage law	8	2
婆婆妈妈	pó po mā mā	effeminate; old-womanish; garrulous	8	2
娇滴滴	jiāo dī dī	sweet; cute; delicately pretty	8	2
如数	rú shù	in the amount stipulated (by prior agreement); in full	8	2
奋进	fèn jìn	to advance bravely; to endeavor	8	2
奇形怪状	qí xíng guài zhuàng	fantastic oddities of every description (idiom); grotesquely shaped	8	2
夜深人静	yè shēn rén jìng	in the dead of night (idiom)	8	2
在野	zài yě	to be out of (political) office; to be out of power	8	2
固化	gù huà	to solidify; to harden; (fig.) to make permanent; to become fixed	8	2
四声	sì shēng	the four tones of Middle Chinese: level tone 平聲 rising tone 上聲 departing tone 去聲 and entering tone 入聲	8	2
喊话	hǎn huà	to speak using a loud voice or megaphone etc	8	2
呈报	chéng bào	to (submit a) report	8	2
吃不消	chī bu xiāo	to be unable to tolerate or endure; to find sth difficult to manage	8	2
古来	gǔ lái	since ancient times; it has ever been the case that	8	2
口称	kǒu chēng	to speak; to say	8	2
受限	shòu xiàn	to be limited; to be restricted; to be constrained	8	2
取证	qǔ zhèng	to collect evidence	8	2
发端	fā duān	to originate; to initiate; beginning; origin	8	2
反身	fǎn shēn	to turn around	8	2
危机感	wēi jī gǎn	sense of crisis; acute awareness of looming danger or instability (often actively cultivated to spur preparedness or action)	8	2
单晶	dān jīng	monocrystalline	8	2
剑麻	jiàn má	sisal hemp	8	2
初稿	chū gǎo	first draft (of writing)	8	2
凶杀	xiōng shā	to murder; assassination	8	2
军事法庭	jūn shì fǎ tíng	court-martial; military tribunal	8	2
光鲜	guāng xiān	bright and neat	8	2
俏丽	qiào lì	handsome; pretty	8	2
作乱	zuò luàn	to rebel; to rise in revolt	8	2
代办	dài bàn	to act for sb else; to act on sb's behalf; an agent	8	2
乙型肝炎	yǐ xíng gān yán	hepatitis B	8	2
专断	zhuān duàn	to act arbitrarily; to make decisions without consulting others	8	2
三弦	sān xián	sanxian, large family of 3-stringed plucked musical instruments, with snakeskin covered wooden soundbox and long neck, used in folk music, opera and Chinese orchestra	8	2
首屈一指	shǒu qū yī zhǐ	to count as number one (idiom); second to none; outstanding	8	2
食物链	shí wù liàn	food chain	8	2
难产	nán chǎn	difficult birth; (fig.) difficult to achieve	8	2
道白	dào bái	spoken lines in opera	8	2
返程	fǎn chéng	return trip; to make a return trip; to return	8	2
运费	yùn fèi	freight fee	8	2
迁怒	qiān nù	to take one's anger out on sb (who does not deserve it)	8	2
走江湖	zǒu jiāng hú	to travel around the country (as itinerant peddler or entertainer)	8	2
败家子	bài jiā zǐ	spendthrift; wastrel; prodigal	8	2
豪奢	háo shē	extravagant; luxurious	8	2
谐音	xié yīn	homonym; homophone; harmonic (component of sound)	8	2
诉求	sù qiú	to demand; to call for; to petition; demand; wish; request	8	2
观察者	guān chá zhě	observer	8	2
药膏	yào gāo	ointment	8	2
良家	liáng jiā	respectable family; decent family	8	2
脸膛	liǎn táng	facial contour; facial shape	8	2
罪大恶极	zuì dà è jí	guilty of terrible crimes (idiom); reprehensible	8	2
缘于	yuán yú	to originate from; to come from the fact that; owing to	8	2
绘图	huì tú	to chart; to sketch; to draft; to plot	8	2
结肠	jié cháng	colon (large intestine)	8	2
线状	xiàn zhuàng	linear	8	2
精油	jīng yóu	essential oil	8	2
答礼	dá lǐ	to return a courtesy; return gift	8	2
空位	kōng wèi	empty place; room (for sb)	8	2
稚气	zhì qì	childish nature; infantile; juvenile	8	2
稀松	xī sōng	poor; sloppy; unconcerned	8	2
私通	sī tōng	to have secret ties with	8	2
离岸	lí àn	offshore	8	2
礼佛	lǐ fó	to worship Buddha; to pray to Buddha	8	2
磁力	cí lì	magnetic force; magnetic	8	2
石蜡	shí là	paraffin wax	8	2
相关性	xiāng guān xìng	correlation	8	2
直白	zhí bái	to speak frankly; frank; open; blunt	8	2
登峰造极	dēng fēng zào jí	to reach great heights (in technical skills or scholastic achievements)	8	2
疑惧	yí jù	misgivings	8	2
生物钟	shēng wù zhōng	biological clock	8	2
生殖细胞	shēng zhí xì bāo	germ cell; reproductive cell	8	2
生境	shēng jìng	habitat	8	2
献媚	xiàn mèi	to ingratiate oneself with; to pander to	8	2
独处	dú chǔ	to live alone; to spend time alone (or with a significant other)	8	2
灰土	huī tǔ	dust; (soil taxonomy) spodosol	8	2
潜逃	qián táo	to abscond; to slink off	8	2
混同	hùn tóng	to mix up; to confuse one thing with another	8	2
深究	shēn jiū	to perform an in-depth investigation	8	2
洋面	yáng miàn	ocean surface	8	2
泪汪汪	lèi wāng wāng	tearful; brimming with tears	8	2
汇编语言	huì biān yǔ yán	assembly language	8	2
气态	qì tài	gaseous state (physics); manner; air	8	2
残渣	cán zhā	remainder; filtered out residue; sediment	8	2
核扩散	hé kuò sàn	nuclear proliferation	8	2
查考	chá kǎo	to examine; to investigate; to try to determine	8	2
有助	yǒu zhù	helpful; beneficial; to help	8	2
暴露无遗	bào lù wú yí	to lay bare; to come to light	8	2
无遗	wú yí	completely; fully; without omission	8	2
无缝	wú fèng	seamless	8	2
政论	zhèng lùn	political commentary	8	2
播音员	bō yīn yuán	announcer; broadcaster	8	2
接吻	jiē wěn	to kiss	8	2
拍击	pāi jī	to smack; to beat	8	2
抗震	kàng zhèn	anti-seismic measures; seismic defenses; earthquake resistant	8	2
扩大化	kuò dà huà	to extend the scope; to exaggerate	8	2
手感	shǒu gǎn	the feel (of sth touched with the hand); (textiles) handle	8	2
情志	qíng zhì	emotion; mood	8	2
怨不得	yuàn bu de	cannot blame; no wonder	8	2
志趣	zhì qù	inclination; interest	8	2
心计	xīn jì	scheming; shrewdness	8	2
心机	xīn jī	thinking; scheme	8	2
张牙舞爪	zhāng yá wǔ zhǎo	to bare fangs and brandish claws (idiom); to make threatening gestures	8	2
开化	kāi huà	to become civilized; to be open-minded; (of ice) to thaw	8	2
寒心	hán xīn	disillusioned; bitterly disappointed; terrified	8	2
家小	jiā xiǎo	wife and children; wife	8	2
客户服务	kè hù fú wù	customer service; client service	8	2
守寡	shǒu guǎ	to live as widow; to observe widowhood	8	2
字节	zì jié	(computing) byte	8	2
天窗	tiān chuāng	hatchway; skylight; sun roof	8	2
天心	tiān xīn	center of the sky; will of heaven; will of the Gods	8	2
大锅	dà guō	a big wok; cauldron	8	2
大清早	dà qīng zǎo	early in the morning	8	2
大可不必	dà kě bù bì	need not; unnecessary	8	2
增厚	zēng hòu	to thicken	8	2
因袭	yīn xí	to follow old patterns; to imitate existing models	8	2
回调	huí diào	callback (computing)	8	2
喷洒	pēn sǎ	to spray; to sprinkle	8	2
合成橡胶	hé chéng xiàng jiāo	synthetic rubber	8	2
发行人	fā xíng rén	publisher; issuer	8	2
反反复复	fǎn fǎn fù fù	repeatedly; time and time again	8	2
原则性	yuán zé xìng	principled	8	2
原价	yuán jià	original price	8	2
印花	yìn huā	tax stamp; to print a pattern or design on fabric	8	2
半圆形	bàn yuán xíng	semicircular	8	2
千姿百态	qiān zī bǎi tài	(idiom) to come in many different shapes; to display a great variety of forms	8	2
助推	zhù tuī	(aerospace) to boost; to provide propulsion assistance	8	2
创收	chuàng shōu	to generate revenue; to create extra income	8	2
冰糖	bīng táng	crystal sugar; rock candy	8	2
农区	nóng qū	agricultural areas; farming areas	8	2
内层	nèi céng	internal layer	8	2
兵船	bīng chuán	man-of-war; naval vessel; warship	8	2
信号处理	xìn hào chǔ lǐ	signal processing	8	2
侧门	cè mén	side door	8	2
作践	zuò jiàn	to ill-use; to humiliate; to degrade	8	2
余者	yú zhě	the remaining people	8	2
传抄	chuán chāo	to copy (a text) from person to person	8	2
会众	huì zhòng	audience; participants; congregation (of religious sect)	8	2
伐木	fá mù	to fell trees (for timber)	8	2
从长计议	cóng cháng jì yì	(idiom) to take one's time making a decision; to consider at length	8	2
为非作歹	wéi fēi zuò dǎi	to break the law and commit crimes (idiom); malefactor; evildoer	8	2
下贱	xià jiàn	humble; lowly; depraved	8	2
食道	shí dào	esophagus; gullet	8	2
顶层	dǐng céng	top floor; the top of a building	8	2
面如土色	miàn rú tǔ sè	ashen-faced (idiom)	8	2
阴郁	yīn yù	(of skies or one's mood) gloomy	8	2
闲散	xián sǎn	laid back; leisurely; (of resources: workers, funds etc) unused; idle	8	2
铜铃	tóng líng	bell made of copper or bronze	8	2
野史	yě shǐ	unofficial history; history as popular legends	8	2
选育	xuǎn yù	seed selection; breeding	8	2
输沙量	shū shā liàng	quantity of sand (transported by a river); sediment content	8	2
身陷	shēn xiàn	to be trapped; to be imprisoned	8	2
起立	qǐ lì	to stand; Stand up!	8	2
贪欲	tān yù	greed; avarice; rapacious	8	2
计价	jì jià	to valuate; valuation	8	2
计件工资	jì jiàn gōng zī	piece rate wage; remuneration based on one's output	8	2
言官	yán guān	imperial censor	8	2
装点	zhuāng diǎn	to decorate; to dress up; to deck	8	2
裁剪	cái jiǎn	to cut out	8	2
蒙蔽	méng bì	to deceive; to hoodwink	8	2
自取	zì qǔ	to help oneself to (food); to invite (trouble); to court (disaster)	8	2
胶卷	jiāo juǎn	roll of film	8	2
胃炎	wèi yán	gastritis	8	2
胃液	wèi yè	gastric fluid	8	2
考分	kǎo fēn	grade; exam mark	8	2
翻案	fān àn	to reverse a verdict	8	2
绷紧	bēng jǐn	to stretch taut	8	2
织布机	zhī bù jī	loom	8	2
笑骂	xiào mà	to deride; to mock; (jocular) to heckle good-naturedly; to razz	8	2
积弊	jī bì	age-old (malpractice); long established (corrupt practices)	8	2
礼教	lǐ jiào	Confucian code of ethics	8	2
磨牙	mó yá	to grind one's teeth (during sleep); pointless arguing; (coll.) molar	8	2
砸烂	zá làn	to smash	8	2
砍头	kǎn tóu	to decapitate; to behead	8	2
百分	bǎi fēn	percent; percentage	8	2
白粉	bái fěn	face powder; chalk powder; heroin	8	2
病势	bìng shì	degree of seriousness of an illness; patient's condition	8	2
用词	yòng cí	usage (of a term); wording; phrasing	8	2
猎取	liè qǔ	to hunt; (fig.) to seek (fame etc)	8	2
独揽	dú lǎn	to monopolize	8	2
独居	dú jū	to live alone; to live a solitary existence	8	2
热身赛	rè shēn sài	warm-up match; a friendly	8	2
热乎乎	rè hū hū	warm; (of food) piping hot; (fig.) roused to warm feelings	8	2
烫伤	tàng shāng	to scald	8	2
清雅	qīng yǎ	refined; elegant	8	2
淡雅	dàn yǎ	simple and elegant	8	2
淋巴瘤	lín bā liú	lymphoma	8	2
正电	zhèng diàn	positive charge (electricity)	8	2
模糊不清	mó hu bù qīng	indistinct; fuzzy; blurred with age	8	2
根除	gēn chú	to eradicate	8	2
核威慑	hé wēi shè	nuclear deterrence	8	2
板状	bǎn zhuàng	board-shaped	8	2
来头	lái tóu	cause; reason; interest	8	2
晶格	jīng gé	crystal lattice (the regular 3-dimensional pattern formed by atoms in a crystal)	8	2
显性	xiǎn xìng	visible; conspicuous; phanero-	8	2
方寸	fāng cùn	square cun (Chinese unit of area: 1 cun × 1 cun, or 3⅓ cm × 3⅓ cm)	8	2
方兴未艾	fāng xīng wèi ài	flourishing and still in the ascendant (idiom); rapidly expanding	8	2
故旧	gù jiù	old friends	8	2
放哨	fàng shào	to keep watch; to do sentry duty; to be on patrol	8	2
撰稿人	zhuàn gǎo rén	author (of a manuscript)	8	2
摸底	mō dǐ	to have a clear view (of a situation); to fish for information	8	2
措词	cuò cí	wording; way of expressing something; turn of phrase	8	2
排污	pái wū	to drain sewage	8	2
拆借	chāi jiè	to make (or take out) a short-term loan	8	2
抽动	chōu dòng	to twitch; to throb; a spasm	8	2
执笔	zhí bǐ	to write; to do the actual writing	8	2
总装	zǒng zhuāng	to assemble (the finished product); final assembly	8	2
总社	zǒng shè	head office; headquarters	8	2
念诵	niàn sòng	to read out; to recite; to remember sb (while talking about sth else)	8	2
志士	zhì shì	person committed to a noble cause or ideal	8	2
心平气和	xīn píng qì hé	tranquil and even-tempered (idiom); calmly and without stress	8	2
弦乐	xián yuè	string music	8	2
干劲	gàn jìn	enthusiasm for doing sth	8	2
定购	dìng gòu	to order goods; to place an order	8	2
守夜	shǒu yè	to be on all-night duty; to be on night watch; to keep a vigil	8	2
存留	cún liú	remaining; extant	8	2
天衣无缝	tiān yī wú fèng	lit. seamless heavenly clothes (idiom); fig. flawless	8	2
大略	dà lüè	a broad outline; the general idea; roughly	8	2
壤土	rǎng tǔ	(agriculture) loam; (literary) land; territory	8	2
在野党	zài yě dǎng	opposition party	8	2
四射	sì shè	to radiate all around	8	2
善事	shàn shì	good deeds	8	2
响当当	xiǎng dāng dāng	resounding; loud; well known	8	2
哀怨	āi yuàn	grief; resentment; aggrieved	8	2
周期表	zhōu qī biǎo	periodic table (chemistry)	8	2
名目繁多	míng mù fán duō	names of many kinds (idiom); items of every description	8	2
同辈	tóng bèi	of the same generation; person of the same generation; peer	8	2
同性	tóng xìng	same nature; homosexual	8	2
同心协力	tóng xīn xié lì	to work with a common purpose (idiom); to make concerted efforts	8	2
变化多端	biàn huà duō duān	changeable; changing; varied	8	2
受宠若惊	shòu chǒng ruò jīng	overwhelmed by favor from superior (humble expr.)	8	2
取样	qǔ yàng	to take a sample	8	2
厚爱	hòu ài	to show great affection and care	8	2
副食品	fù shí pǐn	non-staple foods	8	2
刻不容缓	kè bù róng huǎn	to brook no delay; to demand immediate action	8	2
出人头地	chū rén tóu dì	to stand out among one's peers (idiom); to excel	8	2
凉意	liáng yì	a slight chill	8	2
农会	nóng huì	farmer's cooperative	8	2
冒失	mào shi	rash; impudent	8	2
公分	gōng fēn	centimeter (cm)	8	2
全身心	quán shēn xīn	wholeheartedly; (to devote oneself) heart and soul	8	2
光化学	guāng huà xué	photochemistry	8	2
先兆	xiān zhào	omen	8	2
倍感	bèi gǎn	to feel even more (lonely etc); to be extremely (sad, delighted etc)	8	2
代销	dài xiāo	to sell as agent; to sell on commission (e.g. insurance policies)	8	2
代名词	dài míng cí	pronoun; synonym; byword	8	2
五方	wǔ fāng	the five regions: the east, south, west, north and center; all parts	8	2
主讲	zhǔ jiǎng	to give a lecture; to lecture on	8	2
个人主义	gè rén zhǔ yì	individualism	8	2
丢开	diū kāi	to cast or put aside; to forget for a while	8	2
上好	shàng hǎo	first-rate; top-notch	8	2
一般性	yī bān xìng	general; generality	8	2
一口咬定	yī kǒu yǎo dìng	to arbitrarily assert; to allege; to stick to one's statement	8	2
驾驶室	jià shǐ shì	cab (of a locomotive, truck etc); driver's compartment; wheelhouse	8	2
香客	xiāng kè	Buddhist pilgrim; Buddhist worshipper	8	2
首富	shǒu fù	richest individual; top millionaire	8	2
飞腾	fēi téng	to fly swiftly upward; to soar	8	2
降服	xiáng fú	to yield; to surrender	8	2
附庸	fù yōng	vassal; dependent; subordinate	8	2
防御性	fáng yù xìng	defensive (weapons)	8	2
门径	mén jìng	access	8	2
锦囊	jǐn náng	silk brocade bag, used in ancient times to hold poetry manuscripts and other precious items	8	2
酒厂	jiǔ chǎng	wine factory; distillery	8	2
逐次	zhú cì	gradually; one after another; little by little	8	2
透亮	tòu liàng	bright; shining; translucent	8	2
迟滞	chí zhì	delay; procrastination	8	2
远走高飞	yuǎn zǒu gāo fēi	(idiom) to go far away; to flee to a distant place	8	2
过激	guò jī	drastic; extreme; aggressive	8	2
辩驳	biàn bó	to dispute; to refute	8	2
辈分	bèi fen	seniority in the family or clan; position in the family hierarchy	8	2
赋值	fù zhí	(computing, math.) to assign (a value); assignment	8	2
评委会	píng wěi huì	judging panel; panel of judges; review committee (abbr. for 評審委員會)	8	2
记分	jì fēn	to keep score	8	2
解惑	jiě huò	to dispel doubts; to clear up confusion	8	2
要饭	yào fàn	to beg (for food or money)	8	2
行政权	xíng zhèng quán	administrative authority; executive power	8	2
蛇头	shé tóu	head of a snake; human smuggler	8	2
落荒而逃	luò huāng ér táo	to flee in defeat; to bolt	8	2
苦痛	kǔ tòng	pain; suffering	8	2
膝下	xī xià	at the knee (in reference to children)	8	2
腰身	yāo shēn	waist; waistline	8	2
肺病	fèi bìng	lung disease	8	2
肉欲	ròu yù	carnal desire	8	2
耐热	nài rè	heat resistant; fireproof	8	2
缓急	huǎn jí	priority; whether sth is urgent	8	2
粉笔	fěn bǐ	chalk	8	2
空谈	kōng tán	prattle; idle chit-chat	8	2
神经质	shén jīng zhì	nervous; on edge; excitable	8	2
眼目	yǎn mù	eyes	8	2
相扑	xiāng pū	sumo wrestling; also pr.	8	2
皆大欢喜	jiē dà huān xǐ	to everyone's delight and satisfaction	8	2
生理性	shēng lǐ xìng	physiological	8	2
生理学家	shēng lǐ xué jiā	physiologist	8	2
生发	shēng fā	to emerge and grow; to develop	8	2
理工科	lǐ gōng kē	science and engineering as academic subjects	8	2
理发店	lǐ fà diàn	barbershop; hairdresser's	8	2
环礁	huán jiāo	atoll	8	2
照相馆	zhào xiàng guǎn	photo studio	8	2
热病	rè bìng	fever; pyrexia	8	2
火车票	huǒ chē piào	train ticket	8	2
清正	qīng zhèng	upright and honorable	8	2
泡茶	pào chá	to make tea	8	2
汗毛	hàn máo	hair; soft hair; down	8	2
汇市	huì shì	foreign exchange market (abbr. for 外匯市場)	8	2
水坝	shuǐ bà	dam; dike	8	2
民风	mín fēng	popular customs; folkways	8	2
母乳	mǔ rǔ	breast milk	8	2
歪歪斜斜	wāi wāi xié xié	shuddering; trembling; a trembling scrawl (of handwriting)	8	2
次长	cì zhǎng	deputy chief	8	2
梨园	lí yuán	the world of Chinese opera	8	2
查证	chá zhèng	to check; to verify	8	2
有鬼	yǒu guǐ	(fig.) to smell fishy	8	2
月末	yuè mò	end of month; late in the month	8	2
春运	chūn yùn	(increased) passenger transportation around Chinese New Year	8	2
无地自容	wú dì zì róng	(idiom) ashamed and unable to show one's face	8	2
方格	fāng gé	checked pattern	8	2
撞死	zhuàng sǐ	to knock down and kill (with a car, train etc)	8	2
撑持	chēng chí	(fig.) to sustain; to shore up	8	2
揉搓	róu cuo	to rub; to torment; to torture	8	2
推说	tuī shuō	to plead; to claim as an excuse	8	2
接合	jiē hé	to connect; to join; to assemble	8	2
探查	tàn chá	to examine; to probe; to scout out	8	2
拖车	tuō chē	to tow; towed vehicle; towing vehicle	8	2
押租	yā zū	rent deposit	8	2
报恩	bào ēn	to pay a debt of gratitude; to repay a kindness	8	2
扬名	yáng míng	to become famous; to become notorious	8	2
执委会	zhí wěi huì	executive committee (abbr. for 執行委員會)	8	2
打拼	dǎ pīn	to work hard; to try to make a living	8	2
情分	qíng fèn	mutual affection; friendship	8	2
情义	qíng yì	affection; comradeship	8	2
性关系	xìng guān xi	sexual relations; sexual contact; intercourse	8	2
得数	dé shù	(math.) numerical answer; solution	8	2
引流	yǐn liú	to draw off (liquid); (medicine) to perform a drainage procedure	8	2
异域	yì yù	foreign country; alien land	8	2
异乡	yì xiāng	foreign land; a place far from home	8	2
建功立业	jiàn gōng lì yè	to achieve or accomplish goals	8	2
幸喜	xìng xǐ	fortunately	8	2
工业国	gōng yè guó	industrialized country	8	2
州立	zhōu lì	state-run	8	2
对流层	duì liú céng	(meteorology) troposphere	8	2
对开	duì kāi	running in opposite direction (buses, trains, ferries etc)	8	2
宣示	xuān shì	to vow; to pledge	8	2
奉陪	fèng péi	(honorific) to accompany; to keep sb company	8	2
大脚	dà jiǎo	naturally-formed feet (as opposed to bound feet 小腳); long kick (soccer)	8	2
夜半	yè bàn	midnight	8	2
多糖	duō táng	polysaccharide	8	2
外线	wài xiàn	(military) line of troops encircling an enemy position	8	2
在所难免	zài suǒ nán miǎn	to be unavoidable (idiom)	8	2
哑口无言	yǎ kǒu wú yán	dumbstruck and unable to reply (idiom)	8	2
后路	hòu lù	escape route; retreat route; communication lines to the rear	8	2
叹服	tàn fú	(to gasp) with admiration	8	2
可叹	kě tàn	lamentable; sad(ly)	8	2
发卡	fā kǎ	to issue a card; (slang) to reject a guy or a girl; to chuck	8	2
卑鄙无耻	bēi bǐ wú chǐ	(idiom) shameless; despicable; devoid of integrity	8	2
升天	shēng tiān	lit. to ascend to heaven; to die	8	2
十数	shí shù	more than ten; a dozen or more	8	2
化学纤维	huà xué xiān wéi	man-made fiber	8	2
助兴	zhù xìng	to add to the fun; to liven things up	8	2
剪裁	jiǎn cái	to tailor (clothes); to trim (expenditure)	8	2
前脚	qián jiǎo	one moment ..., (the next ...); leading foot (in walking)	8	2
出谋划策	chū móu huà cè	to put forward plans and ideas (also derogatory); to give advice (idiom)	8	2
出价	chū jià	to bid	8	2
公推	gōng tuī	elected by acclamation; recommended by all	8	2
停滞不前	tíng zhì bù qián	stuck and not moving forward (idiom); stagnant; in a rut	8	2
会客室	huì kè shì	parlor	8	2
价值连城	jià zhí lián chéng	invaluable; priceless	8	2
亲历	qīn lì	to personally experience	8	2
交与	jiāo yǔ	to hand over	8	2
五体投地	wǔ tǐ tóu dì	to prostrate oneself in admiration (idiom); to adulate sb	8	2
事关重大	shì guān zhòng dà	the implications are profound; the ramifications are huge	8	2
乘虚	chéng xū	to take advantage of weakness	8	2
中等教育	zhōng děng jiào yù	secondary education	8	2
业经	yè jīng	already	8	2
不绝于耳	bù jué yú ěr	(of sound) to never stop; to fall incessantly on the ear; to linger on	8	2
不三不四	bù sān bù sì	(idiom) dubious; shady; neither one thing nor the other; neither fish nor fowl; nondescript	8	2
一般来讲	yī bān lái jiǎng	generally speaking	8	2
一尘不染	yī chén bù rǎn	(idiom) untainted by even a speck of dust; spotlessly clean; (of a person) honest; incorruptible	8	2
麻子	má zi	pockmark	8	2
香草	xiāng cǎo	aromatic herb; vanilla; alternative name for Eupatorium fortunei	8	2
饭局	fàn jú	dinner party; banquet	8	2
食言	shí yán	to break one's promise	8	2
风平浪静	fēng píng làng jìng	lit. breeze is still, waves are quiet (idiom); tranquil environment	8	2
音高	yīn gāo	pitch (music); tone	8	2
闺阁	guī gé	lady's chamber	8	2
错失	cuò shī	fault; mistake; to miss (a chance)	8	2
钢琴家	gāng qín jiā	pianist	8	2
重罪	zhòng zuì	serious crime; felony	8	2
酒意	jiǔ yì	tipsy feeling	8	2
递归	dì guī	recursion; recursive (calculation); recurrence	8	2
逆向	nì xiàng	backwards; reverse direction	8	2
送葬	sòng zàng	to participate in funeral procession; to attend a burial	8	2
送死	sòng sǐ	to throw away one's life	8	2
转制	zhuǎn zhì	to convert; to reprocess; to turn (sth) into	8	2
车辙	chē zhé	wheel rut; vehicle track	8	2
超生	chāo shēng	(Buddhism) to be reincarnated; (fig.) to be lenient; to spare sb	8	2
赴任	fù rèn	to travel to take up a new post	8	2
赞颂	zàn sòng	to bless; to praise	8	2
费事	fèi shì	troublesome; to take a lot of trouble to do sth	8	2
贱民	jiàn mín	social stratum below the level of ordinary people; untouchable	8	2
著书	zhù shū	to write a book	8	2
苍劲	cāng jìng	(of a tree) old and strong; (of calligraphy or painting) bold; vigorous	8	2
舞弊	wǔ bì	to engage in fraud	8	2
舆论界	yú lùn jiè	media; commentators	8	2
自慰	zì wèi	to console oneself; to masturbate; onanism	8	2
编年史	biān nián shǐ	annals; chronicle	8	2
纺车	fǎng chē	spinning wheel	8	2
纳粮	nà liáng	to pay taxes in kind (rice, cloth etc)	8	2
紫菜	zǐ cài	edible seaweed of genus Porphyra or genus Pyropia, esp. one used to make dried sheets of nori	8	2
等不及	děng bù jí	can't wait	8	2
竖井	shù jǐng	vertical shaft (for mining, ventilation systems etc)	8	2
稀世	xī shì	rare	8	2
破片	pò piàn	fragment; shard	8	2
矫捷	jiǎo jié	vigorous and nimble; athletic	8	2
真心实意	zhēn xīn shí yì	(idiom) genuine; sincere; wholehearted	8	2
目录学	mù lù xué	bibliography	8	2
病毒性	bìng dú xìng	viral	8	2
生事	shēng shì	to make trouble	8	2
犯上作乱	fàn shàng zuò luàn	to rebel against the emperor (idiom)	8	2
滴水不漏	dī shuǐ bù lòu	lit. not one drop of water can leak out; watertight; rigorous (argument)	8	2
流变	liú biàn	to flow and change; development and change (of society)	8	2
洋房	yáng fáng	Western-style house	8	2
毛孔	máo kǒng	pore	8	2
梯形	tī xíng	trapezoid; ladder-shaped; terraced	8	2
核子	hé zǐ	nuclear; nucleus	8	2
本本	běn běn	notebook computer (diminutive); laptop	8	2
既是	jì shì	is both ...(and...); since; as	8	2
方差	fāng chā	variance (statistics)	8	2
敲定	qiāo dìng	to come to a decision; to fix on (a date etc); to determine	8	2
攀枝花	pān zhī huā	kapok (tree)	8	2
操办	cāo bàn	to arrange matters	8	2
推心置腹	tuī xīn zhì fù	to give one's bare heart into sb else's keeping (idiom); sb has one's absolute confidence	8	2
排山倒海	pái shān dǎo hǎi	lit. to topple the mountains and overturn the seas (idiom); earth-shattering	8	2
报以	bào yǐ	to give in return	8	2
扫视	sǎo shì	to run one's eyes over; to sweep one's eyes over	8	2
打坐	dǎ zuò	to sit in meditation; to meditate	8	2
成瘾	chéng yǐn	to be addicted; addiction	8	2
感激不尽	gǎn jī bù jìn	can't thank sb enough (idiom)	8	2
惹祸	rě huò	to stir up trouble; to invite disaster	8	2
恋战	liàn zhàn	to zealously continue fighting	8	2
归并	guī bìng	to put together; to add; to merge	8	2
引线	yǐn xiàn	fuse (for an explosive device); electrical lead; intermediary	8	2
开掘	kāi jué	to dig; to excavate	8	2
应验	yìng yàn	to come true; to come about as predicted; to be fulfilled	8	2
尿酸	niào suān	uric acid	8	2
少尉	shào wèi	second lieutenant (army rank)	8	2
威吓	wēi hè	to threaten; to intimidate; to cow	8	2
套用	tào yòng	to apply (sth hitherto used in a different context)	8	2
套子	tào zi	sheath; case; cover	8	2
大敌当前	dà dí dāng qián	(idiom) to be faced with a formidable enemy	8	2
大失所望	dà shī suǒ wàng	greatly disappointed	8	2
多项式	duō xiàng shì	(math.) polynomial; multinomial	8	2
复议	fù yì	to reconsider	8	2
堂皇	táng huáng	imposing; grand	8	2
垂死	chuí sǐ	dying	8	2
坡道	pō dào	road on a slope; inclined path; ramp	8	2
听闻	tīng wén	to listen; to hear what sb says; news one has heard	8	2
可怜见	kě lián jiàn	(coll.) pitiable; to have pity on sb	8	2
反转	fǎn zhuǎn	reversal; inversion; to reverse	8	2
厚薄	hòu báo	thickness; also pr.	8	2
卷心菜	juǎn xīn cài	cabbage (Brassica oleracea var. capitata) (CL:棵)	8	2
包涵	bāo han	to excuse; to forgive; to bear with; to be tolerant	8	2
动产	dòng chǎn	movable property; personal property	8	2
加法	jiā fǎ	addition	8	2
前夜	qián yè	the eve; the night before	8	2
删去	shān qù	to delete	8	2
初始化	chū shǐ huà	(computing) to initialize; initialization	8	2
分拆	fèn chāi	to separate off; to hive off; a demerger	8	2
出生地	chū shēng dì	birthplace	8	2
冷嘲热讽	lěng cháo rè fěng	frigid irony and scorching satire (idiom); to mock and ridicule	8	2
冲压	chòng yā	to stamp; to press (sheet metal); Taiwan pr.	8	2
再犯	zài fàn	to re-offend; repeat offender; recidivist	8	2
养父	yǎng fù	foster father; adoptive father	8	2
偿命	cháng mìng	to pay with one's life	8	2
停息	tíng xī	to stop; to cease	8	2
信不过	xìn bù guò	to distrust; to be suspicious	8	2
便服	biàn fú	everyday clothes; informal dress; civilian clothes	8	2
传热	chuán rè	to transmit heat	8	2
仿造	fǎng zào	to copy; to produce sth after a model; to counterfeit	8	2
价款	jià kuǎn	cost	8	2
主楼	zhǔ lóu	main building	8	2
丘脑	qiū nǎo	thalamus	8	2
不齿	bù chǐ	to despise; to hold in contempt	8	2
一气呵成	yī qì hē chéng	to do something at one go; to flow smoothly	8	2
一无所获	yī wú suǒ huò	to gain nothing; to end up empty-handed	8	2
龙椅	lóng yǐ	the Dragon Throne; the imperial throne	8	2
马队	mǎ duì	cavalry; caravan of horses carrying goods	8	2
风骚	fēng sāo	literary excellence; flirtatious behavior	8	2
风能	fēng néng	wind power	8	2
风云变幻	fēng yún biàn huàn	changeable situation (idiom)	8	2
通融	tōng róng	flexible; to accommodate; to stretch or get around regulations	8	2
违禁	wéi jìn	to violate a prohibition or ban; prohibited; illicit	8	2
迁延	qiān yán	long delay	8	2
败血症	bài xuè zhèng	septicaemia	8	2
谈判桌	tán pàn zhuō	conference table	8	2
订票	dìng piào	to book tickets; to issue tickets	8	2
落伍	luò wǔ	to fall behind the ranks; to be outdated	8	2
苦味	kǔ wèi	bitter taste; bitterness	8	2
自娱	zì yú	to amuse oneself	8	2
腾空而起	téng kōng ér qǐ	(idiom) to rise into the air	8	2
脱壳	tuō ké	to break out of an eggshell; to molt; to remove the husk	8	2
脑电图	nǎo diàn tú	electroencephalogram (EEG)	8	2
肃反	sù fǎn	to eliminate counterrevolutionaries (abbr. for 肅清反革命分子)	8	2
羔羊	gāo yáng	sheep; lamb	8	2
美色	měi sè	charm; loveliness (of a woman)	8	2
绽开	zhàn kāi	to burst forth	8	2
绝密	jué mì	top secret	8	2
粗野	cū yě	insolent; boorish; rough (in actions)	8	2
空空荡荡	kōng kōng dàng dàng	deserted	8	2
示例	shì lì	to illustrate; typical example	8	2
砖窑	zhuān yáo	brick kiln	8	2
砂石	shā shí	sandstone; sand and stone; aggregate	8	2
知己知彼	zhī jǐ zhī bǐ	know yourself, know your enemy (idiom, from Sunzi's "The Art of War" 孫子兵法)	8	2
着眼点	zhuó yǎn diǎn	place of interest; a place one has one's eye on	8	2
眼底	yǎn dǐ	fundus of the eye (containing the choroid, retina, optic nerve etc)	8	2
癌变	ái biàn	to become cancerous; transformation to malignancy (of body cells)	8	2
疲于奔命	pí yú bēn mìng	(idiom) terribly busy; up to one's ears in work	8	2
玉门	yù mén	(literary) vaginal opening; vulva	8	2
猪头	zhū tóu	pig head; (coll.) fool; jerk	8	2
独霸	dú bà	to dominate (a market etc); to monopolize	8	2
爱将	ài jiàng	trusted lieutenant	8	2
烟酒	yān jiǔ	tobacco and alcohol	8	2
烂熟	làn shú	(of fruit) fully ripe; overripe; (of food) cooked until very soft	8	2
滑头	huá tóu	crafty; slippery; slyboots	8	2
游轮	yóu lún	cruise ship	8	2
深呼吸	shēn hū xī	to take a deep breath	8	2
死路一条	sǐ lù yī tiáo	(idiom) dead end; road to ruin	8	2
桃红	táo hóng	pink	8	2
栖息地	qī xī dì	habitat	8	2
架不住	jià bu zhù	(coll.) unable to withstand; cannot bear; can't stand it	8	2
杂费	zá fèi	incidental costs; sundries; extras	8	2
未婚妻	wèi hūn qī	fiancée	8	2
木柴	mù chái	firewood	8	2
更新换代	gēng xīn huàn dài	reform and renewal; generational change	8	2
映衬	yìng chèn	to set off by contrast; antithesis; analogy parallelism (linguistics)	8	2
斥骂	chì mà	to scold	8	2
教研	jiào yán	teaching and research (abbr. for 教學研究)	8	2
提要	tí yào	summary; abstract	8	2
排入	pái rù	to discharge into	8	2
按理	àn lǐ	according to reason; in the ordinary course of events; normally	8	2
拖泥带水	tuō ní dài shuǐ	(idiom) muddy and wet	8	2
扩编	kuò biān	to expand (esp. by new recruitment); to increase the army; to augment	8	2
打抱不平	dǎ bào bù píng	(idiom) to aid sb suffering an injustice; to fight for justice	8	2
才学	cái xué	talent and learning; scholarship	8	2
意中人	yì zhōng rén	sweetheart; one's true love; the person of one's thoughts	8	2
惹恼	rě nǎo	to make sb angry	8	2
恨之入骨	hèn zhī rù gǔ	to hate sb to the bone (idiom)	8	2
异种	yì zhǒng	hetero-; variety	8	2
开创性	kāi chuàng xìng	innovative	8	2
席子	xí zi	woven mat	8	2
尘封	chén fēng	covered in dust; dusty; lying unused for a long time	8	2
宿命	sù mìng	predestination; karma	8	2
太常	tài cháng	minister of ceremonies in imperial China	8	2
大白	dà bái	(of facts or truth) to become fully revealed; to come to light	8	2
大数	dà shù	a large number	8	2
外相	wài xiàng	Foreign Minister	8	2
声部	shēng bù	part (in multipart instrumental or choral music), such as the soprano part or bass part	8	2
圆筒	yuán tǒng	circular cylinder; drum	8	2
圆桌	yuán zhuō	round table	8	2
呼号	hū háo	to wail; to cry out in distress	8	2
后花园	hòu huā yuán	backyard garden	8	2
各得其所	gè dé qí suǒ	(idiom) each in the correct place; each is provided for	8	2
口头禅	kǒu tóu chán	Zen saying repeated as cant	8	2
叔祖	shū zǔ	grandfather's younger brother	8	2
发财致富	fā cái zhì fù	to become rich; enrichment	8	2
原产地	yuán chǎn dì	original source; place of origin; provenance	8	2
单车	dān chē	(coll.) bicycle; bike (esp. in Hong Kong, Taiwan and southern China and, more generally, used across China to refer to a bike-share bicycle)	8	2
勉为其难	miǎn wéi qí nán	to tackle a difficult job (idiom); to do sth reluctantly	8	2
势在必行	shì zài bì xíng	circumstances require action (idiom); absolutely necessary; imperative	8	2
副本	fù běn	copy; duplicate; transcript	8	2
公民权	gōng mín quán	civil rights; citizenship rights	8	2
全员	quán yuán	all personnel; the whole staff	8	2
俗家	sú jiā	layman; layperson; original home of a monk	8	2
伸开	shēn kāi	to stretch out (one's arms or legs etc)	8	2
传讯	chuán xùn	(law) to summon (a witness); to subpoena; to arraign (an offender)	8	2
仰仗	yǎng zhàng	to rely on; to depend on	8	2
代偿	dài cháng	(medical) compensation	8	2
人来人往	rén lái rén wǎng	(idiom) people coming and going; bustling with activity	8	2
亏空	kuī kōng	in debt; in the red; in deficit	8	2
事业心	shì yè xīn	devotion to one's work; professional ambition	8	2
买票	mǎi piào	to buy tickets; (Tw) to buy votes (in an election)	8	2
乘隙	chéng xì	to seize an opportunity; to exploit (a loophole)	8	2
乘以	chéng yǐ	(math.) multiplied with	8	2
乌合之众	wū hé zhī zhòng	(idiom) rabble; disorderly band	8	2
中间派	zhōng jiān pài	moderate faction; party of compromise; middle ground	8	2
一笔勾销	yī bǐ gōu xiāo	to write off at one stroke	8	2
馅饼	xiàn bǐng	meat pie; pie; pasty	8	2
食疗	shí liáo	(TCM) food therapy; treatment via food	8	2
革除	gé chú	to eliminate; to expel; to abolish	8	2
降雪	jiàng xuě	to snow; snowfall	8	2
问讯	wèn xùn	interrogation; greeting	8	2
长期性	cháng qī xìng	long-term	8	2
铺面	pū miàn	paving; pavement	8	2
重剑	zhòng jiàn	épée (fencing)	8	2
连败	lián bài	consecutive defeats; to lose several times in a row	8	2
还俗	huán sú	to return to normal life (leaving a monastic order)	8	2
过得去	guò dé qù	lit. can pass through (an opening); fig. can get by (in life)	8	2
路向	lù xiàng	road direction; (fig.) direction; path	8	2
贵妇	guì fù	upper-class woman; lady (old)	8	2
负电	fù diàn	negative electric charge	8	2
调频	tiáo pín	frequency modulation; FM	8	2
议决	yì jué	to decide (in a meeting); to resolve (i.e. pass a resolution)	8	2
表叔	biǎo shū	son of grandfather's sister; son of grandmother's brother or sister	8	2
衣柜	yī guì	wardrobe; armoire	8	2
血脂	xuè zhī	blood lipid	8	2
血汗	xuè hàn	(fig.) sweat and toil; hard work	8	2
血亲	xuè qīn	kin; blood relation	8	2
虚报	xū bào	to misreport; fraudulent report	8	2
草酸	cǎo suān	oxalic acid C2H2O4	8	2
艺术馆	yì shù guǎn	art gallery; museum of art	8	2
航展	háng zhǎn	air show	8	2
致信	zhì xìn	to send a letter to	8	2
至诚	zhì chéng	sincere	8	2
臭骂	chòu mà	tongue-lashing; to chew out	8	2
自拔	zì bá	to free oneself; to extricate oneself from a difficult situation	8	2
腹水	fù shuǐ	(medicine) ascites; ascitic fluid; hydroperitoneum	8	2
脱产	tuō chǎn	to transfer (from production to other duties)	8	2
胜者	shèng zhě	winner	8	2
肉身	ròu shēn	corporeal body	8	2
耳根	ěr gēn	base of the ear; ear; (Buddhism) sense of hearing	8	2
编选	biān xuǎn	to select and edit; to compile	8	2
纹路	wén lù	veined pattern; wrinkles; vein lines (in marble or fingerprint)	8	2
箭步	jiàn bù	sudden big stride forward	8	2
等位	děng wèi	(physics) equipotential	8	2
穷尽	qióng jìn	to use up; to exhaust; to probe to the bottom	8	2
稿费	gǎo fèi	author's remuneration	8	2
神采飞扬	shén cǎi fēi yáng	in high spirits (idiom); glowing with health and vigor	8	2
神经性	shén jīng xìng	neural; mental; neurological	8	2
相熟	xiāng shú	to be familiar with one another; to know each other well	8	2
疗养院	liáo yǎng yuàn	sanatorium	8	2
热度	rè dù	level of heat; (fig.) zeal; fervor	8	2
溢价	yì jià	premium; to charge or pay a premium	8	2
流行病学	liú xíng bìng xué	epidemiology	8	2
洪水期	hóng shuǐ qī	flood season	8	2
歇宿	xiē sù	to lodge; to stay (for the night)	8	2
案板	àn bǎn	kneading or chopping board	8	2
未决	wèi jué	as yet undecided; unsolved; still outstanding	8	2
木棉	mù mián	cotton tree (Bombax ceiba)	8	2
有心人	yǒu xīn rén	resolute person; person with aspirations; people who feel	8	2
时势	shí shì	current situation; circumstances; current trend	8	2
拨动	bō dòng	to stir; to prod; to poke	8	2
招摇	zhāo yáo	to rock back and forth; (fig.) to act ostentatiously; to brag	8	2
披头散发	pī tóu sàn fà	with dishevelled hair (idiom); with one's hair down	8	2
技战术	jì zhàn shù	skillful execution and strategic planning; technical and tactical skills (abbr. for 技術 + 戰術)	8	2
扭伤	niǔ shāng	a sprain; a crick; to sprain	8	2
手抄本	shǒu chāo běn	manuscript copy of a book (before the printing press)	8	2
手劲	shǒu jìn	grip strength; hand strength	8	2
意趣	yì qù	interest; point of particular charm and interest	8	2
忍让	rěn ràng	to exercise forbearance; patient and accommodating	8	2
心乱如麻	xīn luàn rú má	one's thoughts in a whirl (idiom); confused; disconcerted; upset	8	2
当权者	dāng quán zhě	ruler; those in power; the authorities	8	2
强横	qiáng hèng	surly and unreasoning; bullying; tyrannical	8	2
弓箭手	gōng jiàn shǒu	archer	8	2
干净利落	gān jìng lì luo	squeaky clean; neat and tidy; efficient	8	2
展宽	zhǎn kuān	to widen	8	2
宠臣	chǒng chén	favored minister	8	2
守则	shǒu zé	rules; regulations	8	2
威权	wēi quán	authority; power; authoritarianism	8	2
姑子	gū zi	husband's sister; (coll.) Buddhist nun	8	2
奇闻	qí wén	bizarre anecdote; extraordinary piece of news	8	2
大开眼界	dà kāi yǎn jiè	(idiom) to broaden one's horizons greatly	8	2
多姿多彩	duō zī duō cǎi	diversity (of forms and colors)	8	2
基本点	jī běn diǎn	key point; crux; (finance) basis point	8	2
地震带	dì zhèn dài	seismic zone; earthquake belt	8	2
圣像	shèng xiàng	holy image (of Buddha or Jesus Christ etc)	8	2
困顿	kùn dùn	fatigued; exhausted; poverty-stricken	8	2
哲人	zhé rén	wise man	8	2
呼气	hū qì	to breathe out	8	2
同理	tóng lǐ	for the same reason	8	2
同心同德	tóng xīn tóng dé	of one mind (idiom)	8	2
句式	jù shì	sentence pattern; sentence structure; syntax	8	2
叛逃	pàn táo	to defect	8	2
发霉	fā méi	to become moldy	8	2
参天	cān tiān	(of a tree etc) to reach up to the sky	8	2
十二分	shí èr fēn	exceedingly; hundred percent; everything and more	8	2
势利	shì lì	snobbish	8	2
励精图治	lì jīng tú zhì	(of a ruler) to strive to make one's nation strong and prosperous (idiom)	8	2
公堂	gōng táng	law court; hall (in castle)	8	2
全局性	quán jú xìng	global	8	2
允诺	yǔn nuò	to promise; to consent (to do sth)	8	2
倒换	dǎo huàn	to take turns; to rotate (responsibility)	8	2
俊秀	jùn xiù	well-favored; elegant; pretty	8	2
侦探	zhēn tàn	detective; to do detective work	8	2
会集	huì jí	to come together; to assemble	8	2
休养生息	xiū yǎng shēng xī	to recover; to recuperate	8	2
任内	rèn nèi	period in office	8	2
亲朋	qīn péng	relatives and friends	8	2
不知好歹	bù zhī hǎo dǎi	unable to differentiate good from bad (idiom)	8	2
不择手段	bù zé shǒu duàn	by fair means or foul; by hook or by crook; unscrupulously	8	2
下唇	xià chún	lower lip	8	2
上首	shàng shǒu	seat of honor; first place	8	2
三两	sān liǎng	two or three	8	2
一望无际	yī wàng wú jì	as far as the eye can see (idiom)	8	2
黄壤	huáng rǎng	yellow soil (acidic, iron-rich soil of tropical and subtropical regions)	8	2
高远	gāo yuǎn	lofty	8	2
顿然	dùn rán	suddenly; abruptly	8	2
雷管	léi guǎn	detonator; fuse	8	2
零乱	líng luàn	in disorder; a complete mess	8	2
门柱	mén zhù	doorpost	8	2
酷热	kù rè	torrid heat	8	2
迟误	chí wù	to delay; to procrastinate	8	2
连环画	lián huán huà	lianhuanhua (graphic novel)	8	2
还贷	huán dài	to repay a loan	8	2
轻取	qīng qǔ	to beat easily; to gain an easy victory	8	2
身段	shēn duàn	a woman's physique; figure; posture on stage	8	2
路线图	lù xiàn tú	route map; (lit. and fig.) roadmap	8	2
起跳	qǐ tiào	(athletics) to take off (at the start of a jump)	8	2
象形文字	xiàng xíng wén zì	pictogram; hieroglyph	8	2
话语权	huà yǔ quán	ability to have one's say and be listened to; influence; clout	8	2
评书	píng shū	pingshu, a folk art where a single performer narrates stories from history or fiction	8	2
西式	xī shì	Western style	8	2
苛求	kē qiú	demanding	8	2
肝硬化	gān yìng huà	cirrhosis	8	2
翻盘	fān pán	to make a comeback	8	2
羊羔	yáng gāo	lamb	8	2
缘起	yuán qǐ	to originate; origin; genesis; account of the origins of an endeavor	8	2
绣花鞋	xiù huā xié	embroidered shoes	8	2
终身大事	zhōng shēn dà shì	major turning point of lifelong import (esp. marriage)	8	2
紧逼	jǐn bī	to press hard; to close in on	8	2
紧身	jǐn shēn	skintight	8	2
简单化	jiǎn dān huà	simplification; to simplify	8	2
硬木	yìng mù	hardwood	8	2
着数	zhāo shù	move (in chess, on stage, in martial arts); gambit; trick	8	2
真传	zhēn chuán	authentic tradition; handed-down teachings or techniques	8	2
盛誉	shèng yù	flourishing reputation	8	2
瘫软	tān ruǎn	limp; weak	8	2
畸变	jī biàn	distortion; aberration	8	2
理想化	lǐ xiǎng huà	to idealize	8	2
球衣	qiú yī	jersey (for a ball sport)	8	2
清闲	qīng xián	idle; leisurely	8	2
淡忘	dàn wàng	to gradually forget as time passes; to have (sth) fade from one's memory	8	2
浇灌	jiāo guàn	to water; to irrigate	8	2
汤药	tāng yào	tisane; decoction (Chinese medicine)	8	2
汇演	huì yǎn	joint performance	8	2
水柱	shuǐ zhù	stream of water (as from a fountain or a faucet); jet of water	8	2
气道	qì dào	flue; air duct; air passage	8	2
正方形	zhèng fāng xíng	square	8	2
本题	běn tí	the subject under discussion; the point at issue	8	2
更衣	gēng yī	to change clothes; to go to the toilet (euphemism)	8	2
更有甚者	gèng yǒu shèn zhě	furthermore (idiom)	8	2
暴风	bào fēng	windstorm; (meteorology) storm (force 11 wind)	8	2
暗河	àn hé	underground river	8	2
易事	yì shì	easy task	8	2
方向性	fāng xiàng xìng	directionality (molecular biology)	8	2
数种	shù zhǒng	numerous types; many kinds	8	2
政教	zhèng jiào	church and state; government and education; political education	8	2
接下	jiē xià	to take on (a responsibility)	8	2
挨骂	ái mà	to receive a scolding	8	2
挥师	huī shī	in command of the army	8	2
挑明	tiǎo míng	to illuminate; to open up (a topic)	8	2
拾遗	shí yí	to pocket a lost article; (fig.) to correct others' errors	8	2
拍卖会	pāi mài huì	auction	8	2
抹杀	mǒ shā	to erase; to cover traces; to obliterate evidence	8	2
报捷	bào jié	report a success; announce a victory	8	2
批阅	pī yuè	to read through to evaluate; to referee	8	2
愤激	fèn jī	indignant; outraged	8	2
感化	gǎn huà	corrective influence; to reform (a criminal); redemption (of a sinner)	8	2
恶言	è yán	evil tongue; malicious talk	8	2
总则	zǒng zé	general rules; general principles; general provisions	8	2
律诗	lǜ shī	regular verse	8	2
彻骨	chè gǔ	to the bone; to the marrow; fig. to a very large degree	8	2
彩旗	cǎi qí	colored flag	8	2
开外	kāi wài	over and above (some amount); beyond (budget)	8	2
布料	bù liào	fabric; cloth; material (for making clothing, curtains etc)	8	2
岔子	chà zi	branch road; setback; accident	8	2
尽职	jìn zhí	to discharge one's duties; conscientious	8	2
尽如人意	jìn rú rén yì	(idiom) to be everything one could wish for	8	2
尖子	jiān zi	best of its kind; cream of the crop	8	2
封锁线	fēng suǒ xiàn	blockade line; cordon	8	2
守势	shǒu shì	defensive position; guard	8	2
大肠杆菌	dà cháng gǎn jūn	Escherichia coli (E. coli)	8	2
大肚子	dà dù zi	pregnant; potbelly; big eater	8	2
大号	dà hào	(music) tuba; (of clothes, print etc) large size; large format	8	2
多姿	duō zī	many postures	8	2
坟头	fén tóu	burial mound	8	2
地穴	dì xué	pit; burrow; crypt	8	2
国难	guó nàn	national calamity	8	2
四面体	sì miàn tǐ	tetrahedron	8	2
四边	sì biān	four sides	8	2
名下	míng xià	under sb's name	8	2
合子	hé zǐ	zygote (biology)	8	2
古树	gǔ shù	tree that is over 100 years old	8	2
古旧	gǔ jiù	archaic	8	2
变脸	biàn liǎn	to turn hostile suddenly	8	2
受训	shòu xùn	to receive training	8	2
发明者	fā míng zhě	inventor	8	2
卧倒	wò dǎo	to lie down; to drop to the ground	8	2
升官发财	shēng guān fā cái	to be promoted and gain wealth (idiom)	8	2
医书	yī shū	medical book	8	2
加封	jiā fēng	to seal up (a door with a paper seal, or a document)	8	2
刻板	kè bǎn	stiff; inflexible; mechanical	8	2
刮脸	guā liǎn	to shave one's face	8	2
划转	huà zhuǎn	to transfer (funds, assets etc)	8	2
分内	fèn nèi	within one's area of responsibility	8	2
再则	zài zé	moreover; besides	8	2
关涉	guān shè	to relate (to); to concern; to involve	8	2
先驱者	xiān qū zhě	pioneer; trailblazer	8	2
先锋队	xiān fēng duì	vanguard	8	2
僵直	jiāng zhí	stiff; rigid; inflexible	8	2
停办	tíng bàn	to shut down; to terminate; to cancel	8	2
借势	jiè shì	to borrow sb's authority; to seize an opportunity	8	2
休战	xiū zhàn	armistice	8	2
人寿保险	rén shòu bǎo xiǎn	life insurance	8	2
产油国	chǎn yóu guó	oil-producing countries	8	2
丑八怪	chǒu bā guài	ugly person	8	2
不逊	bù xùn	rude; impertinent	8	2
不紧不慢	bù jǐn bù màn	(idiom) to take one's time; unhurried; leisurely	8	2
下摆	xià bǎi	hem of a skirt; shirt tail	8	2
香喷喷	xiāng pēn pēn	delicious; savory	8	2
飞鱼	fēi yú	flying fish	8	2
露宿	lù sù	to sleep outdoors; to spend the night in the open	8	2
震中	zhèn zhōng	earthquake epicenter	8	2
限价	xiàn jià	limit on price	8	2
阴囊	yīn náng	scrotum	8	2
链球菌	liàn qiú jūn	streptococcus (genus of bacteria)	8	2
铁环	tiě huán	an iron ring	8	2
钻机	zuàn jī	drilling machine	8	2
野狗	yě gǒu	wild dog; feral dog; stray dog	8	2
里应外合	lǐ yìng wài hé	to coordinate outside and inside offensives (idiom)	8	2
释然	shì rán	relieved; at ease; feel relieved	8	2
遣散	qiǎn sàn	to disband; to dismiss; demobilization	8	2
通电	tōng diàn	to set up an electric circuit; to electrify; to switch on	8	2
进退两难	jìn tuì liǎng nán	no room to advance or to retreat (idiom); without any way out of a dilemma	8	2
轮作	lún zuò	rotation of crops (to preserve fertility of soil)	8	2
身先士卒	shēn xiān shì zú	to fight at the head of one's troops; (fig.) to take the lead	8	2
踩踏	cǎi tà	to trample on	8	2
走火入魔	zǒu huǒ rù mó	to be obsessed with sth; to go overboard	8	2
赏月	shǎng yuè	to admire the full moon	8	2
议会制	yì huì zhì	parliamentary system	8	2
言听计从	yán tīng jì cóng	to see, hear and obey (idiom); to take advice; to take sb at his word	8	2
装运	zhuāng yùn	to ship; shipment	8	2
血尿	xuè niào	hematuria	8	2
舞蹈家	wǔ dǎo jiā	dancer	8	2
脉门	mài mén	inner side of the wrist, where the pulse is felt	8	2
聪颖	cōng yǐng	smart; intelligent	8	2
聚散	jù sàn	coming together and separating; aggregation and dissipation	8	2
置业	zhì yè	to buy real estate	8	2
网罗	wǎng luó	net for fishing or bird catching; (fig.) fetters	8	2
绿树	lǜ shù	trees; greenery	8	2
结案	jié àn	to conclude a case; to wind up	8	2
纯金	chún jīn	pure gold	8	2
窃窃私语	qiè qiè sī yǔ	(idiom) to whisper; to speak in whispers	8	2
空地导弹	kōng dì dǎo dàn	air-to-surface missile	8	2
稽核	jī hé	to audit; to verify; to examine	8	2
神经衰弱	shén jīng shuāi ruò	nervous exhaustion; neurasthenia; mental breakdown (often used to describe what is now understood to be clinical depression)	8	2
磁头	cí tóu	magnetic head (of a tape recorder etc)	8	2
眉宇	méi yǔ	(literary) forehead; (literary) countenance; features	8	2
相帮	xiāng bāng	to help one another; to aid	8	2
目击	mù jī	to see with one's own eyes; to witness	8	2
甚或	shèn huò	so much so that; to the extent that; even	8	2
牛棚	niú péng	cowshed	8	2
照理	zhào lǐ	according to reason; usually; in the normal course of events	8	2
烧水	shāo shuǐ	to heat water; to boil water	8	2
滴溜溜	dī liū liū	whirling; spinning around and around; round and plump (e.g. of fruit)	8	2
溶化	róng huà	to melt; to dissolve (of sugar etc)	8	2
海胆	hǎi dǎn	(zoology) sea urchin	8	2
流毒	liú dú	to spread poison; pernicious influence	8	2
注销	zhù xiāo	to cancel; to annul; to deregister; (accounting) to write off	8	2
水沟	shuǐ gōu	gutter; sewer	8	2
水力发电	shuǐ lì fā diàn	hydroelectricity	8	2
欲绝	yù jué	heartbroken; inconsolable	8	2
橙色	chéng sè	orange (color)	8	2
杂食	zá shí	omnivorous (zoology); snacks; a varied diet	8	2
普通股	pǔ tōng gǔ	common stock	8	2
昂扬	áng yáng	elated; high-spirited; uplifting (music)	8	2
旅社	lǚ shè	hotel; hostel	8	2
料事如神	liào shì rú shén	to prophesy with supernatural accuracy (idiom)	8	2
攻心	gōng xīn	to mount a psychological attack; to try to demoralize	8	2
摩拳擦掌	mó quán cā zhǎng	fig. to rub one's fists and wipe one's palms (idiom)	8	2
摆渡	bǎi dù	ferry	8	2
提花	tí huā	Jacquard weave (machine weaving leaving protruding pattern)	8	2
掠取	lüè qǔ	to plunder; to pillage; to loot	8	2
指挥家	zhǐ huī jiā	(music) conductor	8	2
把玩	bǎ wán	to turn around in one's hands; to play with; to fiddle with	8	2
打垮	dǎ kuǎ	to defeat; to strike down; to destroy	8	2
所见所闻	suǒ jiàn suǒ wén	what one hears and sees (idiom)	8	2
成批	chéng pī	in batches; in bulk	8	2
情书	qíng shū	love letter	8	2
思潮起伏	sī cháo qǐ fú	thoughts surging in one's mind (idiom)	8	2
当仁不让	dāng rén bù ràng	to be unwilling to pass on one's responsibilities to others	8	2
异形	yì xíng	not the usual type; atypical; heterotype	8	2
异味	yì wèi	unpleasant odor	8	2
开具	kāi jù	to draw up (a document)	8	2
巡游	xún yóu	to cruise; to patrol	8	2
山药	shān yao	Chinese yam (Dioscorea polystachya); (dialect) sweet potato	8	2
山茶	shān chá	camellia	8	2
展位	zhǎn wèi	relative position of exhibition booth	8	2
尽兴	jìn xìng	to enjoy oneself to the full; to one's heart's content	8	2
尖刻	jiān kè	caustic; biting; piquant	8	2
密谈	mì tán	commune; private discussion	8	2
子集	zǐ jí	(math.) subset	8	2
娇羞	jiāo xiū	bashful; shy; shyness	8	2
头盖骨	tóu gài gǔ	skull; cranium	8	2
夏历	xià lì	the traditional Chinese lunar calendar	8	2
垂柳	chuí liǔ	weeping willow (Salix babylonica)	8	2
地地道道	dì dì dào dào	thoroughgoing; authentic; 100%	8	2
圣殿	shèng diàn	temple	8	2
圈圈	quān quan	to draw a circle; cliques; circles	8	2
圆周	yuán zhōu	circumference; circle	8	2
哭闹	kū nào	to bawl, disturbing others	8	2
后半生	hòu bàn shēng	latter half of one's life	8	2
同龄	tóng líng	of the same age	8	2
号子	hào zi	work chant; prison cell; type	8	2
发电站	fā diàn zhàn	power station	8	2
发令	fā lìng	to issue an order	8	2
反射镜	fǎn shè jìng	reflector	8	2
双倍	shuāng bèi	twofold; double	8	2
半死不活	bàn sǐ bù huó	(idiom) half-dead; barely alive; (idiom) listless	8	2
刷卡	shuā kǎ	to use a credit card (or swipe card, smart card etc)	8	2
别样	bié yàng	different kind of; another sort of; special	8	2
利空	lì kōng	(finance) sth that engenders bearish sentiment; unfavorable news	8	2
分门别类	fēn mén bié lèi	(idiom) to organize by categories; to classify	8	2
决定论	jué dìng lùn	determinism	8	2
修身	xiū shēn	to cultivate one's moral character; (fashion) slim-fit; body-hugging	8	2
作案	zuò àn	to commit a crime	8	2
代词	dài cí	pronoun	8	2
互连	hù lián	interconnection	8	2
乳胶	rǔ jiāo	latex	8	2
主次	zhǔ cì	the important and the less important; primary and secondary	8	2
专车	zhuān chē	special (or reserved) train (or bus etc); limousine	8	2
一边倒	yī biān dǎo	to have the advantage overwhelmingly on one side	8	2
齐射	qí shè	volley (of gunfire)	8	1
高矮	gāo ǎi	height (i.e. whether short or tall)	8	1
颠三倒四	diān sān dǎo sì	confused; disorderly; incoherent	8	1
顺道	shùn dào	on the way	8	1
顶头上司	dǐng tóu shàng si	one's immediate superior	8	1
雷暴	léi bào	thunderstorm	8	1
长空	cháng kōng	(literary) the vast sky; (finance) eventual downturn	8	1
重托	zhòng tuō	great trust	8	1
配售	pèi shòu	to ration merchandise (esp. food in times of shortages)	8	1
透射	tòu shè	to transmit; transmission (of radiation through a medium); passage	8	1
超度	chāo dù	to surpass; to transcend	8	1
赴汤蹈火	fù tāng dǎo huǒ	lit. to jump into scalding water and plunge into raging fire (idiom)	8	1
赋诗	fù shī	to versify; to compose poetry	8	1
读取	dú qǔ	(of a computer etc) to read (data)	8	1
解职	jiě zhí	to dismiss from office; to discharge; to sack	8	1
袋鼠	dài shǔ	kangaroo	8	1
虚火	xū huǒ	excess of internal heat due to poor general condition (TCM)	8	1
茅舍	máo shè	cottage; hut	8	1
自述	zì shù	to recount in one's own words; autobiography; written self-introduction	8	1
臣僚	chén liáo	court official (in former times)	8	1
脾性	pí xìng	temperament; disposition	8	1
能事	néng shì	particular abilities; one's forte	8	1
肺动脉	fèi dòng mài	pulmonary artery	8	1
结扎	jié zā	to tie up; to bind up; (medicine) to ligate	8	1
精研	jīng yán	to research carefully; to study intensively	8	1
竞争性	jìng zhēng xìng	competitive	8	1
窘境	jiǒng jìng	awkward situation; predicament	8	1
私生活	sī shēng huó	private life	8	1
离合器	lí hé qì	clutch (mechanics)	8	1
真迹	zhēn jì	authentic (painting or calligraphy); genuine work (of famous artist)	8	1
相认	xiāng rèn	to know each other; to recognize; to identify	8	1
皮匠	pí jiang	cobbler	8	1
白沫	bái mò	froth; foam (coming from the mouth)	8	1
电量	diàn liàng	quantity of electric charge	8	1
生漆	shēng qī	raw lacquer	8	1
玩物	wán wù	toy; plaything	8	1
猜中	cāi zhòng	to guess correctly; to figure out the right answer	8	1
牛鬼蛇神	niú guǐ shé shén	evil monsters; (fig.) bad characters; (political) bad elements	8	1
烦乱	fán luàn	anxious; agitated	8	1
烈性	liè xìng	strong; intense; spirited; virulent	8	1
火山灰	huǒ shān huī	volcanic ash	8	1
潜质	qián zhì	potential	8	1
洋鬼子	yáng guǐ zi	foreign devil; term of abuse for Westerners	8	1
法术	fǎ shù	magic	8	1
气话	qì huà	angry words; sth said in the moment of anger	8	1
正离子	zhèng lí zǐ	positive ion; cation (physics)	8	1
正则	zhèng zé	regular (figure in geometry)	8	1
欢欣鼓舞	huān xīn gǔ wǔ	(idiom) elated and excited; overjoyed	8	1
样板	yàng bǎn	template; prototype; model	8	1
果胶	guǒ jiāo	pectin	8	1
朔风	shuò fēng	north wind	8	1
最优化	zuì yōu huà	optimization (math.)	8	1
暖意	nuǎn yì	warmth	8	1
整流罩	zhěng liú zhào	fairing	8	1
整套	zhěng tào	entire set	8	1
撰稿	zhuàn gǎo	to write (an article for publication)	8	1
掺和	chān huo	to mix; to put together; to interfere in; to get involved in	8	1
挨饿	ái è	to go hungry; to endure starvation; famished	8	1
挚爱	zhì ài	true love	8	1
护身符	hù shēn fú	amulet; protective talisman; charm	8	1
打骂	dǎ mà	to beat and scold	8	1
手杖	shǒu zhàng	cane	8	1
念念有词	niàn niàn yǒu cí	to mumble; to mutter to oneself	8	1
广告牌	guǎng gào pái	billboard	8	1
并吞	bìng tūn	to swallow up; to annex; to merge	8	1
尊长	zūn zhǎng	one's superior; one's elders and betters	8	1
定数	dìng shù	constant (math.); quota; fixed number (e.g. of places on a bus)	8	1
季报	jì bào	quarterly report	8	1
夹缝	jiā fèng	crack; crevice	8	1
大庭广众	dà tíng guǎng zhòng	(idiom) in public; in front of everyone; openly (typically preceded by 在 and followed by 之下)	8	1
多端	duō duān	multifarious; multifold; many and varied	8	1
壁虎	bì hǔ	gecko; house lizard	8	1
呜呼	wū hū	alas; alack; welladay	8	1
变通	biàn tōng	pragmatic; flexible; to act differently in different situations	8	1
发射场	fā shè chǎng	launch site	8	1
发售	fā shòu	to sell	8	1
双生	shuāng shēng	twin (attributive); twins	8	1
参选	cān xuǎn	to be a candidate in an election or other selection process	8	1
原状	yuán zhuàng	previous condition; original state	8	1
压缩机	yā suō jī	compactor; compressor	8	1
卖艺	mài yì	to earn a living by performing (typically in informal or public settings)	8	1
单字	dān zì	single Chinese character; (Tw) word (of a foreign language)	8	1
十万火急	shí wàn huǒ jí	most urgent; posthaste; express	8	1
勤勉	qín miǎn	diligence; diligent; industrious	8	1
勋爵	xūn jué	Lord (UK hereditary nobility); UK life peer	8	1
劣迹	liè jì	bad record (esp. of a public official); unsavory track record	8	1
加权	jiā quán	(math.) to weight; weighting; weighted (average, index etc)	8	1
前因后果	qián yīn hòu guǒ	cause and effects (idiom); entire process of development	8	1
初审	chū shěn	preliminary trial	8	1
出纳	chū nà	cashier; to receive and hand over payment; to lend and borrow books	8	1
农业国	nóng yè guó	agricultural country	8	1
共谋	gòng móu	to scheme together; to conspire; joint plan	8	1
光洁	guāng jié	bright and clean	8	1
偏心	piān xīn	partial; biased; prejudiced	8	1
倾吐	qīng tǔ	to pour out (emotions); to unburden oneself (of strong feelings)	8	1
倒台	dǎo tái	to fall from power; to collapse; downfall	8	1
信息管理	xìn xī guǎn lǐ	information management	8	1
保护国	bǎo hù guó	protectorate	8	1
余热	yú rè	residual heat; surplus heat; waste heat	8	1
体察	tǐ chá	to experience; to observe	8	1
传扬	chuán yáng	to spread (by word of mouth)	8	1
令箭	lìng jiàn	arrow banner of command (archaic used as symbol of military authority)	8	1
付托	fù tuō	to entrust to	8	1
事权	shì quán	position; authority; responsibility	8	1
乱伦	luàn lún	to violate moral principles; depravity; (esp.) to commit incest; incest	8	1
临朝	lín cháo	to hold a court audience	8	1
中庸之道	zhōng yōng zhī dào	doctrine of the mean; moderation in all things	8	1
不速之客	bù sù zhī kè	(idiom) uninvited or unexpected guest	8	1
不着边际	bù zhuó biān jì	not to the point; wide of the mark; neither here nor there	8	1
不同凡响	bù tóng fán xiǎng	lit. not a common chord (idiom); outstanding; brilliant	8	1
三天两头	sān tiān liǎng tóu	lit. twice every three days (idiom); practically every day; frequently	8	1
一朝一夕	yī zhāo yī xī	lit. one morning and one evening (idiom); fig. in a short period of time	8	1
鬼门关	guǐ mén guān	the gates of hell	8	1
飘渺	piāo miǎo	faintly discernible; indistinct; misty	8	1
隆胸	lóng xiōng	to enlarge the breasts; breast enlargement	8	1
险滩	xiǎn tān	shoals; rapids; treacherous section of a river	8	1
门客	mén kè	hanger-on; visitor (in a nobleman's house)	8	1
醉意	zuì yì	tipsiness; signs of intoxication	8	1
酸枣	suān zǎo	sour date (Ziziphus jujuba var. spinosa)	8	1
足球场	zú qiú chǎng	football field; soccer field	8	1
超常	chāo cháng	exceptional; well above average; supernatural; paranormal	8	1
起重机	qǐ zhòng jī	crane	8	1
贴图	tiē tú	sticker (social messaging) (Tw)	8	1
调式	diào shì	(musical) mode	8	1
词源	cí yuán	etymology; origin of a word	8	1
识见	shí jiàn	knowledge and experience	8	1
讲坛	jiǎng tán	a platform (to speak)	8	1
角门	jiǎo mén	corner gate	8	1
舌战	shé zhàn	verbal sparring; duel of words	8	1
舅妈	jiù mā	(coll.) aunt; maternal uncle's wife	8	1
致函	zhì hán	to send a letter	8	1
聪敏	cōng mǐn	bright; sharp; quick-witted	8	1
联机	lián jī	online; network; to connect online	8	1
综合症	zōng hé zhèng	syndrome	8	1
绯红	fēi hóng	crimson; scarlet	8	1
细胞器	xì bāo qì	organelle	8	1
第一眼	dì yī yǎn	at first glance; at first sight	8	1
穷凶极恶	qióng xiōng jí è	fiendish; black-hearted	8	1
瞬息万变	shùn xī wàn biàn	in an instant a myriad changes (idiom); rapid substantial change	8	1
眼见得	yǎn jiàn de	(dialect) obviously; clearly	8	1
直航	zhí háng	to fly or sail direct (to ...)	8	1
盖房	gài fáng	to build a house	8	1
病痛	bìng tòng	slight illness; indisposition; ailment	8	1
电线杆	diàn xiàn gān	electric pole; telephone pole; lamppost	8	1
电击	diàn jī	electric shock	8	1
生物武器	shēng wù wǔ qì	biological weapon	8	1
理疗	lǐ liáo	physiotherapy	8	1
独生	dú shēng	only (child); without siblings; to be the sole survivor	8	1
犯上	fàn shàng	to offend one's superiors	8	1
燃眉之急	rán méi zhī jí	lit. the fire burns one's eyebrows (idiom); fig. desperate situation	8	1
烧焦	shāo jiāo	to burn; to scorch; burned	8	1
烟气	yān qì	smoke	8	1
潜水艇	qián shuǐ tǐng	a submarine	8	1
滑翔机	huá xiáng jī	glider	8	1
温润	wēn rùn	gentle; kindly; mild and humid (climate)	8	1
深长	shēn cháng	profound (meaning, implications etc)	8	1
淡泊	dàn bó	living a simple life	8	1
涨潮	zhǎng cháo	high tide; rising tide	8	1
涡流	wō liú	(electronics) eddy current	8	1
海象	hǎi xiàng	walrus	8	1
浴血奋战	yù xuè fèn zhàn	(idiom) to fight bravely amid bloodshed and great sacrifice	8	1
活体	huó tǐ	living body; live specimen	8	1
正题	zhèng tí	main topic; matter at hand	8	1
枯死	kū sǐ	(of a plant) to wither and die; withered and dead	8	1
本末	běn mò	the whole course of an event from beginning to end; ins and outs	8	1
明净	míng jìng	bright and clean; luminous	8	1
无时无刻	wú shí wú kè	(idiom) (when followed by 不) at no time; never (Note: 無時無刻不 therefore means "at no time not ...", i.e. "at all times".)	8	1
无产者	wú chǎn zhě	proletariat; non-propertied person	8	1
收盘价	shōu pán jià	closing price (of share, commodity etc)	8	1
摄影机	shè yǐng jī	movie camera; cine camera	8	1
掏腰包	tāo yāo bāo	to dip into one's pocket; to pay out of pocket; to foot the bill	8	1
指日可待	zhǐ rì kě dài	imminent; just around the corner (idiom)	8	1
抓捕	zhuā bǔ	to seize; to capture	8	1
承当	chéng dāng	to bear (responsibility); to take on; to assume	8	1
批斗	pī dòu	to drag sb before a public meeting to denounce, humiliate and physically abuse them (esp. during the Cultural Revolution)	8	1
打手	dǎ shou	hired thug	8	1
戒惧	jiè jù	wary	8	1
慢悠悠	màn yōu yōu	unhurried	8	1
怎奈	zěn nài	(often used in early vernacular) but alas; however	8	1
循环系统	xún huán xì tǒng	circulatory system	8	1
待续	dài xù	to be continued	8	1
待业	dài yè	to wait for employment; to be unemployed	8	1
弹弓	dàn gōng	catapult; slingshot	8	1
弱化	ruò huà	weaken; make weaker	8	1
年货	nián huò	merchandise sold for Chinese New Year	8	1
工作队	gōng zuò duì	a working group; a task force	8	1
巡回演出	xún huí yǎn chū	(theater etc) to tour; to be on tour; to give itinerant performances	8	1
射频	shè pín	radio frequency (RF)	8	1
寻欢作乐	xún huān zuò lè	pleasure seeking (idiom); life of dissipation	8	1
寡头政治	guǎ tóu zhèng zhì	oligarchy	8	1
客运量	kè yùn liàng	amount of passenger traffic	8	1
女伴	nǚ bàn	female companion	8	1
天柱	tiān zhù	pillars supporting heaven	8	1
天书	tiān shū	imperial edict; heavenly book (superstition)	8	1
堕胎	duò tāi	to induce an abortion; induced abortion	8	1
堂兄弟	táng xiōng dì	father's brother's sons; paternal male cousin	8	1
埋设	mái shè	to install (water pipes, landmines etc) underground	8	1
地堡	dì bǎo	bunker (underground fortification)	8	1
地价	dì jià	land price	8	1
听凭	tīng píng	to allow (sb to do as he pleases)	8	1
后坐	hòu zuò	recoil (of a firearm)	8	1
合意	hé yì	to suit one's taste; suitable; congenial	8	1
号召力	hào zhào lì	to have the power to rally supporters	8	1
口风	kǒu fēng	meaning behind the words; what sb really means to say	8	1
双面	shuāng miàn	double-sided; two-faced; double-edged	8	1
历练	lì liàn	to learn through experience; experience; practiced	8	1
动物学	dòng wù xué	zoological; zoology	8	1
功耗	gōng hào	electric consumption; power wastage	8	1
创作者	chuàng zuò zhě	creator; author	8	1
刀斧手	dāo fǔ shǒu	lictor	8	1
冷冷	lěng lěng	coldly	8	1
养神	yǎng shén	to rest; to recuperate; to regain composure	8	1
公议	gōng yì	public discussion	8	1
借故	jiè gù	to find an excuse	8	1
会计学	kuài jì xué	accounting; accountancy	8	1
人迹罕至	rén jì hǎn zhì	lit. men's footprints are rare (idiom); fig. off the beaten track	8	1
人名	rén míng	personal name	8	1
争雄	zhēng xióng	to contend for supremacy	8	1
临时工	lín shí gōng	temporary worker; temp; temporary work	8	1
中流	zhōng liú	midstream	8	1
下半时	xià bàn shí	second half of a game or contest	8	1
上唇	shàng chún	upper lip; (entomology) labrum	8	1
三五	sān wǔ	several; three or five	8	1
一走了之	yī zǒu liǎo zhī	to avoid a problem by walking away from it; to quit	8	1
一点一滴	yī diǎn yī dī	bit by bit; every little bit	8	1
高峻	gāo jùn	high and steep	8	1
题诗	tí shī	to inscribe a poem (often, composed on the spot) on a painting, fan or ceramic bowl etc as a work of calligraphy	8	1
领情	lǐng qíng	to feel grateful to sb; to appreciate the kindness	8	1
顺口溜	shùn kǒu liū	popular piece of doggerel; common phrase repeated as a jingle	8	1
随地	suí dì	according to the location; everywhere; any place	8	1
阴柔	yīn róu	gentle and reserved; soft; feminine	8	1
问罪	wèn zuì	to denounce; to condemn; to call to account	8	1
门牙	mén yá	front tooth; incisor	8	1
针状	zhēn zhuàng	needle-shaped	8	1
遗精	yí jīng	nocturnal emission; wet dream	8	1
道听途说	dào tīng tú shuō	gossip; hearsay; rumor	8	1
逐日	zhú rì	day-by-day; daily; on a daily basis	8	1
迷彩	mí cǎi	camouflage	8	1
进行性	jìn xíng xìng	progressive; gradual	8	1
超负荷	chāo fù hè	excess load; an overload; overloaded	8	1
谨防	jǐn fáng	to guard against; to beware of	8	1
读本	dú běn	reader; an instructional book	8	1
裤脚	kù jiǎo	the bottom of a trouser leg	8	1
营利	yíng lì	for profit; to seek profit	8	1
菜蔬	cài shū	greens; vegetables; vegetable side dish	8	1
节外生枝	jié wài shēng zhī	(idiom) new problems arise unexpectedly	8	1
舒舒服服	shū shu fu fu	comfortable; with ease	8	1
自爱	zì ài	self-respect; self-love; self-regard	8	1
结核病	jié hé bìng	tuberculosis	8	1
纹银	wén yín	fine silver	8	1
纪元	jì yuán	calendar era; epoch	8	1
类固醇	lèi gù chún	steroid	8	1
算子	suàn zi	operator (math.)	8	1
竹木	zhú mù	bamboo and wood	8	1
确定性	què dìng xìng	determinacy	8	1
破鞋	pò xié	broken shoes; worn-out footwear; loose woman	8	1
眼波	yǎn bō	fluid glance	8	1
眉间	méi jiān	the flat area of forehead between the eyebrows; glabella	8	1
盘活	pán huó	to revitalize (assets, resources etc)	8	1
监理	jiān lǐ	to supervise; to oversee (e.g. a construction project)	8	1
电影界	diàn yǐng jiè	moviedom; the world of movies; film circles	8	1
甲壳动物	jiǎ qiào dòng wù	crustacean	8	1
用光	yòng guāng	out of (supply); spent; exhausted (used up)	8	1
生养	shēng yǎng	to bring up (children); to raise; to bear	8	1
环视	huán shì	to look around (a room etc); (fig.) to take a comprehensive look at	8	1
灵长类	líng zhǎng lèi	primate (monkey, hominid etc)	8	1
海角	hǎi jiǎo	cape; promontory	8	1
济贫	jì pín	to help the poor	8	1
民不聊生	mín bù liáo shēng	(idiom) the people have no way to make a living (from Records of the Grand Historian 史記)	8	1
毛囊	máo náng	hair follicle	8	1
检出	jiǎn chū	to detect	8	1
极乐	jí lè	bliss; extreme happiness	8	1
杂沓	zá tà	small craftsman (contemptuous); clatter (e.g. of footsteps)	8	1
杀人灭口	shā rén miè kǒu	(idiom) to kill sb to prevent them from revealing sth	8	1
本息	běn xī	principal and interest (on a loan)	8	1
服毒	fú dú	to take poison	8	1
无性生殖	wú xìng shēng zhí	asexual reproduction	8	1
教改	jiào gǎi	education reform (abbr. for 教育改革)	8	1
放款	fàng kuǎn	to lend money (as a commercial loan)	8	1
播音	bō yīn	to transmit; to broadcast	8	1
授粉	shòu fěn	to pollinate	8	1
捣蛋	dǎo dàn	to cause trouble; to stir up trouble	8	1
挥发性	huī fā xìng	volatility; volatile	8	1
抢断	qiǎng duàn	(basketball) to steal (the ball)	8	1
惨剧	cǎn jù	tragedy; calamity; atrocity	8	1
总编	zǒng biān	chief editor (of newspaper)	8	1
微乎其微	wēi hū qí wēi	a tiny bit; very little; next to nothing (idiom)	8	1
御寒	yù hán	to defend against the cold; to keep warm	8	1
归类	guī lèi	to classify; to categorize	8	1
帮办	bāng bàn	assist in managing; deputy	8	1
带病	dài bìng	to be suffering from an illness (often implying "in spite of being sick")	8	1
布下	bù xià	to arrange; to lay out	8	1
左右为难	zuǒ yòu wéi nán	(idiom) between a rock and a hard place; in a dilemma	8	1
工学	gōng xué	engineering; industrial science	8	1
寒冬	hán dōng	cold winter	8	1
家私	jiā sī	family property; family wealth	8	1
字里行间	zì lǐ háng jiān	between the words and the lines (idiom); implied meaning; connotations	8	1
女色	nǚ sè	female charms; femininity	8	1
基站	jī zhàn	base station	8	1
地利	dì lì	favorable location; in the right place; productivity of land	8	1
国产化	guó chǎn huà	to localize (production); localization	8	1
喂奶	wèi nǎi	to breast-feed	8	1
吹风	chuī fēng	to let the wind blow on oneself; to be exposed to the wind; to air out (a room); to blow air (e.g. to dry one's hair)	8	1
吨级	dūn jí	tonnage; class in tons (of a passenger ship)	8	1
发射机	fā shè jī	transmitter	8	1
双数	shuāng shù	even number	8	1
卸妆	xiè zhuāng	to remove makeup	8	1
卵细胞	luǎn xì bāo	egg cell	8	1
协力	xié lì	to unite in common effort	8	1
加载	jiā zài	to load (cargo); (computing) to load (content)	8	1
剪辑	jiǎn jí	to edit (raw footage: film, video, audio etc); edited version	8	1
切齿	qiè chǐ	to gnash one's teeth (in anger)	8	1
出巡	chū xún	to go on an inspection tour	8	1
先验	xiān yàn	(philosophy) a priori	8	1
倚仗	yǐ zhàng	to lean on; to rely on	8	1
保费	bǎo fèi	insurance premium	8	1
保值	bǎo zhí	to preserve value; to protect against depreciation	8	1
供热	gōng rè	heating (for a building); to supply heating	8	1
亡故	wáng gù	to die; to pass away	8	1
书体	shū tǐ	style of Chinese script	8	1
中间人	zhōng jiān rén	intermediary; mediator	8	1
两手空空	liǎng shǒu kōng kōng	empty-handed (idiom); fig. not receiving anything	8	1
不胜枚举	bù shèng méi jǔ	too numerous to mention individually or one by one	8	1
下体	xià tǐ	the lower part of the body (usu. a euphemism for the genitals)	8	1
鹅卵石	é luǎn shí	pebble; cobblestone	8	1
魔法	mó fǎ	enchantment; magic	8	1
高瞻远瞩	gāo zhān yuǎn zhǔ	to stand tall and see far (idiom); taking the long and broad view	8	1
高徒	gāo tú	brilliant student	8	1
高干	gāo gàn	high cadre; top party member	8	1
预知	yù zhī	to anticipate; to foresee	8	1
雄健	xióng jiàn	vigorous; robust; powerful	8	1
阵痛	zhèn tòng	labor pains; (fig.) distress caused by a disruptive change	8	1
闺房	guī fáng	lady's chamber; boudoir; harem	8	1
销声匿迹	xiāo shēng nì jì	to vanish without trace (idiom); to lie low	8	1
野鸭	yě yā	wild duck; mallard (Anas platyrhyncha)	8	1
通途	tōng tú	thoroughfare	8	1
运筹	yùn chóu	to plan; operations; logistics	8	1
辞行	cí xíng	to say goodbye; leave-taking; farewells	8	1
软着陆	ruǎn zhuó lù	(aviation) soft landing; (economics) soft landing	8	1
踏青	tà qīng	lit. tread the green; go for a walk in the spring (when the grass has turned green)	8	1
赏罚	shǎng fá	reward and punishment	8	1
资格赛	zī gé sài	qualifying round (in sports)	8	1
货架	huò jià	shelf for goods; shop shelf	8	1
芳心	fāng xīn	the affection, or heart, of a young woman	8	1
节肢动物	jié zhī dòng wù	arthropod	8	1
舍下	shě xià	to abandon; to lay down	8	1
胆小鬼	dǎn xiǎo guǐ	coward	8	1
羽化	yǔ huà	levitation (of Daoist immortal)	8	1
绿肥	lǜ féi	green manure	8	1
绝学	jué xué	(literary) lost or nearly lost body of knowledge	8	1
经传	jīng zhuàn	classic work (esp. Confucian classics)	8	1
粉刺	fěn cì	pimple; comedo; blackhead	8	1
神机妙算	shén jī miào suàn	divine strategy and wonderful planning (idiom); clever scheme	8	1
破涕为笑	pò tì wéi xiào	to turn tears into laughter (idiom); to turn grief into happiness	8	1
直立人	zhí lì rén	Homo erectus	8	1
痛处	tòng chù	sore spot; place that hurts	8	1
畅饮	chàng yǐn	to have a few drinks; to drink to one's heart's content	8	1
生锈	shēng xiù	(of metal) to rust; to become rusty	8	1
甘于	gān yú	to be willing to; to be ready to; to be content with	8	1
猫儿	māo ér	kitten	8	1
独行	dú xíng	solitary	8	1
灌注	guàn zhù	to pour or inject (a liquid or substance) into sth	8	1
潮间带	cháo jiān dài	intertidal zone	8	1
潜藏	qián cáng	hidden beneath the surface; buried and concealed	8	1
漏税	lòu shuì	tax evasion	8	1
深色	shēn sè	dark; dark colored	8	1
浪涛	làng tāo	ocean wave; billows	8	1
汽笛	qì dí	steam whistle; ship horn	8	1
汗腺	hàn xiàn	sweat gland	8	1
水深火热	shuǐ shēn huǒ rè	deep water and scorching fire; abyss of suffering (idiom)	8	1
比及	bǐ jí	(literary) when; by the time; Taiwan pr.	8	1
楼梯口	lóu tī kǒu	head of a flight of stairs	8	1
样机	yàng jī	prototype	8	1
染病	rǎn bìng	to catch an illness; to get infected with a disease	8	1
权当	quán dāng	to act as if; to treat sth as if it were	8	1
杂记	zá jì	various notes or records; a miscellany; scattered jottings	8	1
杂耍	zá shuǎ	a sideshow; vaudeville; juggling	8	1
杂环	zá huán	heterocyclic (chemistry)	8	1
杀毒软件	shā dú ruǎn jiàn	antivirus software	8	1
木马	mù mǎ	wooden horse; rocking horse; vaulting horse (gymnastics)	8	1
是非曲直	shì fēi qū zhí	lit. right and wrong, crooked and straight (idiom); fig. merits and demerits	8	1
明目张胆	míng mù zhāng dǎn	openly and without fear; brazenly	8	1
斑驳	bān bó	mottled; motley	8	1
文辞	wén cí	language; use of words; phraseology; articles; essays; writing	8	1
整条	zhěng tiáo	entire; whole (fish, road etc)	8	1
数一数二	shǔ yī shǔ èr	(idiom) reckoned to be best or second best; one of the very best	8	1
敢死队	gǎn sǐ duì	suicide squad; kamikaze unit	8	1
教案	jiào àn	lesson plan; teaching plan	8	1
探险者	tàn xiǎn zhě	explorer; adventurer	8	1
指示剂	zhǐ shì jì	indicator	8	1
抱头	bào tóu	to put one's hands behind one's head, fingers interlaced	8	1
抒写	shū xiě	to express (emotions in prose); a written description (of emotions)	8	1
得势	dé shì	to win power; to get authority; to become dominant	8	1
徒孙	tú sūn	grand-disciple; student's student	8	1
弱智	ruò zhì	weak-minded; mentally deficient; retarded	8	1
弥散	mí sàn	to dissipate everywhere (of light, sound, gas etc)	8	1
开道	kāi dào	to clear the way	8	1
应手	yìng shǒu	to handle; convenient	8	1
干校	gàn xiào	school for cadres; May 7 Cadre School 五七幹校	8	1
布防	bù fáng	to lay out a defense	8	1
山猫	shān māo	lynx; bobcat; leopard cat	8	1
小姑	xiǎo gū	father's youngest sister; husband's younger sister; sister-in-law	8	1
小名	xiǎo míng	pet name for a child; childhood name	8	1
将息	jiāng xī	(literary) to rest; to recuperate	8	1
套间	tào jiān	vestibule; small inner room (opening to others); suite	8	1
失神	shī shén	absent-minded; to lose spirit; despondent	8	1
大一统	dà yī tǒng	unification (of the nation); large scale unification	8	1
夜叉	yè chā	yaksha (malevolent spirit) (loanword); (fig.) ferocious-looking person	8	1
喜气	xǐ qì	hilarity; cheerful atmosphere	8	1
和颜悦色	hé yán yuè sè	amiable manner; pleasant countenance	8	1
含含糊糊	hán hán hú hú	(of speech) obscure; unclear; (of actions) vague	8	1
发报	fā bào	to send a message	8	1
参股	cān gǔ	equity participation (finance)	8	1
危害性	wēi hài xìng	harmfulness	8	1
升限	shēng xiàn	(aviation) ceiling	8	1
化学能	huà xué néng	chemical energy	8	1
势不两立	shì bù liǎng lì	the two cannot exist together (idiom); irreconcilable differences	8	1
剪除	jiǎn chú	to eradicate; to exterminate	8	1
别无选择	bié wú xuǎn zé	to have no other choice	8	1
初叶	chū yè	early part (of a decade, century etc); the first years	8	1
分房	fēn fáng	to sleep in separate rooms; distribution of social housing	8	1
冷冷清清	lěng lěng qīng qīng	deserted; desolate; unfrequented	8	1
决绝	jué jué	to sever all relations with sb; determined; decisive	8	1
养女	yǎng nǚ	adopted daughter	8	1
共价键	gòng jià jiàn	covalent bond (chemistry)	8	1
入球	rù qiú	to score a goal; goal	8	1
债主	zhài zhǔ	creditor	8	1
倒流	dào liú	to flow backwards; reverse flow	8	1
修练	xiū liàn	to practice (an activity); to perform	8	1
乘务员	chéng wù yuán	attendant on an airplane, train, boat etc	8	1
义勇	yì yǒng	courageous in fighting for a just cause	8	1
主修	zhǔ xiū	(education) to major in; major	8	1
为之一振	wèi zhī yī zhèn	to be energized by it; to receive a boost from it	8	1
东北方	dōng běi fāng	northeast; northeastern	8	1
不可多得	bù kě duō dé	hard to come by; rare	8	1
齐心合力	qí xīn hé lì	to work as one (idiom); united in a concerted effort	8	1
鼠疫	shǔ yì	plague	8	1
黑奴	hēi nú	black slave	8	1
高热	gāo rè	(medicine) high fever; (physics) high heat	8	1
骤雨	zhòu yǔ	sudden downpour; brief heavy rain	8	1
驯服	xùn fú	to tame; tame; docile	8	1
食管癌	shí guǎn ái	esophageal cancer	8	1
飞瀑	fēi pù	waterfall	8	1
领奖台	lǐng jiǎng tái	(winner's) podium	8	1
韵母	yùn mǔ	the final of a Chinese syllable (the component of a syllable remaining after removal of the initial consonant, if any, and the tone, e.g. the final of "niáng" is "iang")	8	1
面包车	miàn bāo chē	van for carrying people; taxi minibus	8	1
青松	qīng sōng	pine tree	8	1
震源	zhèn yuán	epicenter (of earthquake); hypocenter	8	1
陪葬品	péi zàng pǐn	funerary objects (items buried together with the dead)	8	1
附加费	fù jiā fèi	surcharge	8	1
阵雨	zhèn yǔ	shower (rain)	8	1
阵列	zhèn liè	array; (military) formation; (Tw) (computing) array (data structure)	8	1
阴沉沉	yīn chén chén	dark (weather, mood)	8	1
长颈鹿	cháng jǐng lù	giraffe	8	1
遗像	yí xiàng	portrait of the deceased	8	1
道统	dào tǒng	Confucian orthodoxy	8	1
通读	tōng dú	to read through	8	1
选美	xuǎn měi	beauty contest	8	1
逃逸	táo yì	to escape; to run away; to abscond	8	1
逃奔	táo bèn	to run away to; to flee	8	1
轻手轻脚	qīng shǒu qīng jiǎo	(idiom) (to move or do sth) softly; quietly; gently	8	1
躺倒	tǎng dǎo	to lie down	8	1
赶尽杀绝	gǎn jìn shā jué	to kill to the last one (idiom); to exterminate; to eradicate	8	1
说辞	shuō cí	excuse; pretext; entreaties	8	1
语言学家	yǔ yán xué jiā	linguist	8	1
订阅	dìng yuè	subscription; to subscribe to	8	1
见谅	jiàn liàng	please forgive me	8	1
花枝	huā zhī	spray (sprig of a plant with blossoms); cuttlefish (on dining menus)	8	1
花圈	huā quān	wreath; garland	8	1
节令	jié lìng	solar term; seasonal division (one of 24 periods in the traditional Chinese lunisolar calendar, governing agricultural timing and cultural festivals)	8	1
臭虫	chòu chóng	bedbug (Cimex lectularius); tick	8	1
聚变	jù biàn	(physics) to undergo fusion	8	1
职衔	zhí xián	title (position within an organization)	8	1
耸人听闻	sǒng rén tīng wén	to sensationalize (idiom); deliberate exaggeration to scare people	8	1
翻译家	fān yì jiā	translator (of writings)	8	1
结膜	jié mó	conjunctiva (membrane surrounding the eyeball)	8	1
纱线	shā xiàn	yarn	8	1
筹款	chóu kuǎn	fundraising	8	1
窥伺	kuī sì	to spy upon; to lie in wait for (an opportunity)	8	1
积存	jī cún	to stockpile	8	1
磨蹭	mó ceng	to rub lightly; to move slowly; to dawdle; to dillydally	8	1
眼病	yǎn bìng	eye disease	8	1
真皮	zhēn pí	(anatomy) dermis; genuine leather	8	1
登岸	dēng àn	to go ashore; to disembark	8	1
男女老幼	nán nǚ lǎo yòu	men, women, young and old; everybody	8	1
甲等	jiǎ děng	grade A; first-class	8	1
用武之地	yòng wǔ zhī dì	ample scope for abilities	8	1
狂风暴雨	kuáng fēng bào yǔ	(idiom) howling wind and torrential rain; furious storm	8	1
狂暴	kuáng bào	frantic; berserk	8	1
烟灰	yān huī	cigarette ash	8	1
炸掉	zhà diào	to bomb	8	1
灌水	guàn shuǐ	to irrigate; to pour water into	8	1
深更半夜	shēn gēng bàn yè	in the dead of night (idiom)	8	1
油料作物	yóu liào zuò wù	oil crop (rape, peanut, soy, sesame etc); oil-bearing crop	8	1
求偶	qiú ǒu	to seek a marriage partner; (of an animal) to seek a mate; to court	8	1
水压	shuǐ yā	water pressure	8	1
母校	mǔ xiào	alma mater	8	1
死鬼	sǐ guǐ	devil (used jocularly or contemptuously); the departed	8	1
死记硬背	sǐ jì yìng bèi	to learn by rote; to mechanically memorize	8	1
歪斜	wāi xié	crooked; askew; oblique	8	1
横过	héng guò	to traverse	8	1
梳妆	shū zhuāng	to dress and groom oneself	8	1
查抄	chá chāo	to take inventory of and confiscate a criminal's possessions	8	1
枯树	kū shù	withered tree	8	1
木屑	mù xiè	wood shavings; sawdust	8	1
木器	mù qì	wooden articles	8	1
替天行道	tì tiān xíng dào	(idiom) to enforce justice on behalf of Heaven	8	1
春意	chūn yì	beginning of spring; thoughts of love	8	1
无烟煤	wú yān méi	anthracite	8	1
断腿	duàn tuǐ	broken leg	8	1
摔打	shuāi da	to knock; to grasp sth in the hand and beat it; to toughen oneself up	8	1
掰开	bāi kāi	to pull apart; to pry open with the hands	8	1
括约肌	kuò yuē jī	sphincter	8	1
拒腐防变	jù fǔ fáng biàn	to fight corruption and forestall moral degeneration	8	1
扫盲	sǎo máng	to wipe out illiteracy	8	1
手球	shǒu qiú	handball (the game or the ball itself); handball (a foul in soccer)	8	1
手下留情	shǒu xià liú qíng	lit. start off leniently (idiom); please do not be too strict with me	8	1
意气风发	yì qì fēng fā	(idiom) high-spirited; full of mettle	8	1
引证	yǐn zhèng	to cite; to quote; to cite as evidence	8	1
异军突起	yì jūn tū qǐ	to emerge as a new force to be reckoned with (idiom)	8	1
开拔	kāi bá	to set out (of troops); departure; start date (of military expedition)	8	1
干扰素	gān rǎo sù	interferon	8	1
工具书	gōng jù shū	reference book (such as dictionary, almanac, gazetteer etc)	8	1
峰值	fēng zhí	peak value	8	1
射精	shè jīng	ejaculation; to ejaculate	8	1
寻衅	xún xìn	to pick a quarrel; to start a fight	8	1
寄居	jì jū	to live away from home	8	1
容身	róng shēn	to find a place where one can fit in; to make one's home	8	1
子夜	zǐ yè	midnight	8	1
好斗	hào dòu	to be warlike; to be belligerent	8	1
女皇	nǚ huáng	empress	8	1
大起大落	dà qǐ dà luò	(of market prices etc) to rapidly fluctuate (idiom); volatile	8	1
大烟	dà yān	opium	8	1
大二	dà èr	second year of university	8	1
处方药	chǔ fāng yào	prescription drug	8	1
地脉	dì mài	geographical position according to the principles of feng shui 風水	8	1
土产	tǔ chǎn	produced locally; local product (with distinctive native features)	8	1
圆滑	yuán huá	smooth and evasive; slick and sly	8	1
因势利导	yīn shì lì dǎo	to take advantage of the new situation (idiom)	8	1
喜不自胜	xǐ bù zì shèng	unable to contain one's joy (idiom)	8	1
否决权	fǒu jué quán	veto power	8	1
名帖	míng tiě	name card; business card	8	1
名分	míng fèn	a person's status	8	1
同甘共苦	tóng gān gòng kǔ	shared delights and common hardships (idiom); to share life's joys and sorrows	8	1
台子	tái zi	desk; (pool etc) table	8	1
古刹	gǔ chà	old Buddhist temple	8	1
反战	fǎn zhàn	anti-war	8	1
原貌	yuán mào	the original form	8	1
原样	yuán yàng	original shape; the same as before	8	1
千差万别	qiān chā wàn bié	(idiom) extremely diverse; to vary greatly	8	1
动物性	dòng wù xìng	animacy	8	1
初创	chū chuàng	startup (company, phase etc); newly established	8	1
出洋	chū yáng	to go abroad (old)	8	1
关卡	guān qiǎ	checkpoint (for taxation, security etc)	8	1
公房	gōng fáng	public housing; dormitory, esp. for unmarried people	8	1
光电效应	guāng diàn xiào yìng	photoelectric effect	8	1
儿歌	ér gē	nursery rhyme	8	1
做爱	zuò ài	to make love	8	1
佳话	jiā huà	story or deed that captures the imagination and is spread far and wide	8	1
低层	dī céng	low level	8	1
伪君子	wěi jūn zǐ	hypocrite	8	1
会盟	huì méng	meetings conducted by rulers in feudal China for the purpose of formalizing alliances, finalizing treaties	8	1
些微	xiē wēi	slight; minor; small; slightly	8	1
五金	wǔ jīn	metal hardware (nuts and bolts)	8	1
乳品	rǔ pǐn	dairy product	8	1
中举	zhòng jǔ	to pass the provincial level imperial examination	8	1
下回	xià huí	next chapter; next time	8	1
万亿	wàn yì	trillion	8	1
齐刷刷	qí shuā shuā	even; uniform	8	1
香烛	xiāng zhú	joss stick and candle	8	1
飘散	piāo sàn	to waft (through the air); to drift	8	1
风云人物	fēng yún rén wù	the man (or woman) of the moment (idiom); influential figure	8	1
面见	miàn jiàn	to meet face to face; to meet in person	8	1
雨天	yǔ tiān	rainy day; rainy weather	8	1
隐隐作痛	yǐn yǐn zuò tòng	to ache dully	8	1
隐喻	yǐn yù	metaphor	8	1
降下	jiàng xià	to fall; to drop	8	1
防控	fáng kòng	to prevent and control (e.g. the spread of a communicable disease)	8	1
闲心	xián xīn	leisurely mood; relaxed frame of mind	8	1
量子化	liàng zǐ huà	quantization (physics)	8	1
酬劳	chóu láo	reward	8	1
退伍军人	tuì wǔ jūn rén	veteran	8	1
迫降	pò jiàng	to force a plane to land	8	1
输注	shū zhù	to inject; infusion	8	1
转送	zhuǎn sòng	to pass (sth) on (to sb else); to transfer sb (to another hospital etc)	8	1
车顶	chē dǐng	car roof	8	1
身孕	shēn yùn	pregnancy; pregnant	8	1
踏板	tà bǎn	pedal (in a car, on a piano etc); treadle; footstool	8	1
足尖	zú jiān	tip of the foot; toes	8	1
赤贫	chì pín	poverty-stricken	8	1
贡赋	gòng fù	tribute	8	1
调笑	tiáo xiào	to tease; to poke fun at	8	1
试演	shì yǎn	audition; dress rehearsal; preview (of a theatrical performance)	8	1
角速度	jiǎo sù dù	angular velocity	8	1
营业税	yíng yè shuì	tax on turnover; sales tax	8	1
花鼓	huā gǔ	flower drum, a type of double-skinned Chinese drum	8	1
航空线	háng kōng xiàn	air route; airway	8	1
自备	zì bèi	to provide one's own...; own; self-provided	8	1
耸动	sǒng dòng	to shake (a part of one's body); to shrug (shoulders)	8	1
缴械	jiǎo xiè	to disarm; (of an enemy) to lay down one's weapons; to surrender	8	1
绝症	jué zhèng	incurable disease; terminal illness	8	1
纬线	wěi xiàn	woof; line of latitude; parallel	8	1
纠结	jiū jié	to intertwine; to band together (with); to link up (with)	8	1
等效	děng xiào	equivalent; equal in effect	8	1
秃子	tū zi	bald-headed person; baldy	8	1
禁食	jìn shí	to fast; to abstain from eating; to forbid the eating of (certain foods)	8	1
砖块	zhuān kuài	brick	8	1
相似性	xiāng sì xìng	resemblance; similarity	8	1
直爽	zhí shuǎng	straightforward; outspoken	8	1
瓶塞	píng sāi	bottle cork; bottle stopper	8	1
犬齿	quǎn chǐ	canine tooth	8	1
特种兵	tè zhǒng bīng	commando; special forces soldier	8	1
烟瘾	yān yǐn	the urge to smoke; tobacco addiction	8	1
火鸡	huǒ jī	turkey	8	1
漏掉	lòu diào	to miss; to leave out; to omit	8	1
清贫	qīng pín	poor but upright; destitute	8	1
泡泡	pào pao	bubbles	8	1
油井	yóu jǐng	oil well	8	1
毒打	dú dǎ	to viciously beat (sb) up	8	1
死对头	sǐ duì tou	arch-enemy; sworn enemy	8	1
歌儿	gē r	song	8	1
欺蒙	qī méng	to deceive; to dupe	8	1
柔性	róu xìng	flexibility	8	1
枯水	kū shuǐ	scarce water; low water level	8	1
本土化	běn tǔ huà	to localize; localization	8	1
月牙	yuè yá	crescent moon	8	1
暗影	àn yǐng	shadow; umbra	8	1
景况	jǐng kuàng	circumstances	8	1
春色	chūn sè	colors of spring; spring scenery	8	1
明晚	míng wǎn	tomorrow evening	8	1
旷日持久	kuàng rì chí jiǔ	protracted (idiom); long and drawn-out	8	1
施救	shī jiù	to rescue; to render emergency aid	8	1
文静	wén jìng	(of a person's manner or character) gentle and quiet	8	1
散装	sǎn zhuāng	loose goods; goods sold open; draft (of beer, as opposed to bottled)	8	1
敌台	dí tái	defensive tower; lookout tower; enemy radio station	8	1
推陈出新	tuī chén chū xīn	to push out the old and bring in the new (idiom); to innovate	8	1
推土机	tuī tǔ jī	bulldozer	8	1
接引	jiē yǐn	to greet and usher in (guests, newcomers etc)	8	1
抽筋	chōu jīn	cramp; charley horse; to pull a tendon	8	1
抢白	qiǎng bái	to rebuke; to reprimand	8	1
打字	dǎ zì	to type (using a keyboard, typewriter or phone etc)	8	1
手工艺	shǒu gōng yì	handicraft; arts and crafts	8	1
成千成万	chéng qiān chéng wàn	lit. by the thousands and tens of thousands (idiom); untold numbers	8	1
当街	dāng jiē	in the middle of the street; facing the street	8	1
干群	gàn qún	cadres and masses; party officials and ordinary people	8	1
布道	bù dào	sermon; to sermonize; to preach	8	1
巡逻艇	xún luó tǐng	patrol boat	8	1
崇拜者	chóng bài zhě	worshipper	8	1
小菜	xiǎo cài	appetizer; small side dish; easy job	8	1
导电性	dǎo diàn xìng	conductivity (elec.)	8	1
寂寥	jì liáo	(literary) quiet and desolate; lonely; vast and empty	8	1
客观性	kè guān xìng	objectivity	8	1
大气圈	dà qì quān	atmosphere	8	1
外遇	wài yù	extramarital affair	8	1
外宾	wài bīn	foreign guest; international visitor	8	1
坏分子	huài fèn zǐ	bad element; troublemaker	8	1
土崩瓦解	tǔ bēng wǎ jiě	to collapse; to fall apart	8	1
哺乳期	bǔ rǔ qī	breastfeeding period; lactation period; suckling period	8	1
哀叹	āi tàn	to sigh; to lament; to bewail	8	1
吵醒	chǎo xǐng	to wake sb up with a noise	8	1
同班	tóng bān	to be in the same class; to be in the same squad; classmate	8	1
古风	gǔ fēng	old style; old custom; a pre-Tang Dynasty genre of poetry aka 古體詩	8	1
古音	gǔ yīn	ancient (esp. pre-Qin) pronunciation of a Chinese character	8	1
古生物学	gǔ shēng wù xué	palaeontology	8	1
古时候	gǔ shí hou	in ancient times; in olden days	8	1
受惠	shòu huì	to benefit; favored	8	1
反右	fǎn yòu	anti-rightist	8	1
双键	shuāng jiàn	double bond (chemistry)	8	1
历历在目	lì lì zài mù	vivid in one's mind (idiom)	8	1
历书	lì shū	almanac	8	1
卖身	mài shēn	to prostitute oneself; to sell oneself into slavery	8	1
半衰期	bàn shuāi qī	(physics) half-life	8	1
千奇百怪	qiān qí bǎi guài	fantastic oddities of every description (idiom)	8	1
十位	shí wèi	the tens place (or column) in the decimal system	8	1
医道	yī dào	art of healing; medical skill	8	1
加班费	jiā bān fèi	overtime pay	8	1
前妻	qián qī	ex-wife; late wife	8	1
刀片	dāo piàn	blade; razor blade; tool bit	8	1
兴味	xìng wèi	interest; taste	8	1
共商	gòng shāng	to jointly discuss; to discuss together (business)	8	1
兆赫	zhào hè	megahertz	8	1
倒立	dào lì	a handstand; to turn upside down; to stand on one's head	8	1
保单	bǎo dān	guarantee slip	8	1
便携	biàn xié	portable; easy to carry	8	1
侦察员	zhēn chá yuán	detective; investigator; scout	8	1
人烟稀少	rén yān xī shǎo	no sign of human habitation (idiom); desolate	8	1
亲疏	qīn shū	close and distant (relatives)	8	1
主顾	zhǔ gù	client; customer	8	1
丸子	wán zi	pills; balls; meatballs	8	1
中间件	zhōng jiān jiàn	middleware	8	1
下注	xià zhù	to pour; to pour down (of rain); to lay a bet	8	1
魔术师	mó shù shī	magician	8	1
驳船	bó chuán	barge; lighter	8	1
风霜	fēng shuāng	wind and frost; fig. hardships	8	1
静力学	jìng lì xué	statics	8	1
问心无愧	wèn xīn wú kuì	lit. look into one's heart, no shame (idiom); with a clear conscience	8	1
重塑	chóng sù	to reconstruct (an art object); to remodel	8	1
遗风	yí fēng	tradition or style from the past; old ways; surviving tradition	8	1
逃税	táo shuì	to evade a tax	8	1
逃兵	táo bīng	army deserter	8	1
逃之夭夭	táo zhī yāo yāo	to escape without trace (idiom); to make one's getaway (from the scene of a crime)	8	1
追回	zhuī huí	to recover (sth lost or stolen); to get back	8	1
连坐	lián zuò	to treat as guilty those associated with an offender (family, neighbors etc)	8	1
违法乱纪	wéi fǎ luàn jì	(lit.) to break the law and violate the rules (idiom); (fig.) misconduct	8	1
进餐	jìn cān	to have a meal	8	1
软件系统	ruǎn jiàn xì tǒng	software system	8	1
轮值	lún zhí	to take turns on duty	8	1
赞助商	zàn zhù shāng	sponsor	8	1
豪富	háo fù	rich and powerful; rich and influential person; big shot	8	1
豁然开朗	huò rán kāi lǎng	suddenly opens up to a wide panorama (idiom); to come to a wide clearing	8	1
试纸	shì zhǐ	(chemistry, medicine) test strip	8	1
论调	lùn diào	argument; view (sometimes derogatory)	8	1
譬喻	pì yù	analogy; metaphor; simile	8	1
覆辙	fù zhé	the tracks of a cart that overturned	8	1
裤腿	kù tuǐ	trouser leg	8	1
行头	háng tóu	(archaic) leader of a troop of soldiers; (archaic) guild leader	8	1
茶话会	chá huà huì	tea party	8	1
船运	chuán yùn	sea freight; shipping	8	1
脱氧	tuō yǎng	deoxidation	8	1
背道而驰	bèi dào ér chí	to run in the opposite direction (idiom); to run counter to	8	1
胆寒	dǎn hán	to fear; to be terrified	8	1
肉麻	ròu má	sickening; corny; sappy	8	1
老龄化	lǎo líng huà	aging (population)	8	1
老奶奶	lǎo nǎi nai	(coll.) father's father's mother; paternal great-grandmother	8	1
美名	měi míng	good name; good reputation	8	1
组曲	zǔ qǔ	suite (music)	8	1
空空如也	kōng kōng rú yě	as empty as anything (idiom); completely bereft; to have nothing	8	1
穴居	xué jū	to live in a cave; (of animals) to be of burrowing habit	8	1
税后	shuì hòu	after tax	8	1
禁烟	jìn yān	to ban smoking; to quit smoking; to prohibit cooking	8	1
神魂颠倒	shén hún diān dǎo	lit. spirit and soul upside down (idiom); infatuated and head over heels in love	8	1
眼镜蛇	yǎn jìng shé	cobra	8	1
真才实学	zhēn cái shí xué	solid learning; real ability and learning; genuine talent	8	1
省力	shěng lì	to save labor; to save effort	8	1
盛典	shèng diǎn	majestic pomp; grand ceremony	8	1
盘点	pán diǎn	to make an inventory; to take stock	8	1
盆腔	pén qiāng	the pelvic cavity; birth canal	8	1
白蜡	bái là	white wax from Chinese white wax bug (Ericerus pela)	8	1
电话会议	diàn huà huì yì	conference call; teleconference	8	1
生分	shēng fen	estranged	8	1
理气	lǐ qì	(TCM) to rectify 氣	8	1
猛打	měng dǎ	to strike; wham!	8	1
狂言	kuáng yán	ravings; delirious utterances	8	1
特设	tè shè	ad hoc; to set up specially	8	1
照壁	zhào bì	a screen wall across the gate of a house (for privacy)	8	1
热身	rè shēn	to warm up (sports); (fig.) to prepare; to get in condition	8	1
淋巴管	lín bā guǎn	lymphatic vessel	8	1
泼妇	pō fù	shrew; vixen	8	1
泄洪	xiè hóng	to release flood water; flood discharge	8	1
沸石	fèi shí	zeolite	8	1
汽油机	qì yóu jī	gasoline engine	8	1
水帘洞	shuǐ lián dòng	cave with a waterfall at its mouth	8	1
气量	qì liàng	(lit. quantity of spirit); moral character; degree of forbearance	8	1
气滞	qì zhì	stagnation of 氣 (TCM)	8	1
毫不留情	háo bù liú qíng	to show no quarter; ruthless; relentless	8	1
毒刺	dú cì	venomous sting	8	1
检视	jiǎn shì	to inspect; to examine	8	1
机箱	jī xiāng	computer case	8	1
本地化	běn dì huà	localization; adaptation (to foreign environment)	8	1
显要	xiǎn yào	prominent; eminent; important person; notable; dignitary	8	1
旧情	jiù qíng	old affection	8	1
无言以对	wú yán yǐ duì	to be left speechless; unable to respond	8	1
旅行团	lǚ xíng tuán	tour group	8	1
数不胜数	shǔ bù shèng shǔ	(idiom) too many to count; innumerable	8	1
排便	pái biàn	to defecate	8	1
据为己有	jù wéi jǐ yǒu	(idiom) to illegally take possession of; to appropriate	8	1
挂怀	guà huái	concerned; troubled; having sth on one's mind	8	1
持有人	chí yǒu rén	holder	8	1
招商引资	zhāo shāng yǐn zī	investment promotion	8	1
抱抱	bào bào	to hug; to give a cuddle	8	1
抛物线	pāo wù xiàn	parabola	8	1
戏文	xì wén	traditional Chinese opera; lyrics and spoken lines in Chinese opera	8	1
心音	xīn yīn	sound of the heart; heartbeat	8	1
心照不宣	xīn zhào bù xuān	to have a tacit understanding	8	1
德比	dé bǐ	(sports) (loanword) derby (contest between local rivals)	8	1
微细	wēi xì	microminiature (technology)	8	1
异心	yì xīn	disloyalty; infidelity	8	1
底薪	dǐ xīn	basic salary; base pay; salary floor	8	1
底数	dǐ shù	(math.) radix; base	8	1
年轮	nián lún	annual ring; growth ring	8	1
年复一年	nián fù yī nián	(idiom) over the years; year after year	8	1
工期	gōng qī	project duration; construction period	8	1
岩床	yán chuáng	bedrock	8	1
岁入	suì rù	annual revenue; annual income	8	1
居心	jū xīn	to harbor (evil) intentions; to be bent on; a tranquil heart or mind	8	1
安分守己	ān fèn shǒu jǐ	to be content with one's lot (idiom); to know one's place	8	1
守信	shǒu xìn	to keep promises	8	1
存在主义	cún zài zhǔ yì	existentialism	8	1
妄动	wàng dòng	to rush indiscriminately into action	8	1
如出一辙	rú chū yī zhé	to be precisely the same; to be no different	8	1
夜袭	yè xí	night attack	8	1
多产	duō chǎn	prolific; fertile; high yield	8	1
处治	chǔ zhì	to punish; to handle; to deal with (literary)	8	1
增稠剂	zēng chóu jì	thickener	8	1
咨文	zī wén	report delivered by the head of government on affairs of state	8	1
周而复始	zhōu ér fù shǐ	lit. the cycle comes back to the start (idiom); to move in circles	8	1
吓跑	xià pǎo	to scare away	8	1
名画	míng huà	famous painting	8	1
名句	míng jù	oft-quoted phrase; famous line	8	1
受审	shòu shěn	to stand trial; to be on trial (for a crime)	8	1
单枪匹马	dān qiāng pǐ mǎ	(idiom) single-handed; on one's own	8	1
化为乌有	huà wéi wū yǒu	(idiom) to go up in smoke; to vanish	8	1
动因	dòng yīn	motivation; moving force; underlying force	8	1
制片人	zhì piàn rén	film producer	8	1
判例	pàn lì	judicial precedent	8	1
分光	fēn guāng	(prefix) spectro-	8	1
出阁	chū gé	(of a girl) to marry (literary)	8	1
减半	jiǎn bàn	to reduce by half	8	1
兵站	bīng zhàn	army service station; military depot	8	1
六神无主	liù shén wú zhǔ	out of one's wits (idiom); distracted; stunned	8	1
先机	xiān jī	critical opportunity	8	1
充塞	chōng sè	congestion; to block; to congest	8	1
做媒	zuò méi	to act as go-between (between prospective marriage partners etc)	8	1
倒影	dào yǐng	inverted image; reversed image (e.g. upside down)	8	1
保安团	bǎo ān tuán	peace keeping group	8	1
作息	zuò xī	to work and rest	8	1
何须	hé xū	there is no need; why should	8	1
会商	huì shāng	to confer; to consult; to negotiate	8	1
任选	rèn xuǎn	to choose freely; to pick whichever one fancies	8	1
代称	dài chēng	alternative name; to refer to sth by another name; antonomasia	8	1
二手房	èr shǒu fáng	second-hand house; house acquired indirectly through a middle-man	8	1
乘虚而入	chéng xū ér rù	to enter by exploiting a weak spot (idiom); to take advantage of a lapse	8	1
乐音	yuè yīn	musical note; tone	8	1
丧父	sàng fù	to be orphaned of one's father	8	1
不巧	bù qiǎo	too bad; unfortunately; as luck would have it	8	1
下咽	xià yān	(anatomy) hypopharynx	8	1
上工	shàng gōng	to go to work; to start work	8	1
一转眼	yī zhuǎn yǎn	in the blink of an eye	8	1
鼻翼	bí yì	the wing of the nose; ala nasi	8	1
鹰犬	yīng quǎn	hawks and hounds; (fig.) running dogs; hired thugs	8	1
高发	gāo fā	(of diseases, accidents) to occur with a high incidence	8	1
高分辨率	gāo fēn biàn lǜ	high resolution	8	1
飞红	fēi hóng	to blush	8	1
风起云涌	fēng qǐ yún yǒng	to surge like a gathering storm (idiom); to grow by leaps and bounds	8	1
静养	jìng yǎng	to convalesce; to recuperate; to fully relax	8	1
露营	lù yíng	to camp out; camping	8	1
陡峻	dǒu jùn	precipitous; high and steep	8	1
长条	cháng tiáo	strip	8	1
铁饭碗	tiě fàn wǎn	secure employment (lit. iron rice bowl)	8	1
造型艺术	zào xíng yì shù	visual arts	8	1
逗笑	dòu xiào	to amuse; to cause to smile; amusing	8	1
进货	jìn huò	to acquire stock; to replenish stock	8	1
运筹学	yùn chóu xué	operations research (OR)	8	1
过冬	guò dōng	to get through the winter	8	1
辣子	là zi	cayenne pepper; chili	8	1
轮渡	lún dù	ferry	8	1
败阵	bài zhèn	to be defeated on the battlefield; to be beaten in a contest	8	1
财大气粗	cái dà qì cū	rich and imposing; rich and overbearing	8	1
负数	fù shù	negative number	8	1
豪绅	háo shēn	local despot	8	1
解热	jiě rè	to relieve fever	8	1
被单	bèi dān	(bed) sheet; envelope for a padded coverlet	8	1
袖箭	xiù jiàn	spring-loaded arrow concealed in one's sleeve	8	1
衣料	yī liào	material for clothing	8	1
虚数	xū shù	imaginary number	8	1
蓄积	xù jī	to accumulate; to store up	8	1
英气	yīng qì	heroic spirit	8	1
花销	huā xiāo	to spend (money); expenses	8	1
腹背受敌	fù bèi shòu dí	(idiom) to be attacked from the front and rear	8	1
脱胎	tuō tāi	to be born	8	1
脱光	tuō guāng	to strip naked; to strip nude; (coll.) to find oneself a partner	8	1
肝火	gān huǒ	irascibility; irritability; (TCM) inflammation of the liver	8	1
绝热	jué rè	to insulate thermally; (physics) adiabatic	8	1
绝对值	jué duì zhí	absolute value	8	1
细胞学	xì bāo xué	cytology	8	1
管住	guǎn zhù	to take control of; to manage; to curb	8	1
空无一人	kōng wú yī rén	not a soul in sight (idiom)	8	1
稿纸	gǎo zhǐ	draft paper	8	1
碍于	ài yú	to be constrained by; due to (a constraining factor)	8	1
硬碰硬	yìng pèng yìng	to meet force with force; painstaking	8	1
睡衣	shuì yī	night clothes; pajamas	8	1
看齐	kàn qí	to follow sb's example; to emulate	8	1
相中	xiāng zhòng	to find to one's taste; to pick (after looking at); Taiwan pr.	8	1
白头	bái tóu	hoary head; old age	8	1
畅销书	chàng xiāo shū	best-seller; best-selling book; blockbuster	8	1
生长素	shēng zhǎng sù	auxin (plant growth hormone)	8	1
生死攸关	shēng sǐ yōu guān	matter of life and death	8	1
牙缝	yá fèng	gap between teeth	8	1
烟幕	yān mù	smokescreen; fig. a diversion	8	1
点破	diǎn pò	to lay bare in a few words; to expose with a word; to point out bluntly	8	1
炮仗	pào zhang	firecracker	8	1
滩头	tān tóu	beach; sand bank	8	1
溶蚀	róng shí	dissolving; erosion by groundwater; corrosion	8	1
混迹	hùn jì	mixed in as part of a community; hiding one's identity	8	1
淘金	táo jīn	to pan for gold	8	1
波束	bō shù	beam	8	1
油门	yóu mén	accelerator (pedal); gas pedal; throttle	8	1
汉学家	hàn xué jiā	sinologist; scholar of Chinese	8	1
水墨画	shuǐ mò huà	ink and wash painting	8	1
水务	shuǐ wù	water supply	8	1
民意测验	mín yì cè yàn	opinion poll	8	1
民乐	mín yuè	folk music, esp. for traditional instruments	8	1
正巧	zhèng qiǎo	just by chance; to happen to (just at the right time); opportune	8	1
板岩	bǎn yán	slate	8	1
末尾	mò wěi	end; tip; extremity	8	1
拜望	bài wàng	to call to pay one's respect; to call on	8	1
折辱	zhé rǔ	(literary) to humiliate; to demean	8	1
扑朔迷离	pū shuò mí lí	impossible to unravel; confusing	8	1
战无不胜	zhàn wú bù shèng	(idiom) all-conquering; invincible	8	1
成佛	chéng fó	to become a Buddha; to attain enlightenment	8	1
惊世骇俗	jīng shì hài sú	universally shocking; to offend the whole of society	8	1
悬赏	xuán shǎng	to offer a reward; bounty	8	1
恶梦	è mèng	nightmare	8	1
恢宏	huī hóng	vast; broad; generous; to develop; to enhance	8	1
心灰意冷	xīn huī yì lěng	discouraged; downhearted	8	1
徽章	huī zhāng	badge; emblem; insignia	8	1
得奖	dé jiǎng	to win a prize	8	1
开走	kāi zǒu	to go (of car, train etc); to drive off	8	1
开疆拓土	kāi jiāng tuò tǔ	(idiom) to expand one's territory; to conquer new lands; (fig.) to expand one's business into new markets	8	1
废料	fèi liào	waste products; refuse; garbage	8	1
庞杂	páng zá	complex; complicated; many and varied	8	1
府尹	fǔ yǐn	magistrate; prefect	8	1
幽谷	yōu gǔ	deep valley	8	1
左邻右舍	zuǒ lín yòu shè	neighbors; next-door neighbors; related work units	8	1
左思右想	zuǒ sī yòu xiǎng	to turn over in one's mind (idiom); to think through from different angles	8	1
崭露头角	zhǎn lù tóu jiǎo	to reveal outstanding talent (idiom); to stand out as conspicuously brilliant	8	1
封杀	fēng shā	to shut out; to block; to smother	8	1
对症下药	duì zhèng xià yào	lit. to prescribe the right medicine for an illness (idiom); fig. to study a problem to find the right way to solve it	8	1
对抗赛	duì kàng sài	duel; match; competition between paired opponents (e.g. sporting)	8	1
对垒	duì lěi	to face off against one's adversary (military, sports etc)	8	1
官阶	guān jiē	official rank	8	1
孤僻	gū pì	unsociable; withdrawn; reclusive	8	1
委以	wěi yǐ	(literary) to entrust with (a task); to appoint to (a role)	8	1
妹夫	mèi fu	younger sister's husband	8	1
头破血流	tóu pò xuè liú	lit. head broken and blood flowing; fig. badly bruised	8	1
失火	shī huǒ	to catch fire; to be on fire	8	1
天旋地转	tiān xuán dì zhuàn	the sky spins, the earth goes round (idiom); giddy with one's head spinning	8	1
天幸	tiān xìng	providential good luck; a narrow escape	8	1
天兵	tiān bīng	celestial soldier; (Tw, jocular) clumsy army recruit	8	1
外侮	wài wǔ	(literary) foreign aggression; external threat	8	1
塑胶	sù jiāo	synthetic resin; plastic cement; (Tw) plastic	8	1
基板	jī bǎn	substrate	8	1
基体	jī tǐ	base body; matrix; substrate	8	1
坐视	zuò shì	to stand by and watch; to look on passively	8	1
地牢	dì láo	prison; dungeon	8	1
受得了	shòu de liǎo	to put up with; to endure	8	1
发问	fā wèn	to question; to ask; to raise a question	8	1
原位	yuán wèi	original position; (in) the same place; normal position	8	1
勤俭	qín jiǎn	hardworking and frugal	8	1
出庭	chū tíng	to appear in court	8	1
冲口而出	chōng kǒu ér chū	to blurt out without thinking (idiom)	8	1
养尊处优	yǎng zūn chǔ yōu	to live like a prince (idiom)	8	1
傲气	ào qì	air of arrogance; haughtiness	8	1
偷窃	tōu qiè	to steal; to pilfer	8	1
作陪	zuò péi	to attend (a banquet etc) to keep a chief guest company	8	1
从命	cóng mìng	to obey an order; to comply; to do sb's bidding	8	1
中老年	zhōng lǎo nián	middle and old age	8	1
丧服	sāng fú	mourning garment	8	1
与生俱来	yǔ shēng jù lái	inherent; innate	8	1
不自量力	bù zì liàng lì	(idiom) to overestimate one's capabilities	8	1
一意孤行	yī yì gū xíng	obstinately clinging to one's course (idiom); willful; one's own way	8	1
黑色素	hēi sè sù	black pigment; melanin	8	1
魂灵	hún líng	soul; mind; idea	8	1
风尘仆仆	fēng chén pú pú	lit. covered in dust (idiom); fig. travel-worn	8	1
风土	fēng tǔ	natural conditions and social customs of a place; local conditions	8	1
频带	pín dài	frequency range; bandwidth	8	1
颈项	jǐng xiàng	neck	8	1
领有	lǐng yǒu	to possess; to own	8	1
项目管理	xiàng mù guǎn lǐ	project management	8	1
音程	yīn chéng	interval (music)	8	1
露骨	lù gǔ	blatant; unsubtle; frank	8	1
雪片	xuě piàn	snowflake	8	1
集子	jí zi	anthology; selected writing	8	1
隧洞	suì dòng	tunnel	8	1
门厅	mén tīng	entrance hall; vestibule	8	1
锁链	suǒ liàn	chains; shackles	8	1
铭刻	míng kè	a carved inscription	8	1
钢轨	gāng guǐ	steel rail	8	1
针头	zhēn tóu	tip of a needle; syringe needle	8	1
量刑	liàng xíng	(law) to determine the sentence	8	1
重力场	zhòng lì chǎng	gravitational field	8	1
速射	sù shè	rapid-fire	8	1
透风	tòu fēng	to let air pass through; to ventilate	8	1
退步	tuì bù	to do less well than before; to make a concession; setback	8	1
违宪	wéi xiàn	unconstitutional	8	1
输运	shū yùn	to transport; transportation	8	1
跌破	diē pò	(of a market index etc) to fall below (a given level)	8	1
跃升	yuè shēng	to leap to (a higher position etc); to jump; (of a plane) to ascend	8	1
走掉	zǒu diào	to leave	8	1
财会	cái kuài	finance and accounting	8	1
象形	xiàng xíng	pictogram; one of the Six Methods 六書 of forming Chinese characters	8	1
谈笑风生	tán xiào fēng shēng	to talk cheerfully and wittily; to joke together	8	1
读数	dú shù	reading; data from meter	8	1
蛮夷	mán yí	common term for non-Han peoples in former times, not exclusively derogatory	8	1
药学	yào xué	pharmacy (science of preparing medicines)	8	1
荒漠化	huāng mò huà	desertification	8	1
草创	cǎo chuàng	to be in the early stages of establishing	8	1
花斑	huā bān	patches; mottling	8	1
舒心	shū xīn	comfortable; happy	8	1
致病菌	zhì bìng jūn	pathogenic bacteria	8	1
膜拜	mó bài	to kneel and bow with joined hands at forehead level; to worship	8	1
肝脑涂地	gān nǎo tú dì	to offer one's life in sacrifice	8	1
翻版	fān bǎn	to reprint; reproduction; pirate copy	8	1
缝补	féng bǔ	to darn (clothing); to sew and mend	8	1
粗疏	cū shū	coarse; rough; careless	8	1
窝藏	wō cáng	to harbor; to shelter	8	1
空间站	kōng jiān zhàn	space station	8	1
私奔	sī bēn	to elope	8	1
相对湿度	xiāng duì shī dù	relative humidity	8	1
盗取	dào qǔ	to steal (including identity theft, credit card fraud or theft of computer account)	8	1
监工	jiān gōng	workplace overseer; foreman	8	1
甲状旁腺	jiǎ zhuàng páng xiàn	(anatomy) parathyroid gland	8	1
玻璃纤维	bō lí xiān wéi	fiberglass; glass fiber	8	1
猎狗	liè gǒu	hunting dog	8	1
狼狗	láng gǒu	wolfdog	8	1
牢靠	láo kào	firm and solid; robust; reliable	8	1
炎炎	yán yán	scorching	8	1
漏水	lòu shuǐ	(of pipes, ceilings, roofs etc) to leak water; to have a water leak	8	1
满目	mǎn mù	fills the eyes (of a beautiful view, scene of desolation etc)	8	1
波导	bō dǎo	waveguide (electronics)	8	1
沙暴	shā bào	sandstorm	8	1
污辱	wū rǔ	to humiliate; to insult; to tarnish	8	1
污浊	wū zhuó	dirty; muddy; foul (sewer)	8	1
止痛药	zhǐ tòng yào	painkiller; analgesic; anodyne	8	1
欲求	yù qiú	to desire; wants; appetites	8	1
欠债	qiàn zhài	to owe a debt; the sum owed	8	1
模态	mó tài	modal (computing, linguistics)	8	1
杀生	shā shēng	to take the life of a living creature	8	1
朝气	zhāo qì	vitality; dynamism	8	1
望尘莫及	wàng chén mò jí	lit. to see only the other rider's dust and have no hope of catching up (idiom)	8	1
月夜	yuè yè	moonlit night	8	1
晕头转向	yūn tóu zhuàn xiàng	confused and disoriented	8	1
时兴	shí xīng	fashionable; popular	8	1
斜阳	xié yáng	setting sun	8	1
斗智	dòu zhì	battle of wits	8	1
收纳	shōu nà	to receive; to accept; to take in	8	1
支使	zhī shǐ	to order (sb) around; to send on an errand; to send away	8	1
揭破	jiē pò	to uncover	8	1
掩蔽	yǎn bì	shelter; screen; cover; protection	8	1
捕风捉影	bǔ fēng zhuō yǐng	lit. chasing the wind and clutching at shadows (idiom); fig. groundless accusations	8	1
挚友	zhì yǒu	intimate friend; close friend	8	1
披肩	pī jiān	cape; shawl; (of long hair) to trail over one's shoulders	8	1
执迷不悟	zhí mí bù wù	to obstinately persist in going about things the wrong way (idiom)	8	1
戍边	shù biān	to garrison the border; to guard the frontier	8	1
意犹未尽	yì yóu wèi jìn	to wish to continue sth; to have not fully expressed oneself	8	1
恳请	kěn qǐng	to request earnestly	8	1
总目	zǒng mù	superorder (taxonomy); catalog; table of contents	8	1
当权派	dāng quán pài	persons or faction in authority	8	1
弯子	wān zi	bend; turn; curve	8	1
引力场	yǐn lì chǎng	gravitational field	8	1
山穷水尽	shān qióng shuǐ jìn	mountain and river exhausted (idiom); at the end of the line	8	1
屋宇	wū yǔ	(literary) house; building	8	1
对抗性	duì kàng xìng	antagonistic	8	1
对冲	duì chōng	hedging (finance)	8	1
寒毛	hán máo	fine hair on the human body	8	1
密商	mì shāng	to negotiate in secret; confidential discussions	8	1
实业家	shí yè jiā	industrialist	8	1
官能团	guān néng tuán	(chemistry) functional group	8	1
学人	xué rén	scholar; learned person	8	1
奶娘	nǎi niáng	(dialect) wet nurse	8	1
大显身手	dà xiǎn shēn shǒu	(idiom) fully displaying one's capabilities	8	1
大干	dà gàn	to go all out; to work energetically	8	1
外患	wài huàn	foreign aggression	8	1
声气	shēng qì	voice; tone; information	8	1
坚挺	jiān tǐng	firm and upright; strong (of currency)	8	1
地瓜	dì guā	sweet potato (Ipomoea batatas); yam bean (Pachyrhizus erosus)	8	1
地支	dì zhī	the 12 earthly branches 子, 丑, 寅, 卯, 辰, 巳, 午, 未, 申, 酉, 戌, 亥, used cyclically in the calendar and as ordinal numbers I, II etc	8	1
图解	tú jiě	illustration; diagram; graphical representation	8	1
团团转	tuán tuán zhuàn	to go round and round; running around in circles; fig. frantically busy	8	1
四邻	sì lín	one's nearest neighbors	8	1
含水	hán shuǐ	watery	8	1
合身	hé shēn	well-fitting (of clothes)	8	1
可怜巴巴	kě lián bā bā	pathetic; pitiful	8	1
反制	fǎn zhì	to take countermeasures against; to hit back; to counter	8	1
双休日	shuāng xiū rì	two-day weekend	8	1
历数	lì shù	(literary) movements of celestial bodies; destiny; calendar system	8	1
医患	yī huàn	doctor-patient	8	1
化学式	huà xué shì	chemical formula (e.g. water H2O)	8	1
化学变化	huà xué biàn huà	chemical change; chemical transformation	8	1
包干	bāo gān	to have the full responsibility of a job; allocated task	8	1
劈开	pī kāi	to cleave; to split open; to spread open (fingers, legs)	8	1
剩饭	shèng fàn	leftover food	8	1
前置	qián zhì	to place before; frontal; leading; pre-	8	1
制造者	zhì zào zhě	maker	8	1
凭吊	píng diào	to visit a place for the memories; to pay homage to (the deceased)	8	1
准予	zhǔn yǔ	to grant; to approve; to permit	8	1
冷兵器	lěng bīng qì	weapon not using gunpowder or explosives (opposite: 熱兵器)	8	1
兼容性	jiān róng xìng	compatibility	8	1
兴师动众	xīng shī dòng zhòng	to muster large forces	8	1
公信力	gōng xìn lì	public trust; credibility	8	1
入席	rù xí	to take one's seat	8	1
先贤	xiān xián	(literary) ancient sage	8	1
做活	zuò huó	to work for a living (esp. of woman needleworker)	8	1
偏殿	piān diàn	side palace hall; side chamber	8	1
保守主义	bǎo shǒu zhǔ yì	conservatism	8	1
便民	biàn mín	user-friendly; convenient (for customers, citizens etc)	8	1
伪证	wěi zhèng	perjury	8	1
人类学家	rén lèi xué jiā	anthropologist	8	1
人居	rén jū	human habitat	8	1
人声鼎沸	rén shēng dǐng fèi	lit. a boiling cauldron of voices (idiom); hubbub; brouhaha	8	1
享年	xiǎng nián	to live to the (ripe) age of	8	1
中盘	zhōng pán	middle game (in go or chess); (share trading) mid-session	8	1
专家系统	zhuān jiā xì tǒng	expert system	8	1
上位	shàng wèi	seat of honor; person in a high-ranking position	8	1
七律	qī lǜ	verse form consisting of 8 lines of 7 characters, with rhyme on alternate lines (abbr. for 七言律詩)	8	1
一针见血	yī zhēn jiàn xiě	lit. to draw blood on the first prick (idiom)	8	1
一览	yī lǎn	at a glance; (in book titles) overview	8	1
鲜亮	xiān liang	bright (color); vivid	8	1
高论	gāo lùn	enlightening remarks (honorific); brilliant views	8	1
骨针	gǔ zhēn	spicule (in biology); bone needle (in archaeology)	8	1
骄人	jiāo rén	worthy of pride; impressive; enviable	8	1
风风火火	fēng fēng huǒ huǒ	bustling; energetic	8	1
领航	lǐng háng	navigation; navigator; to navigate	8	1
音质	yīn zhì	tone; sound quality; timbre	8	1
静寂	jìng jì	quiet; silent	8	1
青楼	qīng lóu	(literary) brothel; pleasure quarters	8	1
青天白日	qīng tiān bái rì	(idiom) in broad daylight; in the middle of the day	8	1
露脸	lòu liǎn	to show one's face; to make one's good name	8	1
雨滴	yǔ dī	raindrop	8	1
随访	suí fǎng	to accompany	8	1
随员	suí yuán	attendant	8	1
长女	zhǎng nǚ	eldest daughter	8	1
铜鼓	tóng gǔ	bronze drum; (Western-style) drum	8	1
重压	zhòng yā	high pressure; bearing a heavy weight	8	1
造次	zào cì	(literary) hurried; rash	8	1
这下子	zhè xià zi	this time	8	1
返国	fǎn guó	to return to one's country	8	1
软泥	ruǎn ní	soft mud; silt; sludge	8	1
车行	chē háng	car-related business; car dealership; taxi company	8	1
跨步	kuà bù	to take a (striding) step	8	1
跑马	pǎo mǎ	horse race; to ride a horse at a fast pace; (dialect) wet dream	8	1
走马灯	zǒu mǎ dēng	lantern with a carousel of paper horses rotating under convection, used at Lantern Festival 元宵節	8	1
诸子百家	zhū zǐ bǎi jiā	the Hundred Schools of Thought, the various schools of thought and their exponents during the Spring and Autumn and Warring States Periods (770-220 BC)	8	1
说破	shuō pò	to lay bare (actual facts, secrets etc); to reveal	8	1
语塞	yǔ sè	to be at a loss for words; speechless	8	1
识相	shí xiàng	sensitive; tactful	8	1
论理	lùn lǐ	normally; as things should be; by rights	8	1
解渴	jiě kě	to quench	8	1
见鬼	jiàn guǐ	absurd; strange; (interj.) curse it!	8	1
装订	zhuāng dìng	bookbinding; to bind (books etc)	8	1
裁撤	cái chè	to dissolve (a department etc); to eliminate (positions)	8	1
薄层	báo céng	thin layer; thin slice; film	8	1
蓄水池	xù shuǐ chí	water reservoir	8	1
草包	cǎo bāo	bag made of woven straw; bag filled with straw	8	1
若是	ruò shì	if	8	1
芯片组	xīn piàn zǔ	chipset	8	1
自荐	zì jiàn	to recommend oneself (for a job)	8	1
自傲	zì ào	arrogance; proud of sth	8	1
自不必说	zì bù bì shuō	(idiom) needless to say; it goes without saying	8	1
腾挪	téng nuó	to move; to shift; to move out of the way	8	1
腰杆	yāo gǎn	(a person's) back (usu. as sth one keeps straight)	8	1
胶合板	jiāo hé bǎn	plywood	8	1
胚胎学	pēi tāi xué	embryology	8	1
聚居地	jù jū dì	inhabited land; habitat	8	1
缆绳	lǎn shéng	cable; hawser; mooring rope	8	1
经手	jīng shǒu	(lit.) to pass through one's hands; (fig.) to handle; to deal with	8	1
糖分	táng fèn	sugar content	8	1
粮票	liáng piào	coupons for food or grain used in a PRC economic program c. 1955-1993	8	1
筛子	shāi zi	sieve	8	1
筋脉	jīn mài	veins	8	1
竞渡	jìng dù	rowing competition; boat race	8	1
祷祝	dǎo zhù	to pray (for sth)	8	1
神器	shén qì	magical object; object symbolic of imperial power; fine weapon	8	1
神交	shén jiāo	soul brothers; friends in spirit who have never met; to commune with	8	1
碧眼	bì yǎn	blue eyes	8	1
监考	jiān kǎo	to proctor (an exam); to invigilate	8	1
疏于	shū yú	to fail to pay sufficient attention to; to be negligent in regard to	8	1
电影剧本	diàn yǐng jù běn	screenplay; film script	8	1
电传	diàn chuán	to send information using electronic means (such as fax, telegram, telex etc)	8	1
猪油	zhū yóu	lard	8	1
燃烧弹	rán shāo dàn	fire bomb; incendiary device	8	1
热诚	rè chéng	devotion; fervor	8	1
洗胃	xǐ wèi	(medicine) to give or receive gastric lavage; to get one's stomach pumped	8	1
注射剂	zhù shè jì	injection; shot	8	1
油光	yóu guāng	glossy; gleaming; shiny (due to greasiness)	8	1
气象台	qì xiàng tái	meteorological office; weather forecasting office	8	1
气数	qì shu	fate; destiny; one's lot	8	1
正电子	zhèng diàn zǐ	positron (antiparticle of the electron)	8	1
歌喉	gē hóu	singing voice	8	1
植物学家	zhí wù xué jiā	botanist	8	1
校场	jiào chǎng	military drill ground	8	1
有生以来	yǒu shēng yǐ lái	(idiom) since birth; for one's whole life	8	1
暗语	àn yǔ	code word	8	1
暗礁	àn jiāo	submerged reef (rock)	8	1
斑马	bān mǎ	zebra	8	1
整人	zhěng rén	(coll.) (malicious) to make things difficult for sb; (mischievous) to play a prank on sb	8	1
救生艇	jiù shēng tǐng	lifeboat	8	1
政纲	zhèng gāng	political program; platform	8	1
政府军	zhèng fǔ jūn	government army	8	1
摇滚乐	yáo gǔn yuè	rock music; rock 'n roll	8	1
搞乱	gǎo luàn	to mess up; to mismanage; to bungle	8	1
搅动	jiǎo dòng	to mix; to stir	8	1
据实	jù shí	according to the facts	8	1
挖坑	wā kēng	to dig a hole; (fig.) to make things difficult for sb	8	1
挑逗	tiǎo dòu	to provoke; to entice; to lure	8	1
挂断	guà duàn	to hang up (a phone)	8	1
拳打脚踢	quán dǎ jiǎo tī	lit. to punch and kick (idiom); to beat up	8	1
拜别	bài bié	(formal) to take leave of sb; to bid farewell	8	1
拖曳	tuō yè	to pull; to drag; to haul	8	1
扯淡	chě dàn	to talk nonsense	8	1
手迹	shǒu jì	sb's original handwriting or painting	8	1
手记	shǒu jì	to take notes; one's notes	8	1
手笔	shǒu bǐ	sth written or painted in one's own hand	8	1
所剩无几	suǒ shèng wú jǐ	there is not much left	8	1
战报	zhàn bào	battle report; (sports) match summary	8	1
懒腰	lǎn yāo	a stretch (of one's body)	8	1
总站	zǒng zhàn	terminus	8	1
总揽	zǒng lǎn	to assume full responsibility; to be in full control; to monopolize	8	1
征地	zhēng dì	to requisition land	8	1
往届	wǎng jiè	former sessions; former years	8	1
归心	guī xīn	converted to (religion)	8	1
异香	yì xiāng	rare perfume	8	1
开源	kāi yuán	to establish additional sources of revenue	8	1
寸步不离	cùn bù bù lí	to follow sb closely (idiom); to keep close to	8	1
密报	mì bào	secret report	8	1
定稿	dìng gǎo	to finalize; to settle on the final version of (a text or creative work)	8	1
定势	dìng shì	attitude; mindset; prejudice	8	1
嫉恨	jí hèn	to hate out of jealousy; to resent	8	1
始末	shǐ mò	whole story; the ins and outs	8	1
始发	shǐ fā	(of trains etc) to set off (on a journey)	8	1
大理岩	dà lǐ yán	marble	8	1
复姓	fù xìng	to revert to one's original surname	8	1
填词	tián cí	to compose a poem (to a given tune)	8	1
块茎	kuài jīng	(botany) a (stem) tuber	8	1
坐椅	zuò yǐ	seat; chair	8	1
四环素	sì huán sù	tetracycline	8	1
喉部	hóu bù	neck; throat	8	1
善终	shàn zhōng	to die naturally with dignity; to pass away peacefully	8	1
善本	shàn běn	old book; good book; reliable book	8	1
商户	shāng hù	merchant; trader; businessman; firm	8	1
唾骂	tuò mà	to spit on and curse; to revile	8	1
唱词	chàng cí	libretto; lyrics	8	1
含混	hán hùn	vague; unclear; ambiguous	8	1
后脚	hòu jiǎo	(one moment ...,) the next ...; trailing foot (in walking)	8	1
后置	hòu zhì	to place after (e.g. in grammar); postposition	8	1
合议	hé yì	to discuss together; to try to reach a common judgment; panel discussion	8	1
变频	biàn pín	frequency conversion	8	1
印行	yìn xíng	to print and distribute; to publish	8	1
升息	shēng xī	(finance) to raise interest rates	8	1
包衣	bāo yī	capsule (containing medicine); husk (of corn)	8	1
劳什子	láo shí zi	(dialect) nuisance; pain	8	1
助推器	zhù tuī qì	(rocketry) booster	8	1
刊印	kān yìn	to set in print; to diffuse; to publish	8	1
冤仇	yuān chóu	rancor; enmity; hatred resulting from grievances	8	1
农活	nóng huó	farm work	8	1
冒险家	mào xiǎn jiā	adventurer	8	1
公干	gōng gàn	official business; to do official business	8	1
全职	quán zhí	full-time (job)	8	1
偷渡	tōu dù	illegal immigration; to stowaway (on a ship)	8	1
健忘	jiàn wàng	forgetful	8	1
亲本	qīn běn	(genetics) parent	8	1
义女	yì nǚ	adopted daughter	8	1
丧气	sàng qì	to feel disheartened	8	1
不可逾越	bù kě yú yuè	impassable; insurmountable; insuperable	8	1
不可估量	bù kě gū liàng	inestimable; incalculable; beyond measure	8	1
下野	xià yě	to step down from office; to go into opposition	8	1
上钩	shàng gōu	to take the bait	8	1
三三两两	sān sān liǎng liǎng	in twos and threes	8	1
万般无奈	wàn bān wú nài	to have no way out; to have no alternative	8	1
万念俱灰	wàn niàn jù huī	every hope turns to dust (idiom); completely disheartened	8	1
默念	mò niàn	to read silently; to mouth (the words of a prayer etc)	8	1
麻木不仁	má mù bù rén	numbed; insensitive; apathetic	8	1
饭食	fàn shí	food	8	1
食谱	shí pǔ	cookbook; recipe; diet	8	1
领导力	lǐng dǎo lì	leadership (capacity to lead)	8	1
顶用	dǐng yòng	to be of use	8	1
非暴力	fēi bào lì	nonviolent	8	1
附耳	fù ěr	to approach sb's ear (to whisper)	8	1
阳历	yáng lì	solar calendar; Western (Gregorian) calendar	8	1
门齿	mén chǐ	incisor	8	1
长驱直入	cháng qū zhí rù	to march straight in unchallenged (military) (idiom)	8	1
长距离	cháng jù lí	long-distance	8	1
重责	zhòng zé	heavy responsibility; serious criticism	8	1
酿制	niàng zhì	to brew (beer, soy sauce etc); to make (wine, vinegar etc); to distill (spirits)	8	1
递进	dì jìn	gradual progress; to go forward one stage at a time	8	1
转角	zhuǎn jiǎo	bend in a street; corner; to turn a corner	8	1
身子骨	shēn zi gǔ	(coll.) physique; physical constitution; health	8	1
购汇	gòu huì	to purchase foreign exchange	8	1
贫贱	pín jiàn	poor and lowly	8	1
货轮	huò lún	freighter; cargo ship	8	1
谷类	gǔ lèi	cereal; grain	8	1
读经	dú jīng	to study the Confucian classics; to read scriptures or canonical texts	8	1
详解	xiáng jiě	to explain in detail; detailed answer; full solution (to a math problem)	8	1
讶异	yà yì	to be surprised; to be astonished	8	1
规劝	guī quàn	to advise	8	1
表字	biǎo zì	literary name (an alternative name of a person stressing a moral principle)	8	1
菊科	jú kē	Asteraceae or Compositae (composites), a large family of dicotyledonous plants producing scents, includes aster, daisy and sunflower	8	1
花式	huā shì	fancy; showy; elaborate	8	1
航船	háng chuán	ship (e.g. providing regular passenger service)	8	1
胸骨	xiōng gǔ	sternum; breastbone	8	1
聋子	lóng zi	deaf person	8	1
考察队	kǎo chá duì	investigation team; scientific expedition	8	1
老生	lǎo shēng	venerable middle-aged or elderly man, usually wearing an artificial beard (in Chinese opera)	8	1
美容院	měi róng yuàn	beauty salon; beauty parlor	8	1
缺阵	quē zhèn	(sports) to miss a game (due to injury, suspension etc); to sit out a match	8	1
经办	jīng bàn	to handle; to deal with	8	1
禁绝	jìn jué	to totally prohibit; to put an end to	8	1
祸国殃民	huò guó yāng mín	to damage the country and cause suffering to the people (idiom)	8	1
祭拜	jì bài	to offer sacrifice (to one's ancestors)	8	1
硬骨头	yìng gǔ tou	resolute individual; a hard nut to crack; tough mission	8	1
短路	duǎn lù	short circuit	8	1
盈亏	yíng kuī	profit and loss; waxing and waning	8	1
白糖	bái táng	(refined) white sugar	8	1
用料	yòng liào	ingredients; material	8	1
用场	yòng chǎng	use; application	8	1
瓦房	wǎ fáng	tile-roofed house	8	1
珍异	zhēn yì	rare; precious and odd	8	1
玩偶	wán ǒu	toy figurine; action figure; stuffed animal	8	1
狠命	hěn mìng	exerting all one's strength	8	1
烂摊子	làn tān zi	terrible mess; shambles	8	1
潮红	cháo hóng	flush	8	1
溃逃	kuì táo	to flee in disorder	8	1
混血	hùn xuè	(of animals) hybrid; (of people) mixed-blood; mixed-race	8	1
海难	hǎi nàn	perils of the sea	8	1
海禁	hǎi jìn	prohibition on entering or leaving by sea	8	1
流形	liú xíng	manifold (math.)	8	1
泳装	yǒng zhuāng	swimsuit	8	1
沾沾自喜	zhān zhān zì xǐ	immeasurably self-satisfied	8	1
沏茶	qī chá	to make tea; to brew tea	8	1
永别	yǒng bié	to part forever; eternal parting (i.e. death)	8	1
水圈	shuǐ quān	(geography) hydrosphere	8	1
气象卫星	qì xiàng wèi xīng	weather satellite	8	1
民间舞	mín jiān wǔ	folk dance	8	1
棉裤	mián kù	quilted cotton trousers; cotton-padded trousers (worn in winter)	8	1
树身	shù shēn	tree trunk	8	1
柱石	zhù shí	pillar	8	1
查点	chá diǎn	to check; to tally; to inventory	8	1
束手	shù shǒu	to have one's hands tied; helpless; unable to do anything about it	8	1
有喜	yǒu xǐ	to be expecting; to be with child	8	1
暴跌	bào diē	(economics) to slump; steep fall (in value etc)	8	1
暗流	àn liú	undercurrent	8	1
日经	rì jīng	Nikkei, abbr. for Nikkei Shimbun 日本經濟新聞	8	1
敛财	liǎn cái	to accumulate wealth; to rake in money	8	1
揪心	jiū xīn	lit. grips the heart; worried; anxious	8	1
探问	tàn wèn	to inquire into; to ask after	8	1
探头探脑	tàn tóu tàn nǎo	to stick one's head out and look around (idiom)	8	1
挥洒	huī sǎ	to sprinkle; to shed (tears, blood etc); fig. free, unconstrained	8	1
挑动	tiǎo dòng	to entice; to arouse; to provoke	8	1
拔高	bá gāo	to raise (one's voice); to overrate; to build up	8	1
拓片	tà piàn	rubbings from a tablet	8	1
抽射	chōu shè	(soccer) to strike the ball powerfully at goal; to unleash a fierce shot	8	1
扬长避短	yáng cháng bì duǎn	to foster strengths and avoid weaknesses (idiom)	8	1
忘怀	wàng huái	to forget	8	1
录像带	lù xiàng dài	videotape; video cassette	8	1
归天	guī tiān	to die	8	1
幽门	yōu mén	pylorus (anatomy)	8	1
工分	gōng fēn	work point (measure of work completed in a rural commune in the PRC during the planned economy era)	8	1
屯垦	tún kěn	to garrison troops to open up land	8	1
尿布	niào bù	diaper	8	1
导语	dǎo yǔ	preamble; introduction; (journalism) lede	8	1
宗主国	zōng zhǔ guó	suzerain state; mother country (of a colony)	8	1
守护神	shǒu hù shén	protector God; patron saint	8	1
宁死不屈	nìng sǐ bù qū	rather die than submit (idiom)	8	1
嬉皮笑脸	xī pí xiào liǎn	all smiles; smiling mischievously or ingratiatingly	8	1
婚俗	hūn sú	marriage custom	8	1
大合唱	dà hé chàng	cantata; chorus	8	1
大厂	dà chǎng	large factory; major manufacturer; (coll.) major tech company	8	1
坚忍	jiān rěn	persevering; tenacious	8	1
喷涌	pēn yǒng	to bubble out; to squirt	8	1
吸血鬼	xī xuè guǐ	leech; bloodsucking vermin; vampire (translated European notion)	8	1
名闻	míng wén	famous; of good reputation	8	1
各行其是	gè xíng qí shì	each one does what he thinks is right (idiom); each goes his own way	8	1
可读性	kě dú xìng	readability	8	1
可耕地	kě gēng dì	arable land	8	1
反过来说	fǎn guò lái shuō	on the other hand	8	1
参考系	cān kǎo xì	frame of reference	8	1
压死	yā sǐ	to crush to death	8	1
卧病	wò bìng	ill in bed; bed-ridden	8	1
医疗费	yī liáo fèi	medical expenses	8	1
包工头	bāo gōng tóu	chief labor contractor	8	1
前瞻性	qián zhān xìng	farsightedness; perspicacity; prescience	8	1
划拨	huà bō	to assign; to allocate; to transfer (money to an account)	8	1
出人命	chū rén mìng	fatal; resulting in sb's death	8	1
冰晶	bīng jīng	ice crystals	8	1
冒火	mào huǒ	to get angry; to burn with rage	8	1
偷情	tōu qíng	to carry on a clandestine love affair	8	1
倒毙	dǎo bì	to fall dead	8	1
保护性	bǎo hù xìng	protective	8	1
俗人	sú rén	common people; laity (i.e. not priests)	8	1
俊雅	jùn yǎ	(literary) elegant; graceful; refined	8	1
人工呼吸	rén gōng hū xī	artificial respiration (medicine)	8	1
亲耳	qīn ěr	with one's own ears	8	1
乘胜追击	chéng shèng zhuī jī	to follow up a victory and press home the attack	8	1
主人翁	zhǔ rén wēng	master (of the house); main character in a novel etc; hero or heroine	8	1
中老年人	zhōng lǎo nián rén	middle-aged and elderly people	8	1
不道德	bù dào dé	immoral	8	1
不省人事	bù xǐng rén shì	to lose consciousness; unconscious; in a coma	8	1
骑术	qí shù	equestrianism; horsemanship	8	1
饼子	bǐng zi	maize or millet pancake	8	1
面膜	miàn mó	facial mask; cleanser; face pack	8	1
非正常	fēi zhèng cháng	abnormal; irregular	8	1
雄辩	xióng biàn	eloquent; oratory; rhetoric	8	1
阴阳怪气	yīn yáng guài qì	eccentric; peculiar; mystifying	8	1
重启	chóng qǐ	to restart (a machine etc); to reactivate (a postponed project etc)	8	1
采收	cǎi shōu	to harvest	8	1
速成	sù chéng	crash (course); accelerated (process); quick (fix)	8	1
选送	xuǎn sòng	to select and send over	8	1
退税	tuì shuì	tax rebate or refund	8	1
软木	ruǎn mù	cork	8	1
跳楼	tiào lóu	to jump from a building (to kill oneself)	8	1
路费	lù fèi	travel expenses; money for a voyage; toll	8	1
起重	qǐ zhòng	to lift (sth heavy) using a crane or other mechanical means	8	1
赏心悦目	shǎng xīn yuè mù	warms the heart and delights the eye (idiom); pleasing; delightful	8	1
质心	zhì xīn	(physics) center of mass	8	1
败绩	bài jì	to be utterly defeated; to be routed	8	1
误事	wù shì	to hold things up; to make a botch of things	8	1
诚如	chéng rú	it is exactly as	8	1
见面礼	jiàn miàn lǐ	gift given to sb when meeting them for the first time	8	1
落难	luò nàn	to meet with misfortune; to fall into dire straits	8	1
草皮	cǎo pí	turf; sward; sod	8	1
苍苍	cāng cāng	ash gray; vast and hazy; flourishing	8	1
自控	zì kòng	automated; automatically regulated; to control oneself	8	1
腰斩	yāo zhǎn	to chop sb in half at the waist (capital punishment); to cut sth in half	8	1
脚掌	jiǎo zhǎng	the sole of the foot	8	1
联播	lián bō	to broadcast over a network; (radio or TV) hookup; simulcast	8	1
编次	biān cì	to arrange things in sequence; sequence in which things are arranged	8	1
缔约	dì yuē	to conclude a treaty	8	1
红人	hóng rén	a favorite of sb in power; a celebrity; American Indian	8	1
精明强干	jīng míng qiáng gàn	intelligent and capable (idiom)	8	1
类书	lèi shū	reference book consisting of material quoted from many sources, arranged by category (about 600 of which were compiled between the 3rd and 18th centuries in China)	8	1
答谢	dá xiè	to express one's thanks	8	1
笔挺	bǐ tǐng	(standing) very straight; straight as a ramrod; bolt upright	8	1
秉公	bǐng gōng	justly; impartially	8	1
硬壳	yìng ké	crust; hard shell	8	1
盗汗	dào hàn	night sweats	8	1
白矮星	bái ǎi xīng	white dwarf	8	1
白描	bái miáo	line drawing in traditional ink-and-brush style	8	1
留任	liú rèn	to remain in office; to hold on to one's job	8	1
画室	huà shì	artist's studio; atelier	8	1
申斥	shēn chì	to rebuke; to blame; to denounce	8	1
特效	tè xiào	marked effect; strong effect	8	1
物语	wù yǔ	monogatari; epic narrative (Japanese literary form)	8	1
火药味	huǒ yào wèi	smell of gunpowder; (fig.) combative tone; belligerence	8	1
火焰山	huǒ yàn shān	Mountain of Flames of legend; fig. insurmountable obstacle	8	1
漫山遍野	màn shān biàn yě	lit. covering the mountains and the plains (idiom)	8	1
源代码	yuán dài mǎ	source code (computing)	8	1
海螺	hǎi luó	sea snail; whelk; conch	8	1
浮沉	fú chén	ups and downs (of life etc); to drift along; to sink and emerge	8	1
泛光灯	fàn guāng dēng	floodlight	8	1
求亲	qiú qīn	to make an offer of marriage (to another family on behalf of one's son or daughter)	8	1
水鸟	shuǐ niǎo	waterbird	8	1
歉收	qiàn shōu	crop failure; poor harvest	8	1
款子	kuǎn zi	a sum of money	8	1
梦游	mèng yóu	to sleepwalk; to journey in a dream	8	1
束手待毙	shù shǒu dài bì	to wait helplessly for death (idiom); to resign oneself to extinction	8	1
显明	xiǎn míng	obvious; evident; conspicuous; prominent; distinct; apparent	8	1
旧居	jiù jū	old residence; former home	8	1
既得	jì dé	vested in; already obtained; vesting	8	1
无神论	wú shén lùn	atheism	8	1
无依无靠	wú yī wú kào	(idiom) having nothing to rely on; on one's own	8	1
斥资	chì zī	to spend; to allocate funds	8	1
斜纹	xié wén	(textiles) twill	8	1
文墨	wén mò	writing; culture	8	1
敷设	fū shè	to lay; to spread out	8	1
教务长	jiào wù zhǎng	provost	8	1
收税	shōu shuì	to collect tax	8	1
撞倒	zhuàng dǎo	to knock down; to knock over; to run over (sb)	8	1
摘除	zhāi chú	to excise; to remove an organ	8	1
搅和	jiǎo huo	to mix; to blend; (fig.) to spoil; to mess up things	8	1
排解	pái jiě	to mediate; to reconcile; to make peace	8	1
拍案而起	pāi àn ér qǐ	(idiom) to slam the table and rise to one's feet in indignation	8	1
扭亏	niǔ kuī	to make good a deficit; to reverse a loss	8	1
扑打	pū dǎ	to swat; (of wings) to flap	8	1
房室	fáng shì	room	8	1
微克	wēi kè	microgram (μg)	8	1
彻头彻尾	chè tóu chè wěi	lit. from head to tail (idiom); thoroughgoing; through and through	8	1
形同虚设	xíng tóng xū shè	to exist in name only; empty shell; useless (idiom)	8	1
差异性	chā yì xìng	difference	8	1
山凹	shān āo	col; valley	8	1
层流	céng liú	laminar flow	8	1
尾数	wěi shù	remainder (after rounding a number)	8	1
尽善尽美	jìn shàn jìn měi	perfect (idiom); perfection; the best of all possible worlds	8	1
尽力而为	jìn lì ér wéi	to try one's utmost; to strive	8	1
小轿车	xiǎo jiào chē	(automobile) sedan; car	8	1
奸商	jiān shāng	profiteer; crooked merchant	8	1
天赐	tiān cì	bestowed by heaven	8	1
夜视仪	yè shì yí	night vision device	8	1
壮志	zhuàng zhì	great goal; magnificent aspiration	8	1
地层学	dì céng xué	stratigraphy (geology)	8	1
国体	guó tǐ	state system (i.e. form of government); national prestige	8	1
告捷	gào jié	to win; to be victorious; to report a victory	8	1
启航	qǐ háng	(of a ship) to set sail; (of an airplane) to take off	8	1
同谋	tóng móu	to conspire with sb; to plot; a conspirator	8	1
同桌	tóng zhuō	desk-mate; seat-mate	8	1
合规	hé guī	compliance	8	1
变坏	biàn huài	to get worse; to degenerate	8	1
发胖	fā pàng	to put on weight; to get fat	8	1
反观	fǎn guān	by contrast; but as for this...; viewed from another angle	8	1
占优	zhàn yōu	to dominate; dominant	8	1
博物	bó wù	natural science	8	1
卖命	mài mìng	to work tirelessly; to give one's all; to slave away	8	1
包月	bāo yuè	to make monthly payments; monthly payment	8	1
加点	jiā diǎn	to work extra hours; to do overtime	8	1
副手	fù shǒu	assistant	8	1
准将	zhǔn jiàng	brigadier general; commodore	8	1
军属	jūn shǔ	military family member; dependent of a servicemember	8	1
做伴	zuò bàn	to keep sb company; to accompany	8	1
倾向性	qīng xiàng xìng	tendency; inclination; orientation	8	1
借款人	jiè kuǎn rén	the borrower	8	1
信访	xìn fǎng	to make a complaint or a suggestion to the authorities by letter or by paying a visit	8	1
作弄	zuò nòng	to tease; to play tricks on	8	1
人工授精	rén gōng shòu jīng	artificial insemination	8	1
二把手	èr bǎ shǒu	deputy leader; the second-in-command	8	1
乳癌	rǔ ái	breast cancer	8	1
下士	xià shì	lowest-ranked noncommissioned officer (e.g. corporal in the army or petty officer, third class in the navy)	8	1
上半身	shàng bàn shēn	the upper body	8	1
万恶	wàn è	(rhetorical) utterly evil; the worst of all evils	8	1
静脉曲张	jìng mài qū zhāng	varicose veins	8	1
隔热	gé rè	to insulate thermally; insulating (material, effect etc)	8	1
陶土	táo tǔ	potter's clay; kaolin	8	1
长久以来	cháng jiǔ yǐ lái	for a long time now; long since	8	1
锅底	guō dǐ	the bottom of a pot or pan; hotpot broth	8	1
锁骨	suǒ gǔ	collarbone; clavicle	8	1
银器	yín qì	silverware	8	1
铁杆	tiě gān	iron (golf club)	8	1
金融界	jīn róng jiè	banking circles; the world of finance	8	1
采油	cǎi yóu	oil extraction; oil recovery	8	1
采样	cǎi yàng	sampling	8	1
邦交	bāng jiāo	relations between two countries; diplomatic relations	8	1
造山运动	zào shān yùn dòng	mountain building (geology); orogenesis	8	1
逃课	táo kè	to skip class	8	1
连锁反应	lián suǒ fǎn yìng	(physics) chain reaction	8	1
躺椅	tǎng yǐ	deck chair; recliner; couch	8	1
身外之物	shēn wài zhī wù	mere worldly possessions	8	1
路由	lù yóu	routing (in computer networks)	8	1
讳言	huì yán	to avoid stating openly (esp. sensitive or unpleasant matters, usu. in the negative, as in 不諱言 "to state frankly")	8	1
记叙	jì xù	to narrate; narrative	8	1
血汗钱	xuè hàn qián	hard-earned money	8	1
融通	róng tōng	to circulate; to flow (esp. capital); to intermingle	8	1
蜂起	fēng qǐ	to swarm; to rise in masses	8	1
蛇纹石	shé wén shí	serpentine (geology)	8	1
苦行	kǔ xíng	ascetic practice	8	1
花期	huā qī	the flowering season	8	1
自修	zì xiū	to study on one's own; self-study	8	1
肠炎	cháng yán	enteritis	8	1
老脸	lǎo liǎn	self-respect of old person; face	8	1
缉私	jī sī	to suppress smugglers; to search for smuggled goods	8	1
统一性	tǒng yī xìng	unity	8	1
绞尽脑汁	jiǎo jìn nǎo zhī	to rack one's brains	8	1
纸质	zhǐ zhì	(attributive) paper; hard-copy; printed; paper quality	8	1
等式	děng shì	an equality; an equation	8	1
神思	shén sī	state of mind	8	1
碰头	pèng tóu	to meet; to hold a meeting	8	1
破口	pò kǒu	tear or rupture; to have a tear (e.g. in one's clothes)	8	1
破伤风	pò shāng fēng	tetanus (lockjaw)	8	1
痛哭流涕	tòng kū liú tì	weeping bitter tears	8	1
留驻	liú zhù	to keep stationed (of troops); to remain as a garrison	8	1
猫腻	māo nì	(coll.) something fishy; shenanigans	8	1
熟食	shú shí	cooked food; prepared food; deli food	8	1
热乎	rè hu	warm; hot; affectionate	8	1
烧结	shāo jié	to sinter; to agglomerate ore by burning	8	1
烧纸	shāo zhǐ	to burn paper offerings (as part of religious ceremony)	8	1
漆黑一团	qī hēi yī tuán	pitch-black; (fig.) to be completely in the dark	8	1
溶血	róng xuè	hemolysis (breakdown of red blood cells leading to anemia)	8	1
涨势	zhǎng shì	rising trend; upward momentum (e.g. in prices)	8	1
流连	liú lián	to loiter (i.e. reluctant to leave); to linger on	8	1
流离失所	liú lí shī suǒ	destitute and homeless (idiom); forced from one's home and wandering about	8	1
洞房花烛	dòng fáng huā zhú	bridal room and ornamented candles; wedding festivities (idiom)	8	1
洞察力	dòng chá lì	insight	8	1
泪如雨下	lèi rú yǔ xià	tears falling like rain (idiom)	8	1
汽化	qì huà	to boil; to vaporize	8	1
毫不客气	háo bù kè qi	no trace of politeness; unrestrained (criticism)	8	1
欢悦	huān yuè	happiness; joy; to be happy	8	1
横生	héng shēng	to grow without restraint; overflowing with; to happen unexpectedly	8	1
案头	àn tóu	on one's desk	8	1
染指	rǎn zhǐ	to dip a finger (idiom); fig. to get one's finger in the pie	8	1
果肉	guǒ ròu	the flesh of a fruit; pulp	8	1
果敢	guǒ gǎn	courageous; resolute and daring	8	1
村姑	cūn gū	village girl; country bumpkin	8	1
早前	zǎo qián	previously	8	1
既得利益	jì dé lì yì	vested interest	8	1
方舟	fāng zhōu	ark	8	1
方志	fāng zhì	local chronicles; district records	8	1
斗士	dòu shì	warrior; activist	8	1
文员	wén yuán	office worker; clerk	8	1
散会	sàn huì	to disperse a meeting; to adjourn; finished	8	1
政治性	zhèng zhì xìng	political	8	1
放线菌	fàng xiàn jūn	actinomycete (bacteria of order Actinomycetales)	8	1
放生	fàng shēng	to set free a captive animal (in some cases, as an act of Buddhist mercy)	8	1
放大镜	fàng dà jìng	magnifying glass	8	1
撼动	hàn dòng	to shake up; to deal a shock; (fig.) to stir (sb's heart)	8	1
摇摇摆摆	yáo yáo bǎi bǎi	swaggering; staggering; waddling	8	1
摄影家	shè yǐng jiā	photographer	8	1
描金	miáo jīn	to outline in gold	8	1
拼杀	pīn shā	to grapple (with the enemy); to fight at the risk of one's life	8	1
拒之门外	jù zhī mén wài	to lock one's door and refuse to see sb	8	1
拉链	lā liàn	zipper	8	1
抗灾	kàng zāi	defense against natural disasters	8	1
扰民	rǎo mín	(of government policy, noise pollution, crime etc) to make people's lives difficult	8	1
打颤	dǎ zhàn	to shiver; to tremble	8	1
愧对	kuì duì	to be ashamed to face (sb); to feel bad about having failed (sb)	8	1
想当然	xiǎng dāng rán	to take sth as given; to make assumptions	8	1
惨不忍睹	cǎn bù rěn dǔ	lit. so horrible that one cannot bear to look (idiom)	8	1
心领神会	xīn lǐng shén huì	to understand tacitly (idiom); to know intuitively	8	1
心血来潮	xīn xuè lái cháo	to be prompted by a sudden impulse; carried away by a whim	8	1
屯驻	tún zhù	to station; to quarter; to garrison	8	1
守土	shǒu tǔ	to guard one's territory; to protect the country	8	1
学前教育	xué qián jiào yù	preschool education; early childhood education	8	1
孝道	xiào dao	filial piety (Confucian virtue); to be a good son or daughter	8	1
婆媳	pó xí	mother-in-law and daughter-in-law	8	1
委曲	wěi qū	to feel wronged; to feel aggrieved	8	1
妙处	miào chù	ideal place; suitable location; merit	8	1
如花似玉	rú huā sì yù	delicate as a flower, refined as a precious jade (idiom)	8	1
如故	rú gù	as before; as usual; (to be) like old friends	8	1
夹竹桃	jiā zhú táo	oleander (Nerium oleander)	8	1
失球	shī qiú	to concede a goal	8	1
大摇大摆	dà yáo dà bǎi	to strut; swaggering	8	1
大吃大喝	dà chī dà hē	to eat and drink as much as one likes; to make a pig of oneself	8	1
墓志铭	mù zhì míng	epitaph	8	1
墓园	mù yuán	cemetery; graveyard	8	1
园丁	yuán dīng	gardener	8	1
回响	huí xiǎng	to echo; to reverberate; to respond	8	1
唠唠叨叨	láo lao dāo dāo	to chatter; to babble	8	1
同窗	tóng chuāng	schoolmate; fellow student	8	1
可敬	kě jìng	venerable	8	1
叛国	pàn guó	treason	8	1
变分法	biàn fēn fǎ	calculus of variations	8	1
受宠	shòu chǒng	to receive favor (from superior); favored; pampered	8	1
双曲线	shuāng qū xiàn	hyperbola	8	1
及第	jí dì	to pass an imperial examination	8	1
危房	wēi fáng	decrepit house	8	1
危在旦夕	wēi zài dàn xī	in imminent peril (idiom); on the brink of crisis	8	1
半山腰	bàn shān yāo	the mid-slope of a mountain	8	1
北极熊	běi jí xióng	polar bear	8	1
包销	bāo xiāo	to have exclusive selling rights	8	1
包住	bāo zhù	to envelop; to wrap; to enclose	8	1
勾搭	gōu da	to gang up; to fool around with; to make up to	8	1
动笔	dòng bǐ	to put pen to paper; to start writing or painting	8	1
别开生面	bié kāi shēng miàn	to start sth new or original (idiom); to break a new path	8	1
利诱	lì yòu	to use gain as a lure	8	1
分店	fēn diàn	branch (of a chain store); annex	8	1
傻眼	shǎ yǎn	(coll.) stunned; dumbfounded; flabbergasted	8	1
偷生	tōu shēng	to live without purpose	8	1
候审	hòu shěn	awaiting trial	8	1
伪书	wěi shū	forged book; book of dubious authenticity; misattributed book	8	1
会考	huì kǎo	unified examination	8	1
休学	xiū xué	to suspend schooling; to defer study	8	1
人情味	rén qíng wèi	human warmth; friendliness; human touch	8	1
二八	èr bā	16; sixteen	8	1
事与愿违	shì yǔ yuàn wéi	things turn out contrary to the way one wishes (idiom)	8	1
九死一生	jiǔ sǐ yī shēng	nine deaths and still alive (idiom); a narrow escape; new lease of life	8	1
主因	zhǔ yīn	principal cause; main reason	8	1
中转站	zhōng zhuǎn zhàn	transit hub; transport hub; interchange	8	1
上进	shàng jìn	to make progress; to do better; fig. ambitious to improve oneself	8	1
上官	shàng guān	high-ranking official; superior	8	1
一见如故	yī jiàn rú gù	familiarity at first sight	8	1
一刀切	yī dāo qiē	lit. to cut all at one stroke (idiom); to impose uniformity	8	1
一举两得	yī jǔ liǎng dé	(lit.) one action, two gains (idiom); (fig.) two birds with one stone	8	1
一丝一毫	yī sī yī háo	one thread, one hair (idiom); a tiny bit; an iota	8	1
黑车	hēi chē	unlicensed or unofficial taxi; unlicensed motor vehicle	8	1
骨节	gǔ jié	joint (of the skeleton)	8	1
马灯	mǎ dēng	barn lantern; kerosene lamp	8	1
风物	fēng wù	scenery; sights	8	1
韧皮部	rèn pí bù	phloem	8	1
霸气	bà qì	imperious; aggressive; assertive; dictatorial manner; boldness (CL:股)	8	1
露头	lòu tóu	to show one's head; to give a sign to show one's presence	8	1
阅览	yuè lǎn	to read	8	1
闹哄哄	nào hōng hōng	clamorous; noisy; sensational	8	1
门扇	mén shàn	door; the opening panel of a door	8	1
重头戏	zhòng tóu xì	opera (or role) involving much singing and action; (fig.) highlight	8	1
释疑	shì yí	to dispel doubts; to clear up difficulties	8	1
酒肆	jiǔ sì	wine shop; liquor store; bottle shop	8	1
远扬	yuǎn yáng	(fame) spreads far and wide	8	1
进袭	jìn xí	raid; to carry out a raid; to invade	8	1
还原剂	huán yuán jì	reducing agent	8	1
迎面而来	yíng miàn ér lái	directly; head-on (collision); in one's face (of wind)	8	1
路数	lù shù	stratagem; method; approach; (martial arts) movement; social connections	8	1
跑遍	pǎo biàn	to go everywhere; to scour (the whole town)	8	1
谓词	wèi cí	predicate (in logic and grammar)	8	1
调味品	tiáo wèi pǐn	seasoning; flavoring	8	1
谁料	shéi liào	who would have thought that; who would have expected that	8	1
说理	shuō lǐ	to reason; to argue logically	8	1
说来话长	shuō lái huà cháng	start explaining and it's a long story (idiom); complicated and not easy to express succinctly	8	1
诉讼法	sù sòng fǎ	procedural law	8	1
讲道	jiǎng dào	to preach; a sermon	8	1
认准	rèn zhǔn	to identify clearly; to make sure of; to believe firmly	8	1
视差	shì chā	parallax	8	1
蜂群	fēng qún	bee colony; swarm	8	1
虚词	xū cí	(linguistics) function word	8	1
营私	yíng sī	to gain from corrupt dealing; to engage in graft; to feather one's nest	8	1
获救	huò jiù	to be rescued; to be saved	8	1
苦海	kǔ hǎi	lit. sea of bitterness; abyss of worldly suffering (Buddhist term)	8	1
苦不堪言	kǔ bù kān yán	to suffer unspeakable misery; indescribably painful; hellish	8	1
花团锦簇	huā tuán jǐn cù	brightly colored decorations (idiom); splendid	8	1
色盲	sè máng	color-blind; color blindness	8	1
舞姿	wǔ zī	dancer's posture and movement	8	1
自由港	zì yóu gǎng	free port	8	1
自满	zì mǎn	complacent; self-satisfied	8	1
自作主张	zì zuò zhǔ zhāng	(idiom) to act on one's own; to decide for oneself	8	1
腰板	yāo bǎn	waist and back; physique	8	1
脑膜炎	nǎo mó yán	meningitis	8	1
胆大妄为	dǎn dà wàng wéi	daring; presumptuous; daredevil	8	1
绿荫	lǜ yīn	the shade (of a tree)	8	1
纵欲	zòng yù	to indulge in debauchery	8	1
粮站	liáng zhàn	grain supply station	8	1
笑逐颜开	xiào zhú yán kāi	smile spread across the face (idiom); beaming with pleasure; all smiles	8	1
笑谈	xiào tán	object of ridicule; laughingstock; to laugh over sth	8	1
穷光蛋	qióng guāng dàn	poor wretch; pauper; destitute man	8	1
秘籍	mì jí	rare book; cheat code (video games)	8	1
神童	shén tóng	child prodigy	8	1
磁力线	cí lì xiàn	line of magnetic flux	8	1
石破天惊	shí pò tiān jīng	earth-shattering; breakthrough; remarkable and original work	8	1
眉清目秀	méi qīng mù xiù	pretty; with delicate features	8	1
相得益彰	xiāng dé yì zhāng	to bring out the best in each other (idiom)	8	1
盖帽	gài mào	block (basketball)	8	1
白区	bái qū	White area (territory controlled by the KMT during the Second Revolutionary War, 1927–1937)	8	1
电热	diàn rè	electrical heating	8	1
理当	lǐ dāng	should; ought	8	1
球茎	qiú jīng	(botany) corm	8	1
现象学	xiàn xiàng xué	phenomenology	8	1
环路	huán lù	ring road; closed circuit; loop	8	1
环保局	huán bǎo jú	environment protection office	8	1
狼吞虎咽	láng tūn hǔ yàn	to wolf down one's food (idiom); to devour ravenously; to gorge oneself	8	1
狱吏	yù lì	prison guard; jailer (old)	8	1
狂飙	kuáng biāo	hurricane; violent reform or revolution; violent movement or force	8	1
犯错	fàn cuò	to err; to make a mistake; to do the wrong thing	8	1
烟管	yān guǎn	smoking pipe	8	1
点将	diǎn jiàng	to appoint a general (in theater); fig. to appoint sb for a task	8	1
炸雷	zhà léi	thunderclap	8	1
火神	huǒ shén	god of fire	8	1
火坑	huǒ kēng	pit of fire; fig. living hell	8	1
潜水器	qián shuǐ qì	submersible	8	1
滚轮	gǔn lún	roller; rotating dial; (computer mouse) scroll wheel	8	1
溃烂	kuì làn	to fester; to ulcerate	8	1
温厚	wēn hòu	good-natured; warm and generous; gentle	8	1
清退	qīng tuì	to remove; to dismiss; to phase out; to return; to refund	8	1
清议	qīng yì	fair criticism; just comment	8	1
涌泉	yǒng quán	gushing spring	8	1
油船	yóu chuán	oil tanker	8	1
油库	yóu kù	fuel depot; fuel farm	8	1
汇流	huì liú	(of rivers etc) to converge; convergence	8	1
气韵	qì yùn	(of literature, art) distinct style; flavor; spirit	8	1
每时每刻	měi shí měi kè	at all times; at every moment	8	1
欢欣	huān xīn	elated	8	1
根须	gēn xū	roots	8	1
枪杆	qiāng gǎn	gun barrel	8	1
板斧	bǎn fǔ	broad axe	8	1
本体论	běn tǐ lùn	ontology	8	1
时运	shí yùn	circumstances; fate	8	1
时令	shí lìng	season	8	1
无路可走	wú lù kě zǒu	nowhere to go; at the end of one's tether	8	1
无趣	wú qù	dull; vapid; colorless	8	1
断交	duàn jiāo	to end a relationship; to break off diplomatic ties	8	1
拔地而起	bá dì ér qǐ	(idiom) (of a building etc) to rise out of the ground	8	1
拌嘴	bàn zuǐ	to bicker; to squabble; to quarrel	8	1
拆卸	chāi xiè	to dismantle; to take apart	8	1
押韵	yā yùn	to rhyme; sometimes written 壓韻	8	1
扫描仪	sǎo miáo yí	scanner (device)	8	1
打制	dǎ zhì	to make (by hammering, chipping etc)	8	1
战兢兢	zhàn jīng jīng	shaking with fear	8	1
戒毒	jiè dú	to kick a drug habit; to abstain from drugs	8	1
成心	chéng xīn	intentionally; deliberately; on purpose	8	1
感念	gǎn niàn	to recall fondly; to remember with emotion	8	1
愁闷	chóu mèn	depressed; gloomy	8	1
怨愤	yuàn fèn	resentment and indignation	8	1
性器官	xìng qì guān	sexual organ	8	1
急骤	jí zhòu	rapid	8	1
忠勇	zhōng yǒng	loyal and brave	8	1
心气	xīn qì	intention; motive; state of mind	8	1
心服口服	xīn fú kǒu fú	(idiom) to accept wholeheartedly; to embrace; to be won over	8	1
待机	dài jī	to wait for an opportunity; (electronic devices) standby	8	1
弹唱	tán chàng	to sing and play (plucked string instrument)	8	1
弹压	tán yā	to suppress; to quell (a disturbance); repression	8	1
异体	yì tǐ	variant form (of a Chinese character)	8	1
开球	kāi qiú	open ball (math.); to start a ball game; to kick off (soccer)	8	1
开合	kāi hé	to open and close	8	1
年糕	nián gāo	nian gao, New Year cake, typically a sweet, steamed cake made with glutinous rice flour	8	1
帅气	shuài qi	handsome; smart; dashing	8	1
差分	chā fēn	(math.) increment; difference; (engineering) differential	8	1
导轨	dǎo guǐ	(mechanics) guide rail; slideway	8	1
对位	duì wèi	counterpoint (in music etc); to align; alignment	8	1
守口如瓶	shǒu kǒu rú píng	lit. to guard one's mouth like a closed bottle (idiom); tight-lipped	8	1
季刊	jì kān	quarterly publication	8	1
姑夫	gū fu	father's sister's husband; husband of paternal aunt; uncle	8	1
复核	fù hé	to reconsider; to reexamine	8	1
售票员	shòu piào yuán	ticket seller	8	1
响器	xiǎng qì	percussion instrument	8	1
后尘	hòu chén	lit. trailing dust; fig. sb's footsteps; course in life	8	1
同义	tóng yì	synonymous	8	1
叮咬	dīng yǎo	(of a mosquito etc) to bite	8	1
口传	kǒu chuán	to convey orally; to pass on by word of mouth (instructions, information, stories etc)	8	1
发文	fā wén	to issue a document; document issued by an authority; outgoing messages	8	1
单日	dān rì	on a single day	8	1
劲射	jìng shè	power shot (e.g. in soccer)	8	1
加温	jiā wēn	to heat; to add warmth; to raise temperature	8	1
功不可没	gōng bù kě mò	one's contributions cannot go unnoticed (idiom)	8	1
刀枪不入	dāo qiāng bù rù	lit. impervious to sword or spear (idiom); fig. invulnerable	8	1
军功	jūn gōng	(military) meritorious service	8	1
内耳	nèi ěr	inner ear	8	1
全速	quán sù	top speed; at full speed	8	1
傻乎乎	shǎ hū hū	feeble-minded; dim-witted	8	1
停机	tíng jī	(of a machine) to stop; to shut down; to park a plane	8	1
信纸	xìn zhǐ	letter paper; writing paper	8	1
作伴	zuò bàn	to accompany; to keep sb company	8	1
伸冤	shēn yuān	to right wrongs; to redress an injustice	8	1
仿古	fǎng gǔ	pseudo-classical; modeled on antique; in the old style	8	1
份子	fèn zi	one's share of expenses (e.g. when buying a gift collectively)	8	1
人工流产	rén gōng liú chǎn	abortion	8	1
乐观主义	lè guān zhǔ yì	optimism	8	1
乐此不疲	lè cǐ bù pí	(idiom) to enjoy sth and never tire of it	8	1
丰度	fēng dù	abundance	8	1
中保	zhōng bǎo	middleman and guarantor	8	1
不出所料	bù chū suǒ liào	as expected	8	1
下网	xià wǎng	to cast a fishing net; (computing) to go offline	8	1
高估	gāo gū	to overestimate; to overrate	8	1
驱动器	qū dòng qì	drive	8	1
马步	mǎ bù	(martial arts) horse stance (with legs wide apart, as when riding a horse)	8	1
预制	yù zhì	prefabricated; precut; to prefabricate	8	1
顺水	shùn shuǐ	with the current	8	1
音速	yīn sù	speed of sound	8	1
非礼	fēi lǐ	impolite; impropriety; to sexually harass	8	1
闲杂	xián zá	(employee) having no fixed duties	8	1
铁面	tiě miàn	iron mask (as defensive armor); fig. upright and selfless person	8	1
钱物	qián wù	money and things of value	8	1
金领	jīn lǐng	gold collar; high-level senior executive; highly-skilled worker	8	1
重灾区	zhòng zāi qū	area particularly hard-hit by a disaster; disaster area	8	1
郊野	jiāo yě	open area outside the city; countryside	8	1
车流	chē liú	traffic; rate of traffic flow	8	1
跟风	gēn fēng	to follow the trend; to jump on the bandwagon	8	1
超凡	chāo fán	out of the ordinary; exceedingly (good)	8	1
走红	zǒu hóng	to become popular; to be a hit	8	1
贪恋	tān liàn	to cling to; to be reluctant to give up (sth)	8	1
货船	huò chuán	cargo ship; freighter	8	1
账房	zhàng fáng	an accounts office (in former times); an accountant; a cashier	8	1
调情	tiáo qíng	to flirt	8	1
裂化	liè huà	to crack (fractionally distill oil)	8	1
虔敬	qián jìng	reverent	8	1
药瓶	yào píng	medicine bottle	8	1
草屋	cǎo wū	thatched hut	8	1
苦心经营	kǔ xīn jīng yíng	to build up an enterprise through painstaking efforts	8	1
苦干	kǔ gàn	to work hard	8	1
花丝	huā sī	stalk (filament) of stamen	8	1
芭蕉扇	bā jiāo shàn	palm-leaf fan	8	1
舅爷	jiù yé	father's maternal uncle; granduncle	8	1
自圆其说	zì yuán qí shuō	(idiom) to make a story or theory consistent; to give a plausible explanation; to plug the holes in one's story	8	1
脱胎换骨	tuō tāi huàn gǔ	to shed one's mortal body and exchange one's bones (idiom); born again Daoist	8	1
脑力	nǎo lì	mental capacity	8	1
育龄	yù líng	childbearing age	8	1
肉酱	ròu jiàng	minced meat sauce; (fig.) mincemeat; a person cut to pieces	8	1
老丈	lǎo zhàng	sir (respectful form of address for an old man)	8	1
群峰	qún fēng	the peaks of a mountain range	8	1
缺一不可	quē yī bù kě	not a single one is dispensable; can't do without either	8	1
编目	biān mù	to make a catalogue; catalogue; list	8	1
统战	tǒng zhàn	united front (abbr. for 統一戰線)	8	1
结巴	jiē ba	to stutter	8	1
终审	zhōng shěn	final ruling	8	1
终了	zhōng liǎo	to end	8	1
管弦乐队	guǎn xián yuè duì	orchestra	8	1
笔尖	bǐ jiān	nib; pen point; the tip of a writing brush or pencil	8	1
稀里糊涂	xī li hú tu	muddleheaded; careless	8	1
秀气	xiù qi	delicate; graceful	8	1
离心力	lí xīn lì	centrifugal force	8	1
离场	lí chǎng	to leave the venue; (of an athlete) to leave the field; (of an investor) to exit the market; (of an aircraft) to depart	8	1
磁共振	cí gòng zhèn	magnetic resonance	8	1
短距离	duǎn jù lí	short distance; a stone's throw away	8	1
知交	zhī jiāo	intimate friend	8	1
看家	kān jiā	to look after the house; (of skill, ability) special; outstanding	8	1
相安无事	xiāng ān wú shì	(idiom) to live together in harmony	8	1
现代舞	xiàn dài wǔ	modern dance	8	1
爬升	pá shēng	to rise; to ascend; to climb (airplane etc)	8	1
烟丝	yān sī	loose tobacco; fine-cut tobacco	8	1
灌浆	guàn jiāng	grouting; (of grain) to be in the milk; to form a vesicle (medicine)	8	1
溢于言表	yì yú yán biǎo	to exhibit one's feelings in one's speech	8	1
添乱	tiān luàn	(coll.) to cause trouble for sb; to inconvenience	8	1
淋浴	lín yù	to take a shower; shower	8	1
液面	yè miàn	surface (of a body of liquid)	8	1
浓眉大眼	nóng méi dà yǎn	thick eyebrows and big eyes	8	1
法币	fǎ bì	fiat currency (abbr. for 法定貨幣)	8	1
水力学	shuǐ lì xué	hydraulics	8	1
气田	qì tián	gas field	8	1
正经事	zhèng jīng shì	an important matter (sth work-related or productive etc)	8	1
正旦	zhèng dàn	starring female role in a Chinese opera	8	1
欠款	qiàn kuǎn	to owe a debt; balance due; debts	8	1
棉田	mián tián	cotton field	8	1
核裂变	hé liè biàn	atomic fission; nuclear fission; fission	8	1
核糖核酸	hé táng hé suān	ribonucleic acid (RNA)	8	1
栖身	qī shēn	to stay at; to live in (temporarily)	8	1
查实	chá shí	to verify; to ascertain	8	1
机巧	jī qiǎo	cunning; dexterous; ingenious	8	1
有增无减	yǒu zēng wú jiǎn	to increase without letup; to get worse and worse (idiom)	8	1
映入眼帘	yìng rù yǎn lián	(idiom) to greet the eye; to come into view	8	1
星图	xīng tú	star atlas	8	1
时隐时现	shí yǐn shí xiàn	appearing and disappearing (idiom); intermittently visible	8	1
时效性	shí xiào xìng	sensitivity to timing; time-sensitive; timeliness	8	1
无花果	wú huā guǒ	fig (Ficus carica)	8	1
无怨无悔	wú yuàn wú huǐ	no complaints; to have no regrets	8	1
旗鼓相当	qí gǔ xiāng dāng	lit. two armies have equivalent banners and drums (idiom); fig. evenly matched	8	1
新贵	xīn guì	nouveau riche; upstart; new appointee	8	1
斜线	xié xiàn	oblique line; slash (symbol)	8	1
摊牌	tān pái	to lay one's cards on the table	8	1
搏杀	bó shā	to fight and kill; to engage in fierce combat (also used figuratively of opposing chess players)	8	1
排忧解难	pái yōu jiě nàn	to resolve a difficult situation and leave worries behind (idiom)	8	1
捕猎	bǔ liè	to catch (wild animals); to hunt	8	1
拔腿	bá tuǐ	to break into a run	8	1
拍案	pāi àn	lit. to slap the table (in amazement, praise, anger, resentment etc)	8	1
扭亏为盈	niǔ kuī wéi yíng	(idiom) to get into the black; to become profitable	8	1
战袍	zhàn páo	soldier's uniform; (sports) team jersey; team shirt	8	1
意译	yì yì	meaning (of foreign expression)	8	1
情妇	qíng fù	mistress; paramour (of married man)	8	1
心力	xīn lì	mental and physical efforts	8	1
微末	wēi mò	tiny; negligible	8	1
形神	xíng shén	body and soul; physical and spiritual; material form and internal spirit	8	1
形同	xíng tóng	tantamount to; to be like	8	1
异曲同工	yì qǔ tóng gōng	different tunes played with equal skill (idiom)	8	1
幽禁	yōu jìn	to place under house arrest; to imprison	8	1
幽会	yōu huì	(usually of lovers) to rendezvous in secret	8	1
平视	píng shì	to look squarely at; to look straight ahead	8	1
帐幕	zhàng mù	tent	8	1
尽心尽力	jìn xīn jìn lì	making an all-out effort (idiom); to try one's heart out	8	1
密电	mì diàn	coded telegram; secret telegram	8	1
密令	mì lìng	secret instruction; secret order	8	1
家养	jiā yǎng	domestic (animals); home reared	8	1
媒质	méi zhì	medium	8	1
婚约	hūn yuē	engagement; wedding contract	8	1
妄言	wàng yán	lies; wild talk; to tell lies	8	1
女扮男装	nǚ bàn nán zhuāng	(of a woman) to dress as a man (idiom)	8	1
失重	shī zhòng	weightlessness	8	1
大餐	dà cān	sumptuous meal; banquet	8	1
大言不惭	dà yán bù cán	to boast shamelessly; to talk big	8	1
大篷车	dà péng chē	covered truck; covered wagon	8	1
够意思	gòu yì si	wonderful; great; delightful	8	1
外乡人	wài xiāng rén	a stranger; out-of-towner	8	1
地心	dì xīn	the center of the Earth; (attributive) geocentric; the Earth's interior	8	1
四溢	sì yì	(of a perfume or a foul odor) permeating the whole place	8	1
善解人意	shàn jiě rén yì	to be good at understanding others (idiom)	8	1
哀告	āi gào	to beg piteously; to supplicate	8	1
听戏	tīng xì	to attend an opera; to see an opera	8	1
合拍	hé pāi	in time with (i.e. same rhythm); to keep in step with; fig. to cooperate	8	1
古代史	gǔ dài shǐ	ancient history	8	1
口琴	kǒu qín	harmonica	8	1
发笑	fā xiào	to burst out laughing; to laugh	8	1
发狂	fā kuáng	crazy; mad; madly	8	1
半途	bàn tú	halfway; midway	8	1
劈头盖脸	pī tóu gài liǎn	lit. splitting the head and covering the face (idiom); fig. pelting (with rain etc)	8	1
前兆	qián zhào	omen; prior indication; first sign	8	1
出口商	chū kǒu shāng	exporter; export business	8	1
冤魂	yuān hún	ghost of one who died unjustly	8	1
公使馆	gōng shǐ guǎn	embassy (old term); foreign mission	8	1
光谱分析	guāng pǔ fēn xī	spectral analysis	8	1
停用	tíng yòng	to stop using; to suspend; to discontinue	8	1
传唱	chuán chàng	to pass on a song	8	1
仙气	xiān qì	ethereal quality	8	1
介词	jiè cí	preposition	8	1
介乎	jiè hū	to lie between	8	1
五花大绑	wǔ huā dà bǎng	to bind a person's upper body, with arms tied behind the back and rope looped around the neck	8	1
五味	wǔ wèi	the five flavors, namely: sweet 甜, sour 酸, bitter 苦, spicy hot 辣, salty 鹹	8	1
二人转	èr rén zhuàn	genre of song-and-dance duet popular in northeast China	8	1
临战	lín zhàn	just before the contest; on the eve of war	8	1
丰饶	fēng ráo	rich and fertile	8	1
两全其美	liǎng quán qí měi	to satisfy rival demands (idiom); to get the best of both worlds	8	1
不谋而合	bù móu ér hé	to agree without prior consultation; to happen to hold the same view	8	1
上半时	shàng bàn shí	first half of a game or contest	8	1
上半	shàng bàn	first half	8	1
一马当先	yī mǎ dāng xiān	(idiom) to take the lead	8	1
麻花	má huā	fried dough twist (crisp snack food made by deep-frying plaited dough)	8	1
鱼骨	yú gǔ	fish bone	8	1
食量	shí liàng	quantity of food one eats; food intake	8	1
颓势	tuí shì	decline (in fortune)	8	1
预设	yù shè	to presuppose; to predispose; to preset	8	1
顶天立地	dǐng tiān lì dì	lit. able to support both heaven and earth	8	1
面食	miàn shí	food made from wheat flour, such as noodles, dumplings, buns etc	8	1
附肢	fù zhī	appendage	8	1
防波堤	fáng bō dī	breakwater; seawall; fig. defensive buffer zone	8	1
间作	jiàn zuò	interplanting	8	1
镜框	jìng kuàng	picture frame; spectacle frame	8	1
锐意	ruì yì	acute determination; dauntless	8	1
锅盖	guō gài	saucepan lid; (satellite) dish	8	1
铁锈	tiě xiù	rust	8	1
重离子	zhòng lí zǐ	heavy ion (physics)	8	1
郁结	yù jié	to suffer from pent-up frustrations; mental knot; emotional issue	8	1
邻人	lín rén	neighbor	8	1
通关	tōng guān	to clear customs; (gaming) to finish (a game, a level, a stage, etc)	8	1
送命	sòng mìng	to lose one's life; to get killed	8	1
进香	jìn xiāng	to burn incense at a temple	8	1
进言	jìn yán	to put forward a suggestion (to sb in a senior position)	8	1
辞掉	cí diào	to quit (one's job); to dismiss (an employee)	8	1
转义	zhuǎn yì	(linguistics) transferred meaning; (computing) to escape	8	1
赔不是	péi bú shi	to apologize	8	1
赌客	dǔ kè	gambler	8	1
贪赃枉法	tān zāng wǎng fǎ	corruption and abuse of the law (idiom); to take bribes and bend the law	8	1
贪心	tān xīn	greedy	8	1
谐波	xié bō	harmonic (wave with frequency an integer multiple of the fundamental)	8	1
谐和	xié hé	concordant; harmonious	8	1
警力	jǐng lì	police force; police officers	8	1
解聘	jiě pìn	to dismiss an employee; to sack	8	1
见怪不怪	jiàn guài bù guài	(idiom) to have seen sth so often that it doesn't seem strange at all; to be well accustomed (to sth)	8	1
蠢蠢欲动	chǔn chǔn yù dòng	to begin to stir (idiom); to get restless; to become threatening	8	1
菩提树	pú tí shù	peepul (Ficus religiosa); bodhi tree; sacred fig	8	1
菌类	jūn lèi	fungus	8	1
茶房	chá fáng	waiter; steward; porter	8	1
节骨眼	jiē gu yǎn	(dialect) critical juncture; crucial moment; Taiwan pr.	8	1
致病性	zhì bìng xìng	pathogenic; pathogenicity	8	1
自由派	zì yóu pài	liberal	8	1
自查	zì chá	to inspect oneself; to carry out a self-inspection	8	1
自夸	zì kuā	to boast	8	1
脱逃	tuō táo	to run away; to escape	8	1
脚背	jiǎo bèi	instep (upper surface of the foot)	8	1
脑垂体	nǎo chuí tǐ	pituitary gland	8	1
脑力劳动	nǎo lì láo dòng	mental labor; intellectual work	8	1
老谋深算	lǎo móu shēn suàn	rigorous schemes and deep foresight (idiom); astute and circumspect	8	1
翻倒	fān dǎo	to overturn; to overthrow; to capsize	8	1
经世	jīng shì	statecraft	8	1
经不住	jīng bu zhù	to be unable to bear	8	1
线下	xiàn xià	offline; below the line	8	1
精进	jīng jìn	to forge ahead vigorously; to dedicate oneself to progress	8	1
粗豪	cū háo	straightforward; forthright	8	1
竞走	jìng zǒu	walking race (athletics event)	8	1
祸乱	huò luàn	calamity and chaos; devastating disorder; great turmoil	8	1
知难而退	zhī nán ér tuì	(lit.) to sound out the difficulties and retreat to avoid defeat (idiom)	8	1
相亲	xiāng qīn	blind date	8	1
目镜	mù jìng	eyepiece	8	1
盛传	shèng chuán	widely spread; widely rumored; stories abound	8	1
白瓷	bái cí	blanc de chine (porcelain)	8	1
登顶	dēng dǐng	(lit. and fig.) to get to the top	8	1
疑神疑鬼	yí shén yí guǐ	to suspect everyone; overly suspicious	8	1
画师	huà shī	(art) painter	8	1
画作	huà zuò	painting; picture	8	1
电泳	diàn yǒng	electrophoresis	8	1
理性主义	lǐ xìng zhǔ yì	rationalism	8	1
烧炭	shāo tàn	to manufacture charcoal	8	1
烈酒	liè jiǔ	strong alcoholic drink	8	1
炮舰	pào jiàn	gunship	8	1
演剧	yǎn jù	to perform a play	8	1
漂白	piǎo bái	to bleach; to whiten	8	1
湿气	shī qì	moisture; humidity; athlete's foot	8	1
清道	qīng dào	to clean the street	8	1
深谋远虑	shēn móu yuǎn lǜ	lit. deep plans and distant thoughts; to plan far ahead (idiom)	8	1
深谈	shēn tán	to have an in depth conversation; to have intimate talks	8	1
浪荡	làng dàng	to loiter; to hang around; dissolute	8	1
浅显	qiǎn xiǎn	(of written or spoken material) easy to understand; accessible	8	1
沿边	yán biān	close to the border; along the border	8	1
治病救人	zhì bìng jiù rén	to treat the disease to save the patient	8	1
油松	yóu sōng	Chinese red pine	8	1
求索	qiú suǒ	to search for sth; to seek; to quest	8	1
民俗学	mín sú xué	folklore	8	1
死气沉沉	sǐ qì chén chén	dead atmosphere; lifeless; spiritless	8	1
步行者	bù xíng zhě	pedestrian	8	1
欺辱	qī rǔ	to humiliate; humiliation	8	1
模棱两可	mó léng liǎng kě	equivocal; ambiguous	8	1
桃花源	táo huā yuán	the Peach Blossom Spring, a hidden land of peace and prosperity; utopia	8	1
杠子	gàng zi	thick bar; solid carrying pole	8	1
权宜之计	quán yí zhī jì	plan of convenience (idiom); stop-gap measure; makeshift stratagem	8	1
木版	mù bǎn	(printing) woodblock	8	1
替死鬼	tì sǐ guǐ	scapegoat; fall guy	8	1
曲棍球	qū gùn qiú	field hockey	8	1
暴富	bào fù	to get rich quick	8	1
无独有偶	wú dú yǒu ǒu	not alone but in pairs (idiom, usually derog.); not a unique occurrence	8	1
断气	duàn qì	to stop breathing; to breathe one's last; to die	8	1
斜倚	xié yǐ	to recline	8	1
斗鸡	dòu jī	cock fighting	8	1
攀谈	pān tán	to chat	8	1
探针	tàn zhēn	probe	8	1
排遣	pái qiǎn	to divert oneself from (loneliness, grief etc)	8	1
排印	pái yìn	typesetting and printing	8	1
掏空	tāo kōng	to hollow out; to empty out; to use up	8	1
指正	zhǐ zhèng	to point out mistakes or weak points for correction; to comment	8	1
拼音文字	pīn yīn wén zì	phonetic alphabet; alphabetic writing system	8	1
招股	zhāo gǔ	share offer	8	1
报馆	bào guǎn	newspaper office	8	1
抑止	yì zhǐ	to supress; to restrain	8	1
成见	chéng jiàn	preconceived idea; bias; prejudice	8	1
戏法	xì fǎ	magic trick	8	1
恭贺	gōng hè	to congratulate respectfully; to express good wishes	8	1
思过	sī guò	to reflect on one's past errors	8	1
心寒	xīn hán	bitterly disappointed; frightened	8	1
归口	guī kǒu	to return to one's original trade	8	1
弹片	dàn piàn	shrapnel; shell fragment	8	1
开方	kāi fāng	(medicine) to write out a prescription	8	1
开户	kāi hù	to open an account (bank etc)	8	1
开怀	kāi huái	to one's heart's content; without restraint	8	1
开发者	kāi fā zhě	developer	8	1
应激	yìng jī	stress (abbr. for 應激反應)	8	1
平实	píng shí	simple and unadorned; plain; (of land) level	8	1
帮腔	bāng qiāng	vocal accompaniment in some traditional Chinese operas	8	1
差池	chā chí	mistake; error; mishap	8	1
封套	fēng tào	envelope; wrapper; (book) jacket	8	1
察言观色	chá yán guān sè	to weigh up sb's words and observe their facial expression (idiom)	8	1
宫调	gōng diào	modes of ancient Chinese music	8	1
宛转	wǎn zhuǎn	sinuous; meandering; to take a circuitous route	8	1
完好无损	wán hǎo wú sǔn	in good condition; undamaged; intact	8	1
学医	xué yī	to study medicine	8	1
嫩叶	nèn yè	tender young leaves	8	1
娇小	jiāo xiǎo	petite; delicate; dainty	8	1
好动	hào dòng	active; restless; energetic	8	1
奠基者	diàn jī zhě	founder; pioneer	8	1
失禁	shī jìn	to lose control of one's bladder or bowels; incontinent	8	1
失真	shī zhēn	to lack fidelity; (signal) distortion	8	1
墙面	qiáng miàn	the surface of a wall (esp. an interior wall)	8	1
圆心	yuán xīn	center of circle	8	1
四重奏	sì chóng zòu	quartet (musical ensemble)	8	1
四一二	sì yī èr	12th April	8	1
哀痛	āi tòng	to grieve; to mourn; deep sorrow; grief	8	1
向斜	xiàng xié	syncline (geology)	8	1
合股	hé gǔ	joint stock; ply (e.g. 2-ply yarn)	8	1
口服液	kǒu fú yè	(pharmacology) oral liquid	8	1
取长补短	qǔ cháng bǔ duǎn	lit. use others' strengths to make up for one's weak points (idiom from Mencius)	8	1
取现	qǔ xiàn	to withdraw money	8	1
压倒性	yā dǎo xìng	overwhelming	8	1
千言万语	qiān yán wàn yǔ	thousands of words (idiom); having a lot of things to say	8	1
千篇一律	qiān piān yī lǜ	thousand articles, same rule (idiom); stereotyped and repetitive	8	1
十进制	shí jìn zhì	decimal	8	1
化缘	huà yuán	(of a monk) to beg	8	1
勾心斗角	gōu xīn dòu jiǎo	to fight and scheme against each other (idiom)	8	1
劳碌	láo lù	to work hard; to toil	8	1
剪彩	jiǎn cǎi	to cut the ribbon (at a launching or opening ceremony)	8	1
创世	chuàng shì	the creation of the world	8	1
冻伤	dòng shāng	frostbite	8	1
农人	nóng rén	farmer	8	1
冒汗	mào hàn	to sweat	8	1
入冬	rù dōng	winter sets in	8	1
先声	xiān shēng	herald; precursor; harbinger	8	1
停机坪	tíng jī píng	aircraft parking ground; apron; tarmac (at airport)	8	1
倒悬	dào xuán	lit. to hang upside down; fig. in dire straits	8	1
低血糖	dī xuè táng	hypoglycemia (medicine)	8	1
传回	chuán huí	to send back	8	1
优裕	yōu yù	plenty; abundance	8	1
亲代	qīn dài	parent's generation; previous generation	8	1
五光十色	wǔ guāng shí sè	(idiom) bright and multicolored; of rich variety; dazzling; glitzy	8	1
乳液	rǔ yè	lotion; (chemistry) emulsion	8	1
东拉西扯	dōng lā xī chě	to talk about this and that (idiom); to ramble incoherently	8	1
三头六臂	sān tóu liù bì	(lit.) (having) three heads and six arms (idiom)	8	1
万寿无疆	wàn shòu wú jiāng	may you enjoy boundless longevity (idiom); long may you live	8	1
默想	mò xiǎng	silent contemplation; to meditate; to think in silence	8	1
鸟鸣	niǎo míng	birdsong; warbling	8	1
风车	fēng chē	pinwheel; windmill	8	1
颂歌	sòng gē	carol	8	1
青史	qīng shǐ	annal; historical record	8	1
陷坑	xiàn kēng	pitfall; pit as animal trap	8	1
附注	fù zhù	note; annotation	8	1
阵型	zhèn xíng	formation (of a sports team, troops etc)	8	1
阔别	kuò bié	separated for a long time	8	1
钳制	qián zhì	to suppress; to muzzle; to gag	8	1
金石学	jīn shí xué	epigraphy	8	1
酒色	jiǔ sè	wine and women; color of wine; drunken expression	8	1
鄙人	bǐ rén	your humble servant; I	8	1
道喜	dào xǐ	to congratulate	8	1
速写	sù xiě	quick sketch	8	1
轴心	zhóu xīn	axle; (fig.) central element; key element	8	1
转炉	zhuàn lú	converter (rotary furnace in steelmaking)	8	1
车费	chē fèi	passenger fare	8	1
身家	shēn jiā	oneself and one's family; family background; pedigree	8	1
趋同	qū tóng	to converge	8	1
越狱	yuè yù	to break out of prison; to jailbreak (an iOS device etc)	8	1
起爆	qǐ bào	to explode; to set off an explosion; to detonate	8	1
说三道四	shuō sān dào sì	to make thoughtless remarks (idiom); to criticize; gossip	8	1
语感	yǔ gǎn	instinctive feel for the language	8	1
诉状	sù zhuàng	indictment; plea; complaint	8	1
设色	shè sè	to paint; to color	8	1
表演赛	biǎo yǎn sài	exhibition match	8	1
行船	xíng chuán	to sail a boat; to navigate	8	1
行书	xíng shū	running script; semicursive script (Chinese calligraphic style)	8	1
血本	xuè běn	hard-earned capital	8	1
药典	yào diǎn	pharmacopoeia	8	1
苦处	kǔ chu	suffering; distress	8	1
舞步	wǔ bù	dance steps	8	1
脑神经	nǎo shén jīng	cranial nerves	8	1
肉刑	ròu xíng	corporal punishment (such as castration or amputation)	8	1
耗散	hào sàn	to dissipate; to squander	8	1
耐久	nài jiǔ	durable; long-lasting	8	1
统筹兼顾	tǒng chóu jiān gù	an overall plan taking into account all factors	8	1
红豆	hóng dòu	azuki bean; red bean	8	1
精疲力尽	jīng pí lì jìn	spirit weary, strength exhausted (idiom); spent; drained; washed out	8	1
简而言之	jiǎn ér yán zhī	in a nutshell; to put it briefly	8	1
站不住脚	zhàn bu zhù jiǎo	ill-founded; groundless	8	1
空腔	kōng qiāng	cavity	8	1
秋毫无犯	qiū háo wú fàn	(idiom) (of soldiers) highly disciplined, not committing the slightest offense against civilians	8	1
磨料	mó liào	abrasive material	8	1
矿物学	kuàng wù xué	mineralogy	8	1
睡醒	shuì xǐng	to wake up	8	1
皇军	huáng jūn	imperial army (esp. Japanese)	8	1
的哥	dī gē	male taxi driver; cabbie (slang)	8	1
病原菌	bìng yuán jūn	a pathogen; a bacterial pathogen	8	1
生离死别	shēng lí sǐ bié	separated in life and death; to part for ever	8	1
理所应当	lǐ suǒ yīng dāng	it's only right and proper; it goes without saying	8	1
理想主义	lǐ xiǎng zhǔ yì	idealism	8	1
现钱	xiàn qián	cash	8	1
猎手	liè shǒu	hunter	8	1
灯会	dēng huì	carnival during the Lantern Festival, with lantern displays and traditional folk performances such as stilt walking and lion dance	8	1
火急	huǒ jí	extremely urgent	8	1
滤波	lǜ bō	to filter electric signals	8	1
清茶	qīng chá	green tea; only tea (without food)	8	1
涡扇	wō shàn	turbofan	8	1
涂层	tú céng	protective layer; coating	8	1
海相	hǎi xiàng	marine facies (geology)	8	1
测控	cè kòng	measurement and control	8	1
波纹	bō wén	ripple; corrugation	8	1
河漫滩	hé màn tān	floodplain	8	1
民生主义	mín shēng zhǔ yì	principle of people's livelihood, the third of Dr Sun Yat-sen's 孫中山 Three Principles of the People 三民主義 (at the time, meaning redistribution of wealth, self-sufficiency and internal trade)	8	1
死有余辜	sǐ yǒu yú gū	(idiom) to be so evil that even death would be insufficient punishment	8	1
武断	wǔ duàn	arbitrary; subjective; dogmatic	8	1
某事	mǒu shì	something; a certain matter	8	1
果酒	guǒ jiǔ	fruit wine	8	1
无名小卒	wú míng xiǎo zú	insignificant soldier (idiom); a nobody; nonentity	8	1
方块	fāng kuài	cube; block; square; diamond ♦ (in card games)	8	1
斗室	dǒu shì	very small room; tiny, cramped space	8	1
改错	gǎi cuò	to correct an error	8	1
搏动	bó dòng	to beat rhythmically; to throb; to pulsate	8	1
振振有词	zhèn zhèn yǒu cí	to speak forcefully and with justice (idiom); to argue with the courage of one's convictions	8	1
挖空心思	wā kōng xīn si	to dig for thoughts (idiom); to search everything for an answer	8	1
拔尖	bá jiān	top-notch (colloquial); to push oneself to the front	8	1
拍片	pāi piàn	to shoot a film; to have a medical imaging procedure	8	1
担惊受怕	dān jīng shòu pà	(idiom) apprehensive; alarmed; anxious	8	1
抢购	qiǎng gòu	to buy frenetically; to snap up (bargains, dwindling supplies etc)	8	1
弹力	tán lì	elasticity; elastic force; spring	8	1
引荐	yǐn jiàn	to recommend sb; to give a referral	8	1
引子	yǐn zi	introduction; primer; opening words	8	1
异彩	yì cǎi	extraordinary splendor	8	1
开船	kāi chuán	to set sail	8	1
开列	kāi liè	to make (a list); to list	8	1
幸甚	xìng shèn	(literary) very fortunate	8	1
干道	gàn dào	arterial road; main road; main watercourse	8	1
干果	gān guǒ	dried fruit; dry fruits (nuts etc)	8	1
席地而坐	xí dì ér zuò	(idiom) to sit on the ground or the floor	8	1
工伤	gōng shāng	work-related injury; industrial injury	8	1
屏气	bǐng qì	to hold one's breath	8	1
就事论事	jiù shì lùn shì	to discuss sth on its own merits; to judge the matter as it stands	8	1
小人物	xiǎo rén wù	nonentity; a nobody	8	1
密钥	mì yào	(cryptography) key	8	1
家长制	jiā zhǎng zhì	patriarchal system	8	1
家法	jiā fǎ	the rules and discipline that apply within a family	8	1
害处	hài chu	damage; harm	8	1
娇美	jiāo měi	dainty	8	1
妖术	yāo shù	sorcery	8	1
奶制品	nǎi zhì pǐn	dairy product	8	1
女性化	nǚ xìng huà	to feminize; feminization	8	1
夹板	jiā bǎn	wooden boards used to press sth together; (medicine) splint	8	1
失身	shī shēn	to lose one's virginity; to lose one's chastity	8	1
央告	yāng gao	to implore; to plead; to ask earnestly	8	1
大圆	dà yuán	great circle (in spherical geometry)	8	1
多边形	duō biān xíng	polygon	8	1
外设	wài shè	peripherals	8	1
备选	bèi xuǎn	alternative (plan, arrangement, strategy etc)	8	1
堂弟	táng dì	younger male patrilineal cousin	8	1
垂青	chuí qīng	to show appreciation for sb; to look upon sb with favor	8	1
商队	shāng duì	caravan	8	1
哨子	shào zi	whistle	8	1
哀乐	āi yuè	funeral music; plaint; dirge	8	1
同质	tóng zhì	homogeneous	8	1
可亲	kě qīn	kindly; nice; amiable	8	1
受制	shòu zhì	to be controlled (by sb); to suffer under a yoke	8	1
原木	yuán mù	logs	8	1
博彩	bó cǎi	gambling	8	1
单方	dān fāng	unilateral; one-sided; home remedy	8	1
单数	dān shù	positive odd number (also written 奇數; singular (grammar)	8	1
千难万难	qiān nán wàn nán	extremely difficult	8	1
千锤百炼	qiān chuí bǎi liàn	after hard work and numerous revisions (idiom); the vicissitudes of life	8	1
劈柴	pī chái	to chop firewood; to split logs	8	1
初战	chū zhàn	first battle; initial engagement (of a war or military campaign)	8	1
刑事犯罪	xíng shì fàn zuì	criminal offense	8	1
出奔	chū bēn	to flee; to escape into exile	8	1
准绳	zhǔn shéng	yardstick; fig. criterion; ground rule	8	1
公敌	gōng dí	public enemy	8	1
先入为主	xiān rù wéi zhǔ	(idiom) the first impression is the strongest; to hold a preconceived notion (about sth)	8	1
兆瓦	zhào wǎ	megawatt	8	1
充耳不闻	chōng ěr bù wén	to block one's ears and not listen (idiom); to turn a deaf ear	8	1
假手	jiǎ shǒu	to get (sb else) to perform the task; to rely on (sb else) to do it	8	1
信誓旦旦	xìn shì dàn dàn	to make a solemn vow	8	1
例会	lì huì	regular meeting	8	1
亏心事	kuī xīn shì	shameful deed	8	1
买好	mǎi hǎo	to ingratiate oneself	8	1
主战派	zhǔ zhàn pài	the pro-war faction; hawks	8	1
世交	shì jiāo	(long time) friend of the family	8	1
上臂	shàng bì	upper arm	8	1
一言为定	yī yán wéi dìng	(idiom) it's a deal; that's settled then	8	1
鼻祖	bí zǔ	the earliest ancestor	8	1
面无人色	miàn wú rén sè	ashen-faced	8	1
霉变	méi biàn	to become moldy	8	1
陆陆续续	lù lù xù xù	in succession; one after another; continuously	8	1
附设	fù shè	annexed to; attached to; associated	8	1
长势	zhǎng shì	how well a crop (or plant) is growing; growth	8	1
锅子	guō zi	pot; pan; wok; cauldron; pot-shaped thing; hotpot	8	1
部长级	bù zhǎng jí	ministerial level (e.g. negotiations)	8	1
郁郁葱葱	yù yù cōng cōng	(idiom) (of plants) verdant; lush	8	1
造作	zào zuò	affected; artificial; to make	8	1
过氧化物	guò yǎng huà wù	peroxide	8	1
边关	biān guān	border station; strategic defensive position on frontier	8	1
软硬件	ruǎn yìng jiàn	software and hardware	8	1
转录	zhuǎn lù	transcription; to make a copy of a recording	8	1
跌价	diē jià	to fall in price	8	1
走低	zǒu dī	to go down; to decline	8	1
贤王	xián wáng	sage kings	8	1
课余	kè yú	after school; extracurricular	8	1
请便	qǐng biàn	Please do as you wish!; You are welcome to do whatever you like!	8	1
说不过去	shuō bu guò qù	cannot be justified; inexcusable	8	1
解码	jiě mǎ	to decode; to decipher	8	1
虫害	chóng hài	insect pest; damage from insects	8	1
落款	luò kuǎn	inscription with name, date, or short sentence, on a painting, gift, letter etc	8	1
落寞	luò mò	lonely; desolate	8	1
苦瓜	kǔ guā	bitter melon (bitter gourd, balsam pear, balsam apple, leprosy gourd, bitter cucumber)	8	1
航标	háng biāo	buoy; channel marker; signal light	8	1
致歉	zhì qiàn	to apologize; to express regret	8	1
聚餐	jù cān	to get together for a meal; to dine together	8	1
老丈人	lǎo zhàng ren	(coll.) father-in-law (wife's father)	8	1
缺德	quē dé	mean; nasty; reprehensible; unprincipled	8	1
绒线	róng xiàn	wool; woolen thread	8	1
纸板	zhǐ bǎn	cardboard	8	1
粗粮	cū liáng	coarse grains (maize, sorghum etc)	8	1
粉色	fěn sè	pink	8	1
篮球队	lán qiú duì	basketball team	8	1
筒子	tǒng zi	tube-shaped object; tube; bobbin	8	1
空对地	kōng duì dì	air-to-surface (missile)	8	1
磨盘	mò pán	lower millstone; tray of a mill	8	1
破费	pò fèi	to spend (money or time)	8	1
破甲弹	pò jiǎ dàn	armor piercing shell	8	1
石炭	shí tàn	coal (old)	8	1
短跑	duǎn pǎo	sprint (race)	8	1
看客	kàn kè	audience; spectators; onlookers	8	1
百货公司	bǎi huò gōng sī	department store	8	1
登载	dēng zǎi	to publish (in newspapers or magazines); to record (bookkeeping entries)	8	1
痴心妄想	chī xīn wàng xiǎng	to be carried away by one's wishful thinking (idiom)	8	1
痛不欲生	tòng bù yù shēng	to be so in pain as to not want to live	8	1
画坛	huà tán	painting world; painting circles	8	1
甜言蜜语	tián yán mì yǔ	(idiom) sweet words; sweet talk; cajolery	8	1
理清	lǐ qīng	to disentangle (wiring etc); (fig.) to clarify (one's thoughts etc)	8	1
理亏	lǐ kuī	in the wrong	8	1
独木舟	dú mù zhōu	dugout; canoe; kayak	8	1
牛蛙	niú wā	bullfrog	8	1
热销	rè xiāo	to sell well; hot-selling	8	1
热传导	rè chuán dǎo	heat transfer; thermal conduction	8	1
浅黄色	qiǎn huáng sè	buff; pale yellow	8	1
洋洋得意	yáng yáng dé yì	immensely pleased with oneself (idiom); proud; complacent	8	1
水到渠成	shuǐ dào qú chéng	lit. where water flows, a canal is formed (idiom)	8	1
毁于一旦	huǐ yú yī dàn	(idiom) ruined in a short time (esp. of sth that took a long time or great effort to achieve)	8	1
歌女	gē nǚ	female singer (archaic)	8	1
椰枣	yē zǎo	date palm; date (fruit)	8	1
校验	jiào yàn	to check; to examine	8	1
来世	lái shì	afterlife; next life	8	1
月台	yuè tái	railway platform	8	1
星象	xīng xiàng	aspect of the celestial bodies (used for navigation and astrology)	8	1
无穷无尽	wú qióng wú jìn	(idiom) endless; boundless; infinite	8	1
无拘无束	wú jū wú shù	free and unconstrained (idiom); unfettered; unbuttoned	8	1
无可挽回	wú kě wǎn huí	irrevocable; the die is cast	8	1
散心	sàn xīn	to drive away cares; to relieve boredom	8	1
放飞	fàng fēi	to allow to fly	8	1
改朝换代	gǎi cháo huàn dài	to transition to a new dynasty or regime	8	1
撕扯	sī chě	to tear apart	8	1
排版	pái bǎn	typesetting	8	1
掌灯	zhǎng dēng	to hold a lamp; to light a lamp	8	1
挖洞	wā dòng	to dig a hole	8	1
指印	zhǐ yìn	fingerprint; finger mark; thumbprint	8	1
拥护者	yōng hù zhě	supporter (person)	8	1
拔除	bá chú	to pull out; to remove	8	1
拐点	guǎi diǎn	turning point; breaking point	8	1
把儿	bà r	a handle	8	1
打理	dǎ lǐ	to take care of; to sort out; to manage	8	1
打圆场	dǎ yuán chǎng	to help to resolve a dispute; to smooth things over	8	1
战略家	zhàn lüè jiā	a strategist	8	1
感召	gǎn zhào	to move and appeal; to rally to a cause; to impel	8	1
情缘	qíng yuán	predestined love; love affinity	8	1
悔改	huǐ gǎi	to repent; repentance	8	1
恒心	héng xīn	perseverance	8	1
快板	kuài bǎn	kuaiban (traditional Chinese rhythmic storytelling accompanied by bamboo clappers)	8	1
志得意满	zhì dé yì mǎn	fully content with one's achievements (idiom); complacent	8	1
心安	xīn ān	at ease; reassured	8	1
德才兼备	dé cái jiān bèi	(idiom) possessing both integrity and talent	8	1
彰显	zhāng xiǎn	to put on display (sth abstract); to draw attention to; conspicuous	8	1
弹子	dàn zi	slingshot pellet; playing marbles; billiards	8	1
年轻化	nián qīng huà	to make more youthful; to promote younger staff	8	1
干巴巴	gān bā bā	dry; parched; dull	8	1
左撇子	zuǒ piě zi	left-hander	8	1
尊奉	zūn fèng	worship; to revere; to venerate	8	1
封条	fēng tiáo	seal	8	1
对攻	duì gōng	to attack (one another)	8	1
家宴	jiā yàn	dinner party held in one's home; family reunion dinner	8	1
守望	shǒu wàng	to keep watch	8	1
孤立无援	gū lì wú yuán	isolated and without help	8	1
婚宴	hūn yàn	wedding reception	8	1
奔丧	bēn sāng	to hasten home for the funeral of a parent or grandparent	8	1
失敬	shī jìng	to show disrespect; I'm awfully sorry – please forgive me	8	1
大调	dà diào	(music) major key	8	1
大尉	dà wèi	captain (army rank); senior captain	8	1
大出血	dà chū xuè	to hemorrhage	8	1
复制品	fù zhì pǐn	replica; reproduction	8	1
坐姿	zuò zī	sitting posture	8	1
回归年	huí guī nián	the solar year	8	1
唾弃	tuò qì	to spurn; to disdain	8	1
唱和	chàng hè	antiphon (i.e. solo voice answered by chorus)	8	1
听而不闻	tīng ér bù wén	to hear but not react (idiom); to turn a deaf ear	8	1
听筒	tīng tǒng	telephone receiver; headphone; earphone; earpiece; stethoscope	8	1
含水层	hán shuǐ céng	aquifer	8	1
后排	hòu pái	the back row (in a theater etc); the rear seats (in a vehicle)	8	1
吃苦耐劳	chī kǔ nài láo	hardworking and enduring hardships (idiom)	8	1
反日	fǎn rì	anti-Japan	8	1
参阅	cān yuè	to consult; to refer to; to read (instructions)	8	1
原稿	yuán gǎo	manuscript; original copy	8	1
原生质	yuán shēng zhì	protoplasm	8	1
单质	dān zhì	simple substance (consisting purely of one element, such as diamond)	8	1
医嘱	yī zhǔ	doctor's orders	8	1
劳神	láo shén	to be a tax on (one's mind); to bother; to trouble	8	1
前驱	qián qū	precursor; pioneer	8	1
分布式	fēn bù shì	distributed	8	1
刀耕火种	dāo gēng huǒ zhòng	slash and burn (agriculture)	8	1
出诊	chū zhěn	to visit a patient at home (of a doctor); house call	8	1
出榜	chū bǎng	to publish class list of successful exam candidates	8	1
内奸	nèi jiān	undiscovered traitor; enemy within one's own ranks	8	1
内分泌腺	nèi fēn mì xiàn	endocrine gland	8	1
共处	gòng chǔ	to coexist; to get along (with others)	8	1
保湿	bǎo shī	to moisturize; moisturizing	8	1
供大于求	gōng dà yú qiú	supply exceeds demand	8	1
伪善	wěi shàn	hypocritical	8	1
优胜劣汰	yōu shèng liè tài	(idiom) survival of the fittest	8	1
伏笔	fú bǐ	foreshadowing (literary device); foretaste of material to come (in an essay or story)	8	1
今世	jīn shì	this life; this age	8	1
二阶	èr jiē	second order; quadratic (math.)	8	1
严查	yán chá	to investigate strictly	8	1
一见钟情	yī jiàn zhōng qíng	to fall in love at first sight (idiom)	8	1
一个样	yī ge yàng	the same; of the same type	8	1
鸡尾酒	jī wěi jiǔ	(calque) cocktail	8	1
鸟雀	niǎo què	bird	8	1
非分	fēi fèn	improper; presumptuous; assuming	8	1
陪侍	péi shì	to wait upon (older people); to accompany; attendant	8	1
附则	fù zé	supplementary provision; bylaw; additional article (law)	8	1
银根	yín gēn	(finance) money supply	8	1
钻营	zuān yíng	toadying for personal gain; to curry favor; to study in great depth	8	1
重见天日	chóng jiàn tiān rì	to see the light again (idiom); delivered from oppression	8	1
遭难	zāo nàn	to run into misfortune	8	1
辞世	cí shì	(literary) to pass away; to die; to depart from this world	8	1
轴突	zhóu tū	axon	8	1
轰动一时	hōng dòng yī shí	to cause a sensation (idiom)	8	1
身姿	shēn zī	the way one carries oneself	8	1
超载	chāo zài	to overload	8	1
贪得无厌	tān dé wú yàn	avaricious and insatiable (idiom); greedy and never satisfied	8	1
财神	cái shén	god of wealth	8	1
调酒师	tiáo jiǔ shī	bartender	8	1
诗坛	shī tán	poetry circles; poetry world	8	1
设伏	shè fú	to prepare an ambush; to waylay	8	1
订正	dìng zhèng	to make a correction	8	1
补品	bǔ pǐn	tonic	8	1
血细胞	xuè xì bāo	blood cell	8	1
融汇	róng huì	fusion; to combine as one	8	1
虚妄	xū wàng	fabricated	8	1
自负盈亏	zì fù yíng kuī	responsible for its profit and losses (of organization)	8	1
腐坏	fǔ huài	to rot; to spoil; (fig.) to become corrupted	8	1
脾脏	pí zàng	spleen	8	1
绵长	mián cháng	long and continuous (coastline, sound etc); extensive; prolonged	8	1
纬纱	wěi shā	woof (horizontal thread in weaving); weft	8	1
紧俏	jǐn qiào	(merchandise) in high demand	8	1
精算师	jīng suàn shī	actuary	8	1
米粥	mǐ zhōu	congee	8	1
第一国际	dì yī guó jì	First international, organized by Karl Marx in Geneva in 1866	8	1
竞技场	jìng jì chǎng	arena	8	1
移情	yí qíng	to redirect one's affections	8	1
硬汉	yìng hàn	man of steel; unyielding, tough guy	8	1
知识面	zhī shi miàn	breadth of knowledge	8	1
知悉	zhī xī	to know; to be informed of	8	1
相若	xiāng ruò	on a par with; comparable to	8	1
目击者	mù jī zhě	eyewitness	8	1
盛极一时	shèng jí yī shí	all the rage for a time; grand fashion for a limited time	8	1
瘦肉	shòu ròu	lean meat	8	1
疆场	jiāng chǎng	battlefield	8	1
珠母	zhū mǔ	mother-of-pearl	8	1
点播	diǎn bō	webcast; to request item for broadcast on radio program; dibble seeding	8	1
灌肠	guàn cháng	enema; to give an enema	8	1
滑腻	huá nì	(of skin) satiny	8	1
溯源	sù yuán	to investigate the origin of sth	8	1
清朗	qīng lǎng	clear and bright; unclouded; clear and sonorous (voice)	8	1
流线型	liú xiàn xíng	sleek; streamlined	8	1
洗牌	xǐ pái	to shuffle cards, dominoes or mahjong tiles etc	8	1
波涛汹涌	bō tāo xiōng yǒng	waves surging forth; roaring sea	8	1
法医	fǎ yī	forensic pathologist; forensic doctor; medical examiner	8	1
水轮	shuǐ lún	waterwheel; millwheel	8	1
水彩画	shuǐ cǎi huà	watercolor; aquarelle	8	1
民宅	mín zhái	private residence; civilian dwelling	8	1
残局	cán jú	endgame (in chess); desperate situation; aftermath (of a failure)	8	1
死寂	sǐ jì	deathly stillness	8	1
欣喜若狂	xīn xǐ ruò kuáng	to be wild with joy (idiom)	8	1
梦乡	mèng xiāng	the land of dreams; slumberland	8	1
案发	àn fā	(of a crime) to occur; to investigate a crime on the spot	8	1
根由	gēn yóu	the whys and the wherefores; the detailed story; root cause	8	1
柔韧	róu rèn	pliable and tough; supple and strong; flexible	8	1
果糖	guǒ táng	fructose	8	1
朋党	péng dǎng	clique	8	1
更始	gēng shǐ	to make a new start; to regenerate	8	1
晶闸管	jīng zhá guǎn	(electronics) silicon-controlled rectifier (SCR); thyristor	8	1
春暖花开	chūn nuǎn huā kāi	(lit.) springtime when the weather is warm and flowers are in bloom (idiom)	8	1
时过境迁	shí guò jìng qiān	things change with the passage of time (idiom)	8	1
旧约	jiù yuē	former agreement; former contract	8	1
无痛	wú tòng	painless; pain-free	8	1
无理数	wú lǐ shù	irrational number	8	1
无机化学	wú jī huà xué	inorganic chemistry	8	1
无党派	wú dǎng pài	politically unaffiliated; independent (candidate)	8	1
旋臂	xuán bì	spiral arm	8	1
文胸	wén xiōng	bra	8	1
教规	jiào guī	canon; religious rules	8	1
搭话	dā huà	to talk; to get into conversation with; to send word	8	1
拱门	gǒng mén	arched door	8	1
报喜	bào xǐ	to announce good news; to report success	8	1
抓走	zhuā zǒu	to arrest	8	1
打游击	dǎ yóu jī	to wage guerrilla warfare; to fight as a guerrilla	8	1
扒拉	bā la	(coll.) to push lightly; to flick to one side; to get rid of	8	1
怨天尤人	yuàn tiān yóu rén	(idiom) to blame the gods and accuse others	8	1
归队	guī duì	to return to one's unit; to go back to one's station in life	8	1
强令	qiáng lìng	to order by force; peremptory	8	1
开饭	kāi fàn	to start eating; to serve a meal	8	1
废弛	fèi chí	to fall into disuse (of laws, customs etc); to neglect	8	1
平移	píng yí	translation (geometry)	8	1
小气候	xiǎo qì hòu	microclimate; fig. local situation	8	1
密密层层	mì mi céng céng	tightly packed; closely layered	8	1
家底	jiā dǐ	family property; patrimony	8	1
审阅	shěn yuè	to review or peruse	8	1
宗主	zōng zhǔ	head of a clan; natural leader	8	1
字书	zì shū	character book (i.e. school primer)	8	1
妇幼	fù yòu	women and children	8	1
如影随形	rú yǐng suí xíng	(lit.) as the shadow follows the body (idiom)	8	1
奸党	jiān dǎng	a clique of traitors	8	1
夹子	jiā zi	clip; clamp; tongs	8	1
天干	tiān gān	the 10 heavenly stems 甲, 乙, 丙, 丁, 戊, 己, 庚, 辛, 壬, 癸, used cyclically in the calendar and as ordinal numbers I, II etc	8	1
天壤之别	tiān rǎng zhī bié	(lit.) the difference between heaven and earth (idiom)	8	1
多维	duō wéi	multidimensional	8	1
外泄	wài xiè	to leak (usually secret information)	8	1
复审	fù shěn	to re-examine; to recheck	8	1
垒球	lěi qiú	softball	8	1
均线	jūn xiàn	(finance) moving average (abbr. for 移動平均線)	8	1
土豪劣绅	tǔ háo liè shēn	local bosses, shady gentry (idiom); dominant local mafia	8	1
土布	tǔ bù	homespun cloth	8	1
土堆	tǔ duī	mound	8	1
国手	guó shǒu	(sports) member of the national team; national representative	8	1
国书	guó shū	credentials (of a diplomat); documents exchanged between nations	8	1
善心	shàn xīn	kindness; benevolence; philanthropy	8	1
后来居上	hòu lái jū shàng	(idiom) see 後來者居上	8	1
后坐力	hòu zuò lì	recoil (of a gun); backlash; reactive force	8	1
台面	tái miàn	tabletop; countertop; (fig.) public view	8	1
可有可无	kě yǒu kě wú	not essential; dispensable	8	1
取保	qǔ bǎo	(law) to get sb to bail one out (from jail)	8	1
发车	fā chē	departure (of a coach or train); to dispatch a vehicle	8	1
发回	fā huí	to send back; to return	8	1
反败为胜	fǎn bài wéi shèng	to turn defeat into victory (idiom); to turn the tide	8	1
参禅	cān chán	to practice Chan Buddhist meditation; to practice Zen meditation	8	1
危机四伏	wēi jī sì fú	danger lurks on every side (idiom)	8	1
卤水	lǔ shuǐ	brine; bittern; marinade	8	1
包皮	bāo pí	wrapping; wrapper; foreskin	8	1
劝酒	quàn jiǔ	to urge sb to drink alcohol	8	1
剑客	jiàn kè	swordsman	8	1
制表	zhì biǎo	to tabulate; tabulation; scheduling	8	1
判明	pàn míng	to distinguish; to ascertain	8	1
刚强	gāng qiáng	firm; unyielding	8	1
刑具	xíng jù	punishment equipment; torture instrument	8	1
刀光剑影	dāo guāng jiàn yǐng	lit. flash of knives and swords (idiom); fig. intense conflict	8	1
减负	jiǎn fù	to alleviate a burden on sb	8	1
减灾	jiǎn zāi	to take measures to mitigate the impact of disasters (including prevention, preparation, and support for stricken communities)	8	1
兼而有之	jiān ér yǒu zhī	to have both (at the same time)	8	1
养家	yǎng jiā	to support a family; to raise a family	8	1
光电子	guāng diàn zǐ	photoelectron	8	1
借债	jiè zhài	to borrow money	8	1
候车室	hòu chē shì	waiting room (for train, bus etc)	8	1
倒映	dào yìng	to reflect (producing an inverted image)	8	1
信用证	xìn yòng zhèng	letter of credit	8	1
似懂非懂	sì dǒng fēi dǒng	to not really understand; to half-understand	8	1
伤风	shāng fēng	to catch cold	8	1
会心	huì xīn	knowing (of a smile, look etc)	8	1
以礼相待	yǐ lǐ xiāng dài	to treat sb with due respect (idiom)	8	1
代代相传	dài dài xiāng chuán	passed on from generation to generation (idiom); to hand down	8	1
人伦	rén lún	ethical norms governing human relationships	8	1
交结	jiāo jié	to associate with; to mix with; to connect	8	1
主罚	zhǔ fá	penalty (kick)	8	1
主力舰	zhǔ lì jiàn	battleship	8	1
丝带	sī dài	ribbon	8	1
世情	shì qíng	worldly affairs; the ways of the world	8	1
不定式	bù dìng shì	infinitive (grammar)	8	1
万般	wàn bān	every kind; manifold; extremely	8	1
一骨碌	yī gū lu	with a rolling or twisting movement; in a single movement; in one breath	8	1
一睹	yī dǔ	to look; to have a glimpse at; to observe (sth's splendor)	8	1
一了百了	yī liǎo bǎi liǎo	(idiom) once the main problem is solved, all troubles are solved; death ends all one's troubles	8	1
高不可攀	gāo bù kě pān	too high to reach (idiom); eminent and unapproachable	8	1
题字	tí zì	to write an inscription (poem, remark, autograph etc); an inscription	8	1
雄黄	xióng huáng	realgar; red orpiment	8	1
雄鹰	xióng yīng	male eagle; tercel	8	1
难言之隐	nán yán zhī yǐn	a hidden trouble hard to mention (idiom)	8	1
难缠	nán chán	(usu. of people) difficult; demanding; troublesome	8	1
陪都	péi dū	provisional capital of a country (e.g. in time of war)	8	1
阴魂不散	yīn hún bù sàn	lit. the soul of a deceased has not yet dispersed (idiom)	8	1
闹鬼	nào guǐ	haunted	8	1
闹别扭	nào biè niu	to be difficult with sb; to provoke disagreement; at loggerheads	8	1
门锁	mén suǒ	door lock	8	1
醋意	cù yì	jealousy (in love rivalry)	8	1
避孕套	bì yùn tào	condom	8	1
遵行	zūn xíng	to follow; to obey; compliance	8	1
遵奉	zūn fèng	to conform; to obey faithfully	8	1
遗民	yí mín	(lit.) leftover men; (fig.) loyalist adherents of a former dynasty	8	1
遗恨	yí hèn	eternal regret	8	1
边缘化	biān yuán huà	to marginalize; marginalization	8	1
转轮	zhuàn lún	rotating disk; wheel; rotor	8	1
车裂	chē liè	to tear off sb's four limbs and head using five horse-drawn carts (historical form of capital punishment)	8	1
超重	chāo zhòng	overweight (baggage, freight)	8	1
赃物	zāng wù	booty; stolen property	8	1
败诉	bài sù	to lose a lawsuit	8	1
财产权	cái chǎn quán	property rights	8	1
谓语	wèi yǔ	(grammatical) predicate	8	1
译名	yì míng	translated names; transliteration	8	1
认罪	rèn zuì	to admit guilt; to plead guilty	8	1
警戒线	jǐng jiè xiàn	police cordon; alert level	8	1
警备区	jǐng bèi qū	garrison area; command	8	1
覆亡	fù wáng	fall (of an empire)	8	1
装傻	zhuāng shǎ	to act stupid; to pretend to be naive	8	1
蛮不讲理	mán bù jiǎng lǐ	completely unreasonable	8	1
茶点	chá diǎn	tea and cake; refreshments; tea and dim sum	8	1
苦果	kǔ guǒ	lit. bitter fruit; fig. painful consequence	8	1
舍生忘死	shě shēng wàng sǐ	bravery with no thought of personal safety (idiom); risking life and limb	8	1
自问	zì wèn	to ask oneself; to search one's soul	8	1
自知之明	zì zhī zhī míng	(idiom) self-knowledge	8	1
自欺欺人	zì qī qī rén	to deceive others and to deceive oneself; to believe one's own lies	8	1
脱稿	tuō gǎo	(of a manuscript) to be completed	8	1
背弃	bèi qì	to abandon; to desert; to renounce	8	1
胆管	dǎn guǎn	bile duct	8	1
肉芽肿	ròu yá zhǒng	(pathology) granuloma	8	1
聚拢	jù lǒng	to gather together	8	1
职守	zhí shǒu	duty; responsibility; post	8	1
羊角	yáng jiǎo	sheep's or goat's horn	8	1
缺位	quē wèi	(of a position) to fall vacant; vacant post; a vacancy	8	1
维管束	wéi guǎn shù	vascular bundle (botany)	8	1
统一体	tǒng yī tǐ	whole; single entity	8	1
经纬	jīng wěi	warp and woof; longitude and latitude; main points	8	1
红灯区	hóng dēng qū	red-light district	8	1
等值	děng zhí	of equal value	8	1
竹编	zhú biān	wickerwork	8	1
立竿见影	lì gān jiàn yǐng	(lit.) set up a pole and immediately see its shadow (idiom)	8	1
程控	chéng kòng	programmed; under automatic control	8	1
科技人员	kē jì rén yuán	scientific and technical staff	8	1
私房	sī fáng	privately-owned house; private rooms; private ownings	8	1
神秘莫测	shén mì mò cè	mystery; unfathomable; enigmatic	8	1
碍手碍脚	ài shǒu ài jiǎo	(idiom) to be in the way; to be a hindrance	8	1
硬撑	yìng chēng	to make oneself do sth in spite of adversity, pain etc	8	1
监视器	jiān shì qì	security camera; surveillance monitor	8	1
百无聊赖	bǎi wú liáo lài	(idiom) bored to death; bored stiff; overcome with boredom	8	1
症候	zhèng hòu	illness; disease	8	1
略作	lüè zuò	to be abbreviated to; (followed by a verb) slightly	8	1
田径运动	tián jìng yùn dòng	track and field sports	8	1
生丝	shēng sī	raw silk	8	1
甚微	shèn wēi	very small; very little; scant	8	1
理赔	lǐ péi	to settle a claim; claims settlement; payment of claims	8	1
狠劲	hěn jìn	to exert all one's force; all-out effort	8	1
犯病	fàn bìng	to fall ill	8	1
特指	tè zhǐ	to refer in particular to	8	1
滑轮	huá lún	block and tackle	8	1
润泽	rùn zé	moist	8	1
涂改	tú gǎi	to alter (text); to change by painting over	8	1
海鸟	hǎi niǎo	seabird	8	1
海陆空	hǎi lù kòng	sea land air (transport, or military operations)	8	1
法场	fǎ chǎng	execution ground	8	1
油纸	yóu zhǐ	oilpaper	8	1
横财	hèng cái	easy money; windfall; ill-gotten gains	8	1
桃李	táo lǐ	(literary) one's students	8	1
查勘	chá kān	to investigate	8	1
柔美	róu měi	gentle and beautiful	8	1
架子车	jià zi chē	two-wheeled handcart	8	1
杂事	zá shì	miscellaneous tasks; various chores	8	1
机不可失	jī bù kě shī	No time to lose! (idiom)	8	1
春日	chūn rì	springtime	8	1
明信片	míng xìn piàn	postcard	8	1
旧地	jiù dì	once familiar places; former haunts	8	1
改头换面	gǎi tóu huàn miàn	to change outwardly while remaining essentially the same (derog.) (idiom)	8	1
接骨	jiē gǔ	(medicine) to set a broken bone	8	1
探询	tàn xún	to inquire into; to ask after	8	1
招亲	zhāo qīn	to invite the groom (who will live with the bride's family)	8	1
拘役	jū yì	detention	8	1
拍子	pāi zi	beat (music); paddle-shaped object (flyswatter etc); racket (sports)	8	1
担待	dān dài	to pardon; please excuse (me); to take responsibility	8	1
报务员	bào wù yuán	telegraph operator; radio operator	8	1
抚恤金	fǔ xù jīn	compensation payment (for injury); relief payment	8	1
扫黄	sǎo huáng	campaign against pornography	8	1
战斗舰	zhàn dòu jiàn	battleship	8	1
戏耍	xì shuǎ	to amuse oneself; to play with; to tease	8	1
戍守	shù shǒu	to guard	8	1
感觉器官	gǎn jué qì guān	sense organs; the five senses	8	1
情有独钟	qíng yǒu dú zhōng	to have a special fondness (for sth)	8	1
思来想去	sī lái xiǎng qù	(idiom) to mull sth over	8	1
当事	dāng shì	to be in charge; to be confronted (with a matter)	8	1
引文	yǐn wén	quotation; citation	8	1
建言	jiàn yán	to make a suggestion; to state (one's views, ideas etc); suggestion	8	1
应召	yìng zhào	to respond to a call	8	1
平易近人	píng yì jìn rén	amiable and approachable (idiom); easygoing; modest and unassuming	8	1
幅员	fú yuán	size (i.e. area) of a country, geographical region or school campus etc	8	1
市场准入	shì chǎng zhǔn rù	access to markets	8	1
岩石学	yán shí xué	petrology; lithology; study of rocks	8	1
射流	shè liú	jet (math.)	8	1
宽宏大量	kuān hóng dà liàng	magnanimous (idiom); generous	8	1
家兄	jiā xiōng	(polite) my elder brother	8	1
害病	hài bìng	to fall sick; to contract an illness	8	1
宅第	zhái dì	residence; mansion	8	1
孕激素	yùn jī sù	progesterone	8	1
子民	zǐ mín	people	8	1
婚外情	hūn wài qíng	extramarital affair	8	1
妙用	miào yòng	to use (sth) in an ingenious way; marvelously effective use	8	1
妇道人家	fù dao rén jia	woman (derog.)	8	1
如意算盘	rú yì suàn pán	counting one's chickens before they are hatched	8	1
女娃	nǚ wá	(dialect) girl	8	1
大棒	dà bàng	big stick (policy etc)	8	1
声浪	shēng làng	clamor	8	1
垫付	diàn fù	to pay sb else's expense with the expectation of being reimbursed by that person later	8	1
坚定性	jiān dìng xìng	firmness; steadfastness	8	1
坐等	zuò děng	to sit and wait	8	1
地核	dì hé	(geology) Earth's core	8	1
圣手	shèng shǒu	divine physician; sage doctor; highly skilled practitioner	8	1
商号	shāng hào	store; a business	8	1
吸进	xī jìn	to inhale; to breathe in	8	1
名满天下	míng mǎn tiān xià	(idiom) famous throughout the land; renowned far and wide	8	1
吃大亏	chī dà kuī	to cost one dearly; to end disastrously; to pay bitterly	8	1
可塑性	kě sù xìng	plasticity	8	1
发条	fā tiáo	clockwork spring (used to power a watch or windup toy etc)	8	1
原形	yuán xíng	original shape; true appearance (under the disguise); true character	8	1
卵泡	luǎn pāo	ovarian follicle; Taiwan pr.	8	1
占去	zhàn qù	to take up (one's time etc); to occupy (one's attention etc)	8	1
千头万绪	qiān tóu wàn xù	plethora of things to tackle; multitude of loose ends; very complicated	8	1
勾股定理	gōu gǔ dìng lǐ	Pythagorean theorem	8	1
劳动改造	láo dòng gǎi zào	reeducation through labor; laogai (prison camp)	8	1
前功尽弃	qián gōng jìn qì	to waste all one's previous efforts (idiom)	8	1
创举	chuàng jǔ	pioneering work	8	1
准入	zhǔn rù	access; admittance	8	1
冲程	chōng chéng	stroke (of a piston)	8	1
光谱学	guāng pǔ xué	spectroscopy	8	1
偷鸡摸狗	tōu jī mō gǒu	to imitate the dog and steal chicken (idiom); to pilfer	8	1
偷人	tōu rén	(of a married woman) to cheat on her husband; to have an affair	8	1
偏执	piān zhí	extreme and inflexible; fixated; stubborn in clinging to a notion	8	1
值得一提	zhí de yī tí	to be worth mentioning	8	1
位次	wèi cì	place (in numbered sequence); degree on employment scale	8	1
会费	huì fèi	membership dues	8	1
任情	rèn qíng	to let oneself go; to do as much as one pleases	8	1
人人皆知	rén rén jiē zhī	known to everyone	8	1
买断	mǎi duàn	to buy out; buyout; severance	8	1
主动脉	zhǔ dòng mài	aorta; principal artery	8	1
不周	bù zhōu	not satisfactory; thoughtless; inconsiderate	8	1
上手	shàng shǒu	to obtain; to master; overhand (serve etc)	8	1
上代	shàng dài	previous generation	8	1
一刀两断	yī dāo liǎng duàn	(idiom) to make a clean break with; to have nothing more to do with	8	1
一丝不挂	yī sī bù guà	not wearing one thread (idiom); absolutely naked	8	1
骨科	gǔ kē	orthopedics; orthopedic surgery	8	1
首付	shǒu fù	down payment	8	1
面生	miàn shēng	(of a person) to look unfamiliar	8	1
青工	qīng gōng	young worker (esp of the CCP)	8	1
青丝	qīng sī	fine black hair; dried plum (sliced, as cake ingredient)	8	1
重商主义	zhòng shāng zhǔ yì	mercantilism	8	1
醋酸	cù suān	acetic acid (CH3COOH); acetate	8	1
逢迎	féng yíng	to fawn on; to ingratiate oneself; (literary) to meet face to face	8	1
速滑	sù huá	speed skating (abbr. for 速度滑冰)	8	1
迷误	mí wù	mistake; error; to mislead; to lead astray	8	1
迷住	mí zhu	to fascinate; to strongly attract; to obsess	8	1
违心	wéi xīn	false; untrue to one's convictions; against one's will	8	1
迅疾	xùn jí	rapid; swift	8	1
转卖	zhuǎn mài	to resell	8	1
躯壳	qū qiào	the body (as opposed to the soul)	8	1
超短裙	chāo duǎn qún	miniskirt	8	1
赌徒	dǔ tú	gambler	8	1
质料	zhì liào	material; matter	8	1
负极	fù jí	negative pole; cathode	8	1
训诫	xùn jiè	to reprimand; to admonish; to lecture sb	8	1
视界	shì jiè	field of vision	8	1
装聋作哑	zhuāng lóng zuò yǎ	to play deaf-mute	8	1
装神弄鬼	zhuāng shén nòng guǐ	(lit.) to pretend to be in contact with supernatural beings (idiom); (fig.) to create a false sense of mystery; to play tricks to deceive or scare others; to engage in hocus-pocus	8	1
行商	háng shāng	traveling salesman; itinerant trader; hawker	8	1
蠢事	chǔn shì	folly	8	1
融会	róng huì	to blend; to integrate; to amalgamate	8	1
蛇毒	shé dú	snake venom	8	1
藏家	cáng jiā	collector	8	1
蒸蒸日上	zhēng zhēng rì shàng	becoming more prosperous with each passing day	8	1
草图	cǎo tú	a sketch; rough drawing	8	1
良人	liáng rén	husband (arch.)	8	1
自留地	zì liú dì	private plot allocated to an individual on a collective farm	8	1
腰肢	yāo zhī	waist	8	1
腕足	wàn zú	(zoology) tentacle	8	1
翻船	fān chuán	to capsize; (fig.) to suffer a setback or defeat	8	1
编审	biān shěn	to copy-edit; copy editor	8	1
续编	xù biān	sequel; continuation (of a serial publication)	8	1
统合	tǒng hé	(Tw) to integrate; integrated	8	1
结点	jié diǎn	joint; node	8	1
素菜	sù cài	vegetable dish	8	1
糊糊	hú hu	viscous; gooey; sticky	8	1
粘贴	zhān tiē	to stick; to affix; to adhere	8	1
立体声	lì tǐ shēng	stereophonic sound	8	1
积德	jī dé	to accumulate merit; to do good; to give to charity	8	1
禅让	shàn ràng	to abdicate	8	1
票数	piào shù	number of votes; poll count	8	1
碎尸万段	suì shī wàn duàn	(idiom) to cut up sb's body into thousands of pieces (a hyperbolic threat)	8	1
石片	shí piàn	slab	8	1
盗匪	dào fěi	bandit	8	1
电冰箱	diàn bīng xiāng	refrigerator	8	1
甲方	jiǎ fāng	party A (in a contract) (cf. 乙方, party B)	8	1
生水	shēng shuǐ	unboiled water	8	1
甜瓜	tián guā	muskmelon	8	1
片剂	piàn jì	(pharmacology) tablet	8	1
熏染	xūn rǎn	to exert a gradual influence; to nurture; a corrupting influence	8	1
照抄	zhào chāo	to copy word for word	8	1
潭水	tán shuǐ	deep water	8	1
滑膛	huá táng	smoothbore	8	1
渗漏	shèn lòu	seepage; leakage	8	1
清洁剂	qīng jié jì	detergent; cleaning solution	8	1
深水炸弹	shēn shuǐ zhà dàn	depth charge	8	1
海选	hǎi xuǎn	(in elections for village committees in the PRC since the 1990s) unrestricted nomination, a type of election where 1. everyone in the community is eligible to nominate somebody 2. voting is done by writing the name of one's nominee on the ballot, and 3. one's nominee can be anyone in the community (Nominees who receive the highest number of votes may be thereby elected or, more often, presented as the candidates in a further round of voting.)	8	1
浊流	zhuó liú	turbid flow; muddy waters; fig. a contemptible person	8	1
法力	fǎ lì	magic power	8	1
沙质	shā zhì	sandy	8	1
沙盘	shā pán	sand table (military)	8	1
气不过	qì bu guò	so angry it's unbearable; bitter about unbearable grievances	8	1
民愤	mín fèn	public outrage	8	1
毫发	háo fà	a hair; the slightest	8	1
比做	bǐ zuò	to liken to; to compare to	8	1
次生林	cì shēng lín	secondary growth of forest	8	1
核糖	hé táng	ribose	8	1
核军备	hé jūn bèi	nuclear arms	8	1
杀人犯	shā rén fàn	murderer; homicide	8	1
机顶盒	jī dǐng hé	set-top box	8	1
机宜	jī yí	guidelines; what to do (under given circumstances)	8	1
暖洋洋	nuǎn yáng yáng	warm and cozy; comfortably warm	8	1
普通法	pǔ tōng fǎ	common law	8	1
显像管	xiǎn xiàng guǎn	CRT used in TV or computer monitor; picture tube; kinescope	8	1
整队	zhěng duì	to dress (troops); to line up (to arrange in a straight line)	8	1
摩擦力	mó cā lì	friction	8	1
携带者	xié dài zhě	(medicine) carrier (of a recessive gene, virus etc)	8	1
接球	jiē qiú	to receive a served ball (volleyball, tennis etc)	8	1
排比	pái bǐ	parallelism (rhetoric); to arrange things alongside each other	8	1
挥毫	huī háo	to write or draw with a brush; to put pen to paper; to write	8	1
抛撒	pāo sǎ	to sprinkle	8	1
承建	chéng jiàn	to construct under contract	8	1
扬子鳄	yáng zǐ è	Chinese alligator (Alligator sinensis)	8	1
所向无敌	suǒ xiàng wú dí	to be invincible; unrivalled	8	1
慢走	màn zǒu	Stay a bit!; Wait a minute!; (to a departing guest) Take care!	8	1
情态	qíng tài	spirit; mood; (linguistics) modal	8	1
怀表	huái biǎo	pocket watch	8	1
心弦	xīn xián	heartstrings	8	1
底片	dǐ piàn	negative; photographic plate	8	1
庄稼地	zhuāng jia dì	crop land; arable land	8	1
广告商	guǎng gào shāng	advertising company	8	1
岁末	suì mò	end of the year	8	1
小号	xiǎo hào	trumpet; small size (clothes etc); (coll.) a number one; a piss	8	1
将计就计	jiāng jì jiù jì	to beat sb at their own game (idiom)	8	1
定居点	dìng jū diǎn	settlement	8	1
宇宙学	yǔ zhòu xué	cosmology	8	1
孤军奋战	gū jūn fèn zhàn	lit. lone army putting up a brave fight (idiom)	8	1
嫩芽	nèn yá	tender shoots	8	1
妙手	miào shǒu	miraculous hands of a healer; highly skilled person	8	1
如鱼得水	rú yú dé shuǐ	like a fish back in water (idiom); glad to be back in one's proper surroundings	8	1
奸夫	jiān fū	male adulterer	8	1
夷为平地	yí wéi píng dì	to level; to raze to the ground	8	1
天顶	tiān dǐng	zenith	8	1
天呀	tiān ya	Heavens!; My goodness!	8	1
大陆坡	dà lù pō	continental slope (boundary of continental shelf)	8	1
处女作	chǔ nǚ zuò	first publication; maiden work	8	1
坟丘	fén qiū	a tomb	8	1
坚韧不拔	jiān rèn bù bá	firm and indomitable (idiom); tenacious and unyielding	8	1
地摊	dì tān	roadside stall	8	1
圆弧	yuán hú	arc (segment of a circle)	8	1
回望	huí wàng	to return sb's gaze; to meet sb's eyes; to look back (to one's rear)	8	1
喉舌	hóu shé	mouthpiece; spokesperson	8	1
唯唯诺诺	wéi wéi nuò nuò	(idiom) to be a yes-man	8	1
召募	zhào mù	to recruit; to enlist	8	1
只读	zhǐ dú	(computing) read-only	8	1
古训	gǔ xùn	old adage; ancient teaching	8	1
古色古香	gǔ sè gǔ xiāng	interesting and appealing (of old locations, objects etc)	8	1
反光	fǎn guāng	to reflect light	8	1
参悟	cān wù	to comprehend (the nature of things etc); to achieve enlightenment	8	1
单糖	dān táng	monosaccharide	8	1
十字形	shí zì xíng	cruciform; cross shape	8	1
医德	yī dé	medical ethics	8	1
北温带	běi wēn dài	the north temperate zone	8	1
前生	qián shēng	previous life; previous incarnation	8	1
别离	bié lí	to take leave of; to leave; separation	8	1
创利	chuàng lì	to make a profit	8	1
刚度	gāng dù	stiffness	8	1
分庭抗礼	fēn tíng kàng lǐ	peer competition; to function as rivals; to make claims as an equal	8	1
冷遇	lěng yù	a cold reception; to cold-shoulder sb	8	1
兵源	bīng yuán	manpower resources (for military service); sources of troops	8	1
入会	rù huì	to join a society, association etc	8	1
党史	dǎng shǐ	history of the Party	8	1
健旺	jiàn wàng	robust; healthy; vigorous	8	1
假托	jiǎ tuō	to pretend; to use a pretext; to make sth up	8	1
倚靠	yǐ kào	to lean on; to rest against; to rely on	8	1
保险柜	bǎo xiǎn guì	a safe; strongbox	8	1
保命	bǎo mìng	to preserve one's life; to ensure one's survival	8	1
低三下四	dī sān xià sì	servile	8	1
众叛亲离	zhòng pàn qīn lí	lit. people rebelling and friends deserting (idiom)	8	1
产下	chǎn xià	to bear (give birth)	8	1
习作	xí zuò	(writing, drawing, calligraphy etc) to apply oneself to producing practice pieces	8	1
主谋	zhǔ móu	mastermind; ringleader; lead plotter	8	1
专责	zhuān zé	specific responsibility	8	1
不拘一格	bù jū yī gé	not stick to one pattern	8	1
下线	xià xiàn	to go offline; (of a product) to roll off the assembly line	8	1
下半夜	xià bàn yè	second half of the night (from midnight to sunrise)	8	1
三资企业	sān zī qǐ yè	foreign, private and joint ventures	8	1
一日三餐	yī rì sān cān	to have three meals a day	8	1
骨器	gǔ qì	bone tool (archaeology)	8	1
频谱	pín pǔ	frequency spectrum; spectrum; spectrogram	8	1
预祝	yù zhù	to wish sb (success, bon voyage etc)	8	1
非分之想	fēi fèn zhī xiǎng	(idiom) a presumptuous desire; an aspiration beyond one's reach	8	1
零时	líng shí	midnight; zero hour	8	1
隐痛	yǐn tòng	hidden anguish; secret suffering; (medicine) dull pain	8	1
随机数	suí jī shù	random number	8	1
陡崖	dǒu yá	steep cliff; precipice	8	1
阴宅	yīn zhái	(feng shui term) tomb	8	1
铸件	zhù jiàn	a casting (i.e. sth cast in a mold)	8	1
钻头	zuàn tóu	drill bit	8	1
配药	pèi yào	to dispense (drugs); to prescribe	8	1
郁郁寡欢	yù yù guǎ huān	(idiom) depressed; cheerless	8	1
遗著	yí zhù	posthumous work (of a writer)	8	1
通量	tōng liàng	flux	8	1
透光	tòu guāng	transparent; translucent	8	1
追认	zhuī rèn	to recognize sth after the event; posthumous recognition; to ratify	8	1
车床	chē chuáng	lathe	8	1
超自然	chāo zì rán	supernatural	8	1
赋闲	fù xián	to stay idle at home; to have resigned from office; to be unemployed	8	1
贫民窟	pín mín kū	slum housing	8	1
谨严	jǐn yán	meticulous; rigorous	8	1
识时务	shí shí wù	to have a clear view of things; to adapt to circumstances	8	1
设身处地	shè shēn chǔ dì	to put oneself in sb else's shoes	8	1
解析几何	jiě xī jǐ hé	analytic geometry; coordinate geometry	8	1
袖筒	xiù tǒng	sleeve	8	1
补缀	bǔ zhuì	to mend (clothes); to patch	8	1
虎子	hǔ zǐ	tiger cub; brave young man	8	1
菜花	cài huā	cauliflower; gonorrhea	8	1
苦熬	kǔ áo	to endure (years of suffering)	8	1
自惭形秽	zì cán xíng huì	(idiom) to feel inferior; to feel inadequate	8	1
腾出	téng chū	to make (some time or space) available (for sb)	8	1
脏话	zāng huà	profanity; obscene language; speaking rudely	8	1
能歌善舞	néng gē shàn wǔ	can sing and dance (idiom); fig. a person of many talents	8	1
胆道	dǎn dào	bile duct	8	1
肾虚	shèn xū	(TCM) kidney deficiency	8	1
肺水肿	fèi shuǐ zhǒng	pulmonary edema	8	1
耳垂	ěr chuí	earlobe	8	1
编年体	biān nián tǐ	in the style of annals	8	1
缓兵之计	huǎn bīng zhī jì	delaying tactics; stalling; measures to stave off an attack; stratagem to win a respite	8	1
经验主义	jīng yàn zhǔ yì	empiricism	8	1
纸牌	zhǐ pái	playing card	8	1
纱帽	shā mào	gauze hat; (fig.) job as an official	8	1
红烧肉	hóng shāo ròu	red braised pork	8	1
纠察	jiū chá	to maintain order; steward (policing a meeting)	8	1
糖精	táng jīng	saccharin	8	1
空落落	kōng luò luò	empty; desolate	8	1
稀土元素	xī tǔ yuán sù	rare earth element (chemistry)	8	1
秩序井然	zhì xù jǐng rán	in perfect order	8	1
秘传	mì chuán	to hand down secret knowledge from generation to generation within a school or family etc	8	1
科学史	kē xué shǐ	history of science	8	1
神魂	shén hún	mind; state of mind (often abnormal)	8	1
神怪	shén guài	spirits and devils (usually harmful); demon	8	1
眼皮子	yǎn pí zi	eyelid	8	1
眼尖	yǎn jiān	to have good eyes	8	1
真意	zhēn yì	real intention; true meaning; correct interpretation	8	1
盲从	máng cóng	to follow blindly; to conform slavishly; unthinking obedience	8	1
电磁铁	diàn cí tiě	electromagnet	8	1
球类	qiú lèi	ball sports	8	1
独白	dú bái	stage monologue; soliloquy	8	1
独当一面	dú dāng yī miàn	to assume personal responsibility (idiom); to take charge of a section	8	1
热水瓶	rè shuǐ píng	thermos bottle; vacuum bottle; hot water dispenser (appliance)	8	1
灼伤	zhuó shāng	a burn (tissue damage from heat, chemicals etc); to burn (the skin etc)	8	1
灰飞烟灭	huī fēi yān miè	lit. scattered ashes and dispersed smoke (idiom); fig. to be annihilated	8	1
灰蒙蒙	huī mēng mēng	dusky; overcast (of weather)	8	1
火并	huǒ bìng	(of rival gangs or armed factions etc) to engage in internecine violence; to have an open fight; to clash on the streets; to have a shootout	8	1
火力发电	huǒ lì fā diàn	thermal power generation	8	1
火冒三丈	huǒ mào sān zhàng	to get really angry	8	1
湖光山色	hú guāng shān sè	scenic lakes and mountain (idiom); beautiful lake and mountain landscape	8	1
涨跌	zhǎng diē	rise or fall in price	8	1
消耗量	xiāo hào liàng	rate of consumption	8	1
浪头	làng tou	wave	8	1
活检	huó jiǎn	biopsy	8	1
活性剂	huó xìng jì	reagent (chemistry)	8	1
泥沼	ní zhǎo	swamp	8	1
泉涌	quán yǒng	to gush	8	1
水患	shuǐ huàn	flooding; inundation	8	1
欺人太甚	qī rén tài shèn	(idiom) to bully intolerably	8	1
检测器	jiǎn cè qì	detector	8	1
校风	xiào fēng	the tone of a school; campus atmosphere	8	1
枕木	zhěn mù	railroad tie; sleeper	8	1
板材	bǎn cái	sheet materials (wood, metal, plastic etc)	8	1
来生	lái shēng	next life	8	1
本源	běn yuán	origin; source	8	1
有轨	yǒu guǐ	tracked (tramcar)	8	1
有理数	yǒu lǐ shù	rational number (i.e. fraction of two integers, math.)	8	1
暗合	àn hé	to agree implicitly; of one mind	8	1
春播	chūn bō	(agriculture) to sow in spring	8	1
日积月累	rì jī yuè lěi	to accumulate over a long period of time	8	1
无悔	wú huǐ	to have no regrets	8	1
新派	xīn pài	new faction	8	1
支配权	zhī pèi quán	authority to dispose of sth	8	1
撕碎	sī suì	to tear to shreds	8	1
推车	tuī chē	cart; trolley; to push a cart	8	1
推戴	tuī dài	to endorse (sb for leader)	8	1
排定	pái dìng	to schedule	8	1
指称	zhǐ chēng	designation; reference; to refer to	8	1
指环	zhǐ huán	(finger) ring	8	1
拱卫	gǒng wèi	to surround and protect	8	1
承受力	chéng shòu lì	tolerance; capability of adapting oneself	8	1
成材	chéng cái	to make sth of oneself; to become a person who is worthy of respect	8	1
成品油	chéng pǐn yóu	refined oil	8	1
惊起	jīng qǐ	to give a start; to startle (an animal etc)	8	1
惊心	jīng xīn	staggering; shocking; frightened	8	1
恩准	ēn zhǔn	approved by His (or Her) Majesty	8	1
怀恨在心	huái hèn zài xīn	to harbor hard feelings	8	1
影剧院	yǐng jù yuàn	cinema; movie theater	8	1
录取线	lù qǔ xiàn	minimum passing score for admission	8	1
廉耻	lián chǐ	honor and shame; sense of honor	8	1
庙号	miào hào	temple name of a deceased Chinese emperor	8	1
幸会	xìng huì	nice to meet you	8	1
并拢	bìng lǒng	to draw together	8	1
年终奖	nián zhōng jiǎng	year-end bonus	8	1
岔道	chà dào	side road; byway	8	1
尖锐化	jiān ruì huà	to intensify; to become acute; to come to a head	8	1
宽窄	kuān zhǎi	width; breadth	8	1
宽宏	kuān hóng	magnanimous	8	1
实名	shí míng	real-name (registration etc); non-anonymous	8	1
完形	wán xíng	total form; coherent whole; Gestalt	8	1
婉约	wǎn yuē	graceful and subdued (style)	8	1
奉还	fèng huán	to return with thanks; to give back (honorific)	8	1
失陪	shī péi	Excuse me, I must be leaving now.	8	1
夜生活	yè shēng huó	night life	8	1
多管闲事	duō guǎn xián shì	meddling in other people's business	8	1
复印机	fù yìn jī	photocopier	8	1
圆环	yuán huán	ring (any circular object); (math.) annulus; (Tw) traffic circle; rotary	8	1
团扇	tuán shàn	circular fan	8	1
嗓子眼	sǎng zi yǎn	throat	8	1
喷雾	pēn wù	mist spray; atomizing	8	1
善罢甘休	shàn bà gān xiū	(idiom) to let the matter rest; to just let it go; to take it lying down (usu. used in the negative)	8	1
售卖	shòu mài	to sell	8	1
唇舌	chún shé	argument; words; lips and tongue	8	1
名宿	míng sù	renowned senior figure; luminary; legend (in academia, sport etc)	8	1
同流合污	tóng liú hé wū	to wallow in the mire with sb (idiom); to follow the bad example of others	8	1
可燃	kě rán	inflammable	8	1
受托	shòu tuō	to be entrusted; to be commissioned	8	1
发明人	fā míng rén	inventor	8	1
反唇相讥	fǎn chún xiāng jī	(idiom) to answer back sarcastically; to retort	8	1
原原本本	yuán yuán běn běn	from beginning to end; in its entirety; in accord with fact	8	1
印刷品	yìn shuā pǐn	printed products	8	1
单眼	dān yǎn	ommatidium (single component of insect's compound eye)	8	1
午觉	wǔ jiào	siesta; afternoon nap	8	1
医家	yī jiā	healer; physician; medical man	8	1
制药厂	zhì yào chǎng	pharmaceutical company; drugs manufacturing factory	8	1
初选	chū xuǎn	primary election	8	1
凉茶	liáng chá	Chinese herb tea	8	1
军阵	jūn zhèn	battle formation	8	1
先见	xiān jiàn	foresight; prescience	8	1
做戏	zuò xì	to act in a play; to put on a play	8	1
倒置	dào zhì	to invert	8	1
倒灌	dào guàn	to flow backwards (of water, because of flood, tide, wind etc)	8	1
保育	bǎo yù	to look after (children); childcare	8	1
例行公事	lì xíng gōng shì	routine business; usual practice; mere formality	8	1
使徒	shǐ tú	apostle	8	1
体位	tǐ wèi	posture	8	1
优选	yōu xuǎn	to optimize; preferred	8	1
令人瞩目	lìng rén zhǔ mù	(idiom) attention-grabbing; noteworthy	8	1
人贩子	rén fàn zi	human trafficker	8	1
人意	rén yì	people's expectations	8	1
人之常情	rén zhī cháng qíng	human nature (idiom); a behavior that is only natural	8	1
亲族	qīn zú	relatives; members of the same family, clan, tribe etc	8	1
五味子	wǔ wèi zǐ	schizandra (Schisandra chinensis); Magnolia vine	8	1
五号	wǔ hào	the fifth; fifth day of a month	8	1
乡党	xiāng dǎng	(Shaanxi dialect) person from one's hometown or home region	8	1
乐呵呵	lè hē hē	happily; giddily	8	1
久别重逢	jiǔ bié chóng féng	to meet again after a long period of separation	8	1
不厌其烦	bù yàn qí fán	not to mind taking all the trouble (idiom); to take great pains	8	1
不依不饶	bù yī bù ráo	not to overlook, nor spare (idiom); unwilling to forgive	8	1
下嫁	xià jià	(of a woman) to marry a man of lower social status; to marry down	8	1
上桌	shàng zhuō	to place (food) on the table; to sit down to eat (at the dining table)	8	1
万不得已	wàn bù dé yǐ	only when absolutely essential (idiom); as a last resort	8	1
七手八脚	qī shǒu bā jiǎo	(idiom) with everyone lending a hand (eagerly but somewhat chaotically)	8	1
一条心	yī tiáo xīn	to be of one mind; to think or act alike	8	1
一往无前	yī wǎng wú qián	to advance courageously (idiom); to press forward	8	1
一反常态	yī fǎn cháng tài	complete change from the normal state (idiom); quite uncharacteristic	8	1
鼻头	bí tóu	tip of the nose; (dialect) nose	8	1
高风险	gāo fēng xiǎn	high risk	8	1
骄纵	jiāo zòng	arrogant and willful	8	1
风骨	fēng gǔ	strength of character; vigorous style (of calligraphy)	8	1
颓丧	tuí sàng	dejected; disheartened; listless	8	1
雄才大略	xióng cái dà lüè	great skill and strategy	8	1
陪审团	péi shěn tuán	jury	8	1
险象环生	xiǎn xiàng huán shēng	dangers spring up all around (idiom); surrounded by perils	8	1
阻遏	zǔ è	to impede; to hold sb back	8	1
间不容发	jiān bù róng fà	(to escape danger etc) by a hair's breadth (idiom); in a critical state	8	1
长裤	cháng kù	trousers	8	1
锅灶	guō zào	stove; cooking burner	8	1
铁水	tiě shuǐ	molten iron	8	1
重开	chóng kāi	to reopen	8	1
酒窝	jiǔ wō	dimple (on the cheek when smiling)	8	1
邪魔	xié mó	evil spirit	8	1
邀集	yāo jí	to invite a group of people (to assemble for a gathering)	8	1
遗训	yí xùn	moral instruction handed down by sages of the past or departed elders	8	1
逢凶化吉	féng xiōng huà jí	misfortune turns to blessing (idiom); to turn an inauspicious start to good account	8	1
选修课	xuǎn xiū kè	optional course (in school)	8	1
进取心	jìn qǔ xīn	enterprising spirit; initiative	8	1
过载	guò zài	overload	8	1
过滤器	guò lǜ qì	filtering apparatus; (machine) filter	8	1
辐射能	fú shè néng	radiation energy (e.g. solar)	8	1
财长	cái zhǎng	treasurer; head of finances; minister of finance	8	1
调阅	diào yuè	to access (a document); to consult	8	1
证明书	zhèng míng shū	certificate	8	1
视死如归	shì sǐ rú guī	to view death as a return home; to not be afraid of dying	8	1
血流成河	xuè liú chéng hé	rivers of blood (idiom); bloodbath	8	1
蛮干	mán gàn	to act rashly; to act precipitously regardless of the consequences	8	1
虚脱	xū tuō	to collapse (from dehydration or loss of blood); heat exhaustion	8	1
藤条	téng tiáo	rattan	8	1
营养学	yíng yǎng xué	nutriology	8	1
药草	yào cǎo	medicinal herb	8	1
若隐若现	ruò yǐn ruò xiàn	(idiom) faint; indistinct	8	1
苛捐杂税	kē juān zá shuì	exorbitant taxation (idiom)	8	1
花枝招展	huā zhī zhāo zhǎn	lit. lovely scene of blossoming plants swaying in the breeze (idiom)	8	1
艺名	yì míng	stage name (of an actor or actress)	8	1
致癌物	zhì ái wù	carcinogen	8	1
脊索	jǐ suǒ	notochord (anatomy)	8	1
胆大包天	dǎn dà bāo tiān	reckless; extremely daring	8	1
肝胆相照	gān dǎn xiāng zhào	to treat one another with absolute sincerity (idiom); to show total devotion	8	1
经堂	jīng táng	scripture hall (Buddhism)	8	1
细语	xì yǔ	to chat with a low voice	8	1
紫砂	zǐ shā	a type of clay found in the region of Yixing 宜興, used to make Yixing stoneware, with its distinctive russet or dark purple coloring	8	1
管委会	guǎn wěi huì	administrative committee; management committee	8	1
简述	jiǎn shù	to outline; to summarize; to sketch	8	1
笔调	bǐ diào	(of writing) tone; style	8	1
私盐	sī yán	illegally-traded salt (with salt tax not paid)	8	1
砸碎	zá suì	to pulverize; to smash to bits	8	1
破冰	pò bīng	(fig.) to break the ice; to begin to restore amicable relations	8	1
知遇之恩	zhī yù zhī ēn	lit. the kindness of recognizing sb's worth and employing him (idiom)	8	1
相承	xiāng chéng	to complement one another	8	1
病患	bìng huàn	illness; disease; patient	8	1
留宿	liú sù	to put up a guest; to stay overnight	8	1
画笔	huà bǐ	painting brush	8	1
画图	huà tú	to draw designs, maps etc; picture (e.g. of life in the city)	8	1
生路	shēng lù	a way to make a living; a way to survive; a way out of a predicament	8	1
献殷勤	xiàn yīn qín	to be particularly attentive to (an attractive young lady or man etc); to fawn upon (an influential politician etc); to court sb's favor; to ingratiate oneself	8	1
猫眼	māo yǎn	peephole (in a door); (mineralogy) chrysoberyl	8	1
狼心狗肺	láng xīn gǒu fèi	lit. heart of wolf and lungs of dog (idiom); cruel and unscrupulous	8	1
狭路相逢	xiá lù xiāng féng	lit. to meet face to face on a narrow path (idiom)	8	1
演奏者	yǎn zòu zhě	performer; musician	8	1
泡影	pào yǐng	(lit.) froth and shadows; (fig.) illusion; mirage	8	1
法会	fǎ huì	(Buddhist) religious assembly	8	1
污蔑	wū miè	to slander; to smear; to tarnish	8	1
水闸	shuǐ zhá	sluice; water gate; waterlocks	8	1
气垫	qì diàn	air cushion (as on hovercraft)	8	1
每况愈下	měi kuàng yù xià	to steadily deteriorate	8	1
正邪	zhèng xié	opposition between vital energy 正氣 and pathogeny 邪氣 (TCM)	8	1
正负	zhèng fù	positive and negative	8	1
欢送	huān sòng	to see off; to send off	8	1
欢声	huān shēng	cheers; cries of joy or approval	8	1
梳妆台	shū zhuāng tái	dressing table	8	1
核辐射	hé fú shè	nuclear radiation	8	1
枪杆子	qiāng gǎn zi	gun barrel	8	1
未始	wèi shǐ	not necessarily; may not turn out to be; maybe not	8	1
无价之宝	wú jià zhī bǎo	(idiom) priceless treasure	8	1
断案	duàn àn	to judge a case	8	1
斜长石	xié cháng shí	plagioclase (rock-forming mineral, type of feldspar)	8	1
敲诈勒索	qiāo zhà lè suǒ	extortion and blackmail (idiom)	8	1
数据结构	shù jù jié gòu	(computing) data structure	8	1
摆摊	bǎi tān	to run a street stall	8	1
挑拨离间	tiǎo bō lí jiàn	to sow dissension (idiom); to drive a wedge between	8	1
抢手	qiǎng shǒu	(of goods) popular; in great demand	8	1
投其所好	tóu qí suǒ hào	to adapt to sb's taste; to fit sb's fancy	8	1
打更	dǎ gēng	to sound the night watches (on clappers or gongs, in former times)	8	1
扑克牌	pū kè pái	poker (card game); playing card	8	1
房主	fáng zhǔ	landlord; house owner	8	1
成说	chéng shuō	accepted theory or formulation	8	1
成灾	chéng zāi	disastrous; to turn into a disaster	8	1
情话	qíng huà	terms of endearment; words of love	8	1
恶棍	è gùn	scoundrel; rogue; bully; villain	8	1
得病	dé bìng	to fall ill; to contract a disease	8	1
形式化	xíng shì huà	formalization; formalized	8	1
归罪	guī zuì	to blame sb	8	1
强酸	qiáng suān	strong acid	8	1
引退	yǐn tuì	to retire from office; to resign	8	1
引号	yǐn hào	quotation mark (punct.)	8	1
开打	kāi dǎ	(of a sports competition or match) to commence	8	1
并驾齐驱	bìng jià qí qū	(idiom) to run neck and neck; to keep pace with; to keep abreast of; on par with one another	8	1
年关	nián guān	end of the year	8	1
干电池	gān diàn chí	dry cell (battery)	8	1
帝师	dì shī	(historical) emperor's tutor; (Yuan dynasty) imperial preceptor (high-ranking official title held by Tibetan Buddhism leaders)	8	1
差劲	chà jìn	bad; no good; below average	8	1
小舅子	xiǎo jiù zi	(coll.) wife's younger brother	8	1
宝地	bǎo dì	blessed land; a place rich in beauty or natural resources etc	8	1
完事	wán shì	to be finished (with sth)	8	1
学长	xué zhǎng	senior or older male schoolmate	8	1
委曲求全	wěi qū qiú quán	to accept a compromise	8	1
头天	tóu tiān	yesterday; previous day; first day	8	1
夫君	fū jūn	(honorific) husband	8	1
大难临头	dà nàn lín tóu	to be facing imminent calamity (idiom); disaster is looming	8	1
地税	dì shuì	local tax (abbr. for 地方稅); land tax (abbr. for 土地稅)	8	1
土方	tǔ fāng	cubic meter of earth (unit of measurement); excavated soil	8	1
图景	tú jǐng	landscape (in a picture); (fig.) landscape (i.e. general situation)	8	1
回溯	huí sù	to recall; to look back upon	8	1
商路	shāng lù	trade route	8	1
哨所	shào suǒ	watchhouse; sentry post	8	1
哥俩	gē liǎ	(coll.) two brothers; two close male friends	8	1
名实	míng shí	name and reality; how sth is portrayed and what it is actually like	8	1
号衣	hào yī	jacket worn esp. by soldiers in former times, with large insignia on the front and back indicating unit affiliation	8	1
叫苦不迭	jiào kǔ bu dié	to complain without stopping (idiom); to bitch endlessly	8	1
变速	biàn sù	to change speed; to shift gear; variable-speed	8	1
反腐倡廉	fǎn fǔ chàng lián	to fight corruption and advocate probity	8	1
厌弃	yàn qì	to spurn; to reject	8	1
印刷机	yìn shuā jī	printing press	8	1
协约	xié yuē	entente; pact; agreement	8	1
加宽	jiā kuān	widen	8	1
刚烈	gāng liè	resolute and upright in character; unyielding; staunch	8	1
分站	fēn zhàn	substation	8	1
冷饮	lěng yǐn	cold drink	8	1
军号	jūn hào	bugle	8	1
军事化	jūn shì huà	militarization	8	1
关系式	guān xì shì	equation expressing a relation (math.)	8	1
公证处	gōng zhèng chù	notary office	8	1
八卦掌	bā guà zhǎng	baguazhang (a form of Chinese boxing)	8	1
全貌	quán mào	complete picture; full view	8	1
党八股	dǎng bā gǔ	drab, stereotypical Communist Party writing style	8	1
光光	guāng guāng	bright; shiny; smooth	8	1
充溢	chōng yì	to overflow (with riches); replete	8	1
停职	tíng zhí	to suspend (sb) from duties	8	1
作威作福	zuò wēi zuò fú	tyrannical abuse (idiom); riding roughshod over people	8	1
作假	zuò jiǎ	to counterfeit; to falsify; to cheat	8	1
体恤	tǐ xù	to empathize with; to show solicitude for; (loanword) T-shirt	8	1
低能	dī néng	incapable; incompetent; stupid	8	1
伟晶岩	wěi jīng yán	pegmatite	8	1
会社	huì shè	a guild	8	1
伙食费	huǒ shí fèi	food expenses; board expenses; meals (cost)	8	1
价码	jià mǎ	price tag	8	1
交办	jiāo bàn	to assign (a task to sb)	8	1
久负盛名	jiǔ fù shèng míng	seasoned; honed to perfection over centuries; special reserve	8	1
不闻不问	bù wén bù wèn	not to hear, not to question (idiom); to show no interest in sth	8	1
不一而足	bù yī ér zú	by no means an isolated case; numerous	8	1
一知半解	yī zhī bàn jiě	(idiom) to have a superficial knowledge of a subject; to know a smattering of sth	8	1
鼠辈	shǔ bèi	a scoundrel; a bad chap	8	1
鸡腿	jī tuǐ	chicken leg; drumstick	8	1
高架	gāo jià	overhead; elevated (walkway, highway etc); elevated road	8	1
高枕无忧	gāo zhěn wú yōu	to sleep peacefully (idiom); (fig.) to rest easy; to be free of worries	8	1
高利	gāo lì	high interest rate; usurious	8	1
马术	mǎ shù	equestrianism; horsemanship	8	1
飞禽	fēi qín	birds	8	1
飘零	piāo líng	to fall and wither (like autumn leaves); (fig.) drifting and homeless	8	1
韵文	yùn wén	verse (as opposed to prose 散文)	8	1
音位	yīn wèi	phoneme	8	1
面点	miàn diǎn	pastry	8	1
青白	qīng bái	pale; pallor	8	1
难上加难	nán shàng jiā nán	extremely difficult; even more difficult	8	1
陆运	lù yùn	land transport	8	1
防震	fáng zhèn	shockproof; to guard against earthquakes	8	1
长拳	cháng quán	Changquan - Northern Shaolin (北少林) - Longfist - Martial Art	8	1
重排	chóng pái	to rearrange; to retypeset	8	1
重印	chóng yìn	to reprint	8	1
酣饮	hān yǐn	to drink one's fill	8	1
通病	tōng bìng	common problem; common failing	8	1
选秀	xuǎn xiù	to select talented individuals; (sports) draft	8	1
过火	guò huǒ	to go too far; to go overboard (in words or actions)	8	1
过来人	guò lái rén	an experienced person; sb who has "been around (the block)"	8	1
过客	guò kè	passing traveler; transient guest; sojourner	8	1
轮距	lún jù	tread (the distance between the two front – or two rear – wheels of a vehicle)	8	1
转换器	zhuǎn huàn qì	converter; transducer	8	1
身兼	shēn jiān	holding two jobs simultaneously	8	1
趣事	qù shì	entertaining anecdote; interesting story or incident	8	1
赶早	gǎn zǎo	as soon as possible; at the first opportunity; the sooner the better; before it's too late	8	1
费率	fèi lǜ	rate; tariff	8	1
贷款人	dài kuǎn rén	the lender	8	1
认命	rèn mìng	to accept misfortunes as decreed by fate; to be resigned to sth	8	1
计生	jì shēng	planned childbirth; birth control; family planning	8	1
覆没	fù mò	annihilated; capsized	8	1
衣兜	yī dōu	pocket	8	1
蜡染	là rǎn	batik (color printing on cloth using wax)	8	1
蜜源	mì yuán	nectar source	8	1
茅坑	máo kēng	latrine pit; latrine	8	1
节食	jié shí	to save food; to go on a diet	8	1
色光	sè guāng	colored light	8	1
自作自受	zì zuò zì shòu	(idiom) to reap what one has sown; to stew in one's own juice	8	1
脚板	jiǎo bǎn	the sole of the foot	8	1
脚后跟	jiǎo hòu gēn	heel	8	1
脑室	nǎo shì	ventricles of the brain	8	1
耗材	hào cái	consumables; to consume raw materials	8	1
缺漏	quē lòu	to overlook; omissions; deficiencies	8	1
继往开来	jì wǎng kāi lái	to follow the past and herald the future (idiom); part of a historical transition	8	1
继任者	jì rèn zhě	successor	8	1
绝活	jué huó	specialty; unique skill	8	1
经纱	jīng shā	warp (vertical thread in weaving)	8	1
线性规划	xiàn xìng guī huà	linear programming	8	1
红树	hóng shù	red mangrove (Rhizophora mangle)	8	1
糕饼	gāo bǐng	cakes; pastries	8	1
粒子束	lì zǐ shù	beam of elementary particles	8	1
米面	mǐ miàn	rice and noodles; rice flour; rice-flour noodles	8	1
简括	jiǎn kuò	brief but comprehensive; compendious	8	1
窥见	kuī jiàn	to catch a glimpse of	8	1
称心	chèn xīn	satisfactory; agreeable	8	1
科班	kē bān	formal professional education or training	8	1
磨光	mó guāng	to polish	8	1
砍刀	kǎn dāo	machete	8	1
瘟神	wēn shén	demon personifying pestilence	8	1
略图	lüè tú	sketch; sketch map; thumbnail picture	8	1
生物制品	shēng wù zhì pǐn	biological product	8	1
独来独往	dú lái dú wǎng	(idiom) to come and go alone; to act independently; (fig.) to keep to oneself; to be a loner	8	1
狡辩	jiǎo biàn	to deflect blame from oneself with a dishonest story; to make excuses	8	1
爽爽快快	shuǎng shuǎng kuài kuài	in short order; straightforward	8	1
熟透	shú tòu	completely ripe; ripened; well-cooked	8	1
烟霞	yān xiá	haze	8	1
点明	diǎn míng	to point out	8	1
火柱	huǒ zhù	column of flame	8	1
游山玩水	yóu shān wán shuǐ	to go on a scenic tour	8	1
淡出	dàn chū	to fade out (cinema); to withdraw from (politics, acting etc)	8	1
流窜	liú cuàn	to roam all over the place	8	1
流星锤	liú xīng chuí	meteor hammer (ancient weapon consisting of two iron balls connected by a chain)	8	1
活字	huó zì	movable type	8	1
活化石	huó huà shí	living fossil	8	1
洒家	sǎ jiā	(archaic) I; me (used by males during the Song and Yuan dynasties)	8	1
波速	bō sù	wave velocity	8	1
毫米波	háo mǐ bō	millimeter wave (radio signal)	8	1
毁约	huǐ yuē	to break a promise; breach of contract	8	1
毁损	huǐ sǔn	impair, damage	8	1
殊途同归	shū tú tóng guī	different routes to the same destination (idiom); fig. different means of achieve the same end	8	1
死火山	sǐ huǒ shān	extinct volcano	8	1
欢欢喜喜	huān huān xǐ xǐ	happily	8	1
模子	mú zi	mold; matrix; pattern or die	8	1
桌案	zhuō àn	table	8	1
杀虫	shā chóng	insecticide	8	1
朴实无华	pǔ shí wú huá	(idiom) simple; plain; unadorned	8	1
本行	běn háng	one's line; one's own profession	8	1
木杆	mù gān	wooden pole; wood (golf club)	8	1
朝纲	cháo gāng	laws and discipline of imperial court	8	1
朔望	shuò wàng	the new moon; the first day of the lunar month	8	1
暗里	àn li	privately; secretly; behind closed doors	8	1
星斗	xīng dǒu	stars	8	1
昏天黑地	hūn tiān hēi dì	lit. dark sky and black earth (idiom); fig. pitch dark; to black out	8	1
早市	zǎo shì	morning market	8	1
斑块	bān kuài	patch; spot; (medicine) plaque	8	1
文字狱	wén zì yù	literary inquisition	8	1
散伙	sàn huǒ	to break up; to disband; to go one's separate ways	8	1
政教合一	zhèng jiào hé yī	union of religious and political rule; theocracy; Caesaropapism	8	1
擦伤	cā shāng	to abrade; to scrape; to chafe; to graze	8	1
撑开	chēng kāi	to stretch taut; to open (an umbrella); to hold (a bag etc) open	8	1
插座	chā zuò	socket; outlet	8	1
插值	chā zhí	interpolation (math.)	8	1
提干	tí gàn	to rise through the ranks (as a party cadre)	8	1
挨个	āi gè	one by one; in turn	8	1
挟带	xié dài	to carry along; to carry on one's person; to carry secretly	8	1
指名	zhǐ míng	to mention by name; to designate; designated	8	1
折叠式	zhé dié shì	folding (i.e. portable)	8	1
技校	jì xiào	vocational high school (abbr. for 技工學校 or 技術學校)	8	1
扶老携幼	fú lǎo xié yòu	taking everyone along, young and old	8	1
打翻	dǎ fān	to overturn; to overthrow; to strike down (an enemy)	8	1
打家劫舍	dǎ jiā jié shè	to break into a house for robbery (idiom)	8	1
扑救	pū jiù	firefighting; to extinguish a fire and save life and property	8	1
慢跑	màn pǎo	jogging; to jog; to canter	8	1
情面	qíng miàn	feelings and sensibilities; sentiment and face	8	1
情商	qíng shāng	emotional intelligence; emotional intelligence quotient (EQ) (abbr. for 情緒商數)	8	1
悲戚	bēi qī	mournful	8	1
恶徒	è tú	hoodlum; bad guy	8	1
心术	xīn shù	designs; schemes; intentions	8	1
御医	yù yī	imperial physician	8	1
归途	guī tú	the way back; one's journey home	8	1
弦乐器	xián yuè qì	string instrument	8	1
市立	shì lì	municipal; city; city-run	8	1
巡礼	xún lǐ	to make a pilgrimage (to visit a holy site); to go on a sightseeing tour	8	1
尖头	jiān tóu	pointed end; tip; (medicine) oxycephaly	8	1
客船	kè chuán	passenger ship	8	1
字义	zì yì	meaning of a character	8	1
套曲	tào qǔ	divertimento (music)	8	1
大饼	dà bǐng	large flat bread	8	1
大限	dà xiàn	the limit; maximum; one's allocated lifespan	8	1
大无畏	dà wú wèi	utterly fearless	8	1
大政方针	dà zhèng fāng zhēn	major policy of the national government	8	1
外敷	wài fū	to apply externally	8	1
复赛	fù sài	(sports) semifinal or quarterfinal	8	1
复职	fù zhí	to resume a post	8	1
基因组	jī yīn zǔ	genome	8	1
坑害	kēng hài	to trap; to frame	8	1
唱曲	chàng qǔ	to sing a song	8	1
哀愁	āi chóu	sorrow; sadness; distressed; sorrowful	8	1
含冤	hán yuān	wronged; to suffer false accusations	8	1
后患无穷	hòu huàn wú qióng	(idiom) there will be no end of trouble in the future	8	1
同病相怜	tóng bìng xiāng lián	fellow sufferers empathize with each other (idiom); misery loves company	8	1
合抱	hé bào	to wrap one's arm around (used to describe the girth of a tree trunk)	8	1
变调	biàn diào	tone sandhi; modified tone; (music) to change key	8	1
去往	qù wǎng	(formal) to go to; to head for	8	1
劳逸结合	láo yì jié hé	to strike a balance between work and rest (idiom)	8	1
劫夺	jié duó	to seize by force; to abduct	8	1
剃度	tì dù	to take the tonsure; to shave the head	8	1
刚健	gāng jiàn	energetic; robust	8	1
几次三番	jǐ cì sān fān	lit. twice then three times (idiom); fig. repeatedly	8	1
军刀	jūn dāo	military knife; saber	8	1
内政部长	nèi zhèng bù zhǎng	Minister of the Interior	8	1
偏食	piān shí	partial to (some kinds of food, usu. unhealthy)	8	1
令兄	lìng xiōng	Your esteemed older brother (honorific)	8	1
人龙	rén lóng	a queue of people	8	1
人满为患	rén mǎn wéi huàn	packed with people; overcrowded; overpopulation	8	1
于是乎	yú shì hū	(literary) and so; thereupon; thus	8	1
乘风	chéng fēng	to ride the wind; to use a fair wind; to take an opportunity	8	1
乐律	yuè lǜ	tuning; temperament	8	1
两难	liǎng nán	dilemma; quandary; to be faced with a difficult choice	8	1
与世无争	yǔ shì wú zhēng	(idiom) to stand aloof from worldly affairs	8	1
不可理喻	bù kě lǐ yù	(idiom) impervious to reason; unreasonable	8	1
下半身	xià bàn shēn	lower half of one's body	8	1
三心二意	sān xīn èr yì	in two minds about sth (idiom); half-hearted; shilly-shallying	8	1
七窍	qī qiào	the seven apertures of the human head: 2 eyes, 2 ears, 2 nostrils, 1 mouth	8	1
一言难尽	yī yán nán jìn	hard to explain in a few words (idiom); complicated and not easy to express succinctly	8	1
一脉相承	yī mài xiāng chéng	traceable to the same stock (idiom); of a common origin (of trends, ideas etc)	8	1
一气之下	yī qì zhī xià	in a fit of pique; in a fury	8	1
鱼米之乡	yú mǐ zhī xiāng	(lit.) land of fish and rice; (fig.) fertile region	8	1
骨牌	gǔ pái	dominoes	8	1
饶有	ráo yǒu	full of (interest, humor, sentiment etc)	8	1
饮品	yǐn pǐn	beverage	8	1
非难	fēi nàn	reproof; blame	8	1
静心	jìng xīn	meditation	8	1
附体	fù tǐ	(of a spirit or deity) to possess sb	8	1
门市	mén shì	retail sales; retail outlet; store	8	1
铺张	pū zhāng	ostentation; extravagance	8	1
钱袋	qián dài	wallet; purse; money bag	8	1
钢丝绳	gāng sī shéng	hawser; steel rope	8	1
重载	chóng zài	(computing) overloading	8	1
避雨	bì yǔ	to take shelter from the rain	8	1
遥遥领先	yáo yáo lǐng xiān	(idiom) a long way in front; to lead by a wide margin	8	1
通才	tōng cái	polymath; all-round person	8	1
逃犯	táo fàn	escaped criminal; fugitive from the law	8	1
退场	tuì chǎng	to leave a place where some event is taking place; (of an actor) to exit	8	1
辅导员	fǔ dǎo yuán	student counselor (in Chinese universities)	8	1
轴距	zhóu jù	wheelbase	8	1
转瞬即逝	zhuǎn shùn jí shì	(idiom) fleeting; transitory	8	1
赞成票	zàn chéng piào	approval; affirmative vote	8	1
财帛	cái bó	wealth; money	8	1
谈情说爱	tán qíng shuō ài	to murmur endearments (idiom); to get into a romantic relationship	8	1
识货	shí huò	to know what's what	8	1
评话	píng huà	storytelling dramatic art dating back to Song and Yuan periods, single narrator without music, often historical topics with commentary	8	1
记谱	jì pǔ	to notate music; to write a score	8	1
解数	xiè shù	talent; ability; capability	8	1
视神经	shì shén jīng	optic nerve	8	1
见诸	jiàn zhū	(literary) to appear in (newspapers, the media, a book etc)	8	1
藤蔓	téng wàn	trailing or climbing stem; vine; Taiwan pr.	8	1
薄幸	bó xìng	fickle; inconstant person	8	1
落草	luò cǎo	to take to the woods to become an outlaw	8	1
范本	fàn běn	model (example worthy of being imitated); template	8	1
花花公子	huā huā gōng zǐ	playboy	8	1
自若	zì ruò	calm; composed; at ease	8	1
自省	zì xǐng	to examine oneself; to reflect on one's shortcomings; introspection	8	1
胶结	jiāo jié	to glue; to cement; a bond	8	1
胡匪	hú fěi	bandit (old)	8	1
耗损	hào sǔn	to waste	8	1
老死	lǎo sǐ	to die of old age	8	1
网球赛	wǎng qiú sài	tennis match; tennis competition	8	1
统管	tǒng guǎn	unified administration	8	1
绝色	jué sè	(of a woman) remarkably beautiful; stunning	8	1
结膜炎	jié mó yán	conjunctivitis	8	1
纺锤	fǎng chuí	spindle	8	1
纸上谈兵	zhǐ shàng tán bīng	lit. military tactics on paper (idiom)	8	1
纷呈	fēn chéng	to appear in profusion; to abound	8	1
约见	yuē jiàn	to arrange an interview; an appointment (with the foreign ambassador)	8	1
繁荣昌盛	fán róng chāng shèng	glorious and flourishing (idiom); thriving	8	1
类同	lèi tóng	to resemble; to be similar to	8	1
简约	jiǎn yuē	sketchy; concise; abbreviated	8	1
竹签	zhú qiān	bamboo skewer; bamboo slip used in divination or gambling	8	1
窝子	wō zi	lair; den; stronghold	8	1
穷追不舍	qióng zhuī bù shě	to pursue relentlessly	8	1
稳当	wěn dang	reliable; secure; stable	8	1
稍纵即逝	shāo zòng jí shì	transient; fleeting	8	1
称誉	chēng yù	to acclaim; to sing the praises of	8	1
离宫	lí gōng	detached palace; imperial villa	8	1
福分	fú fen	one's happy lot; good fortune	8	1
磁极	cí jí	magnetic pole	8	1
看相	kàn xiàng	to tell fortune by reading the subject's facial features	8	1
盘根错节	pán gēn cuò jié	twisted roots and intertwined joints (idiom); complicated and very tricky	8	1
皮袋	pí dài	leather bag; leather pouch (for liquid)	8	1
疏失	shū shī	to make a (careless) mistake; oversight	8	1
瓷碗	cí wǎn	porcelain bowl	8	1
班主	bān zhǔ	leader of a theatrical troupe	8	1
玉石俱焚	yù shí jù fén	to burn both jade and common stone; to destroy indiscriminately (idiom)	8	1
独力	dú lì	all by oneself; without exterior help	8	1
煤焦油	méi jiāo yóu	coal tar	8	1
烦心	fán xīn	annoying; vexing	8	1
溜之大吉	liū zhī dà jí	to steal away; to beat it	8	1
溃不成军	kuì bù chéng jūn	(idiom) (of troops) to be utterly routed and dispersed	8	1
游乐场	yóu lè chǎng	playground	8	1
清音	qīng yīn	(phonetics) voiceless sound	8	1
涡旋	wō xuán	eddy; vortex	8	1
消受	xiāo shòu	to bear	8	1
涂片	tú piàn	smear (medical sample); microscope slide	8	1
注疏	zhù shū	commentary and subcommentary (of a book)	8	1
波动性	bō dòng xìng	fluctuation	8	1
沙文主义	shā wén zhǔ yì	chauvinism	8	1
气管炎	qì guǎn yán	bacterial tracheitis (inflammation of the windpipe, often caused by Staphylococcus aureus)	8	1
歹意	dǎi yì	evil intent; malice	8	1
横行霸道	héng xíng bà dào	to oppress; to rule as a despot; to tyrannize	8	1
校官	xiào guān	military officer	8	1
查究	chá jiū	to follow up a study; to investigate	8	1
枪击	qiāng jī	to shoot with a gun; shooting incident	8	1
极值	jí zhí	maxima and minima; extremum	8	1
松子	sōng zǐ	pine nut	8	1
杂音	zá yīn	noise	8	1
望而却步	wàng ér què bù	(lit.) to shrink back at the sight of (sth daunting) (idiom)	8	1
服务生	fú wù shēng	server (at a restaurant)	8	1
有机可乘	yǒu jī kě chéng	to have an opportunity that one can exploit (idiom)	8	1
有惊无险	yǒu jīng wú xiǎn	to be more scared than hurt (idiom)	8	1
既往	jì wǎng	past; bygone; the past	8	1
无所不能	wú suǒ bù néng	omnipotent	8	1
方位角	fāng wèi jiǎo	azimuth	8	1
收款	shōu kuǎn	to receive payment; to collect money	8	1
搬动	bān dòng	to move (sth) around; to move house	8	1
提调	tí diào	to supervise (troops); to appoint (officers); to select and assign	8	1
捧杯	pěng bēi	to hold the winner's trophy; to win the championship	8	1
挥之不去	huī zhī bù qù	impossible to get rid of	8	1
挤兑	jǐ duì	bank run	8	1
挂面	guà miàn	pasta; noodles	8	1
找死	zhǎo sǐ	to court death; to take a big risk	8	1
扩军	kuò jūn	armament; to expand armed forces	8	1
打头阵	dǎ tóu zhèn	to take the lead	8	1
手写	shǒu xiě	to write by hand	8	1
所以然	suǒ yǐ rán	the reason why	8	1
战祸	zhàn huò	disastrous conflict; bloody warfare	8	1
我行我素	wǒ xíng wǒ sù	to continue in one's own way (idiom)	8	1
惦念	diàn niàn	to constantly have (sb or sth) on one's mind	8	1
患得患失	huàn dé huàn shī	to worry about personal gains and losses	8	1
悠远	yōu yuǎn	long time ago; distant; far away	8	1
恶贯满盈	è guàn mǎn yíng	lit. strung through and filled with evil (idiom); filled with extreme evil	8	1
心灰意懒	xīn huī yì lǎn	discouraged; downhearted	8	1
微管	wēi guǎn	tubule; microtubule	8	1
强子	qiáng zǐ	hadron (particle physics)	8	1
平顶	píng dǐng	flat roof	8	1
工作服	gōng zuò fú	work clothes; workwear	8	1
小病	xiǎo bìng	minor illness; indisposition	8	1
宗教学	zōng jiào xué	religious studies	8	1
学分制	xué fēn zhì	credit system; grading system (in schools, universities etc)	8	1
奉告	fèng gào	(honorific) to inform	8	1
头昏	tóu hūn	dizzy; giddy; one's head spins	8	1
天灾人祸	tiān zāi rén huò	natural calamities and man-made disasters (idiom)	8	1
多才多艺	duō cái duō yì	multitalented	8	1
多彩	duō cǎi	colorful; flamboyant	8	1
外景	wài jǐng	exterior scene; outdoor scene	8	1
声带	shēng dài	vocal cords; vocal folds; (motion picture) soundtrack	8	1
堂兄	táng xiōng	older male patrilineal cousin	8	1
埋单	mái dān	to pay the bill (in a restaurant etc) (loanword from Cantonese)	8	1
均值	jūn zhí	average value	8	1
圆领	yuán lǐng	crew neck; round neck (of pull-over garment, e.g. T-shirt)	8	1
圆柱体	yuán zhù tǐ	cylinder (geometry)	8	1
回程	huí chéng	return trip	8	1
喜形于色	xǐ xíng yú sè	face light up with delight (idiom); to beam with joy	8	1
唾手可得	tuò shǒu kě dé	easily obtained; readily available	8	1
哭丧棒	kū sāng bàng	mourning staff draped in white, held at a funeral to show filial piety	8	1
咖啡厅	kā fēi tīng	coffee shop	8	1
命门	mìng mén	(TCM) the right kidney	8	1
合欢	hé huān	to have sex; to make love; silk tree (Albizia julibrissin)	8	1
句法	jù fǎ	syntax	8	1
取用	qǔ yòng	to access; to make use of	8	1
单行本	dān xíng běn	single volume edition; offprint	8	1
勤政	qín zhèng	to govern diligently; diligent governance	8	1
助残	zhù cán	to help people with disabilities	8	1
动手动脚	dòng shǒu dòng jiǎo	to come to blows; to paw; to grope	8	1
前车之鉴	qián chē zhī jiàn	(lit.) a warning taken from the overturned cart ahead (idiom)	8	1
到访	dào fǎng	to pay a visit	8	1
刑名	xíng míng	xing-ming, a school of thought of the Warring States period associated with Shen Buhai 申不害	8	1
出格	chū gé	to overstep the bounds of what is proper; to take sth too far	8	1
冰点	bīng diǎn	freezing point	8	1
农妇	nóng fù	peasant woman (in former times); female farm worker	8	1
军车	jūn chē	military vehicle	8	1
冗员	rǒng yuán	excess personnel; superfluous staff	8	1
催逼	cuī bī	to press (for a payment)	8	1
做功	zuò gōng	(physics) to do work; non-vocal acting (in traditional Chinese opera)	8	1
倒伏	dǎo fú	(of cereal crops) to collapse and lie flat	8	1
低档	dī dàng	low-grade; of low worth or rank; poor quality	8	1
从速	cóng sù	(to do sth) with dispatch; as soon as possible	8	1
二倍体	èr bèi tǐ	diploid (in cell biology)	8	1
争战	zhēng zhàn	fight	8	1
不独	bù dú	not only	8	1
不得要领	bù dé yào lǐng	to fail to grasp the main points	8	1
不干不净	bù gān bù jìng	unclean; filthy; foul-mouthed	8	1
上榜	shàng bǎng	to appear on the public roll of successful examinees (i.e. pass an exam)	8	1
一维	yī wéi	one-dimensional (math.)	8	1
鼻咽癌	bí yān ái	nasopharyngeal carcinoma (NPC)	8	1
黑幕	hēi mù	hidden details; dirty tricks; dark secrets	8	1
风调雨顺	fēng tiáo yǔ shùn	(idiom) to have good weather for crops	8	1
风干	fēng gān	to air-dry; to season (timber etc); air-dried	8	1
雇佣兵	gù yōng bīng	(military) mercenary	8	1
集注	jí zhù	to focus; to concentrate on	8	1
随机性	suí jī xìng	randomness; stochasticity	8	1
限时	xiàn shí	to set a time limit; for a limited time; time-limited	8	1
防弹	fáng dàn	bulletproof	8	1
长笛	cháng dí	(Western) concert flute	8	1
锋面	fēng miàn	front (meteorology)	8	1
铁血	tiě xuè	iron and blood; (fig.) weapons and war; bloody conflict	8	1
酒石酸	jiǔ shí suān	tartaric acid	8	1
速战速决	sù zhàn sù jué	(idiom) to adopt a blitzkrieg strategy; to resolve sth in the shortest time possible	8	1
退隐	tuì yǐn	to withdraw from the fray and live in seclusion; to retire	8	1
边儿	biān r	side; edge; margin	8	1
输精管	shū jīng guǎn	vas deferens	8	1
辐射源	fú shè yuán	radiation source	8	1
躲躲闪闪	duǒ duǒ shǎn shǎn	to evade; to dodge (out of the way)	8	1
足不出户	zú bù chū hù	(idiom) to not leave one's home; to stay indoors	8	1
赶跑	gǎn pǎo	to drive away; to force out; to repel	8	1
误用	wù yòng	to misuse	8	1
误杀	wù shā	to mistakenly kill; manslaughter	8	1
诈降	zhà xiáng	feigned surrender	8	1
血吸虫	xuè xī chóng	schistosoma	8	1
螺旋体	luó xuán tǐ	Spirochaetes, phylum of extremophile bacteria	8	1
营养师	yíng yǎng shī	nutritionist; dietitian	8	1
荐举	jiàn jǔ	to propose (for a job); to nominate; to recommend	8	1
苟延残喘	gǒu yán cán chuǎn	(idiom) to struggle on whilst at death's door	8	1
花鼓戏	huā gǔ xì	opera form popular along Changjiang	8	1
花药	huā yào	anther (pollen sack on stamen)	8	1
花子	huā zi	beggar (old term)	8	1
节间	jié jiān	between joints	8	1
色鬼	sè guǐ	lecher; pervert	8	1
致残	zhì cán	to be crippled (in an accident etc)	8	1
自鸣钟	zì míng zhōng	chiming clock	8	1
自命	zì mìng	to consider oneself to be (sth positive)	8	1
网瘾	wǎng yǐn	Internet addiction; net addiction; web addiction	8	1
缠足	chán zú	foot-binding	8	1
绿水	lǜ shuǐ	green water; crystal-clear water	8	1
绵亘	mián gèn	to stretch in an unbroken chain (esp. of mountains)	8	1
精明能干	jīng míng néng gàn	able and efficient	8	1
类推	lèi tuī	to reason by analogy	8	1
答疑	dá yí	to answer questions (as teacher or consultant); to clarify doubts	8	1
笔力	bǐ lì	vigor of strokes in calligraphy or drawing	8	1
稳扎稳打	wěn zhā wěn dǎ	to go steady and strike hard (in fighting); fig. steadily and surely	8	1
私藏	sī cáng	to keep hidden; to keep in one's private possession; secret store	8	1
礼义	lǐ yì	righteousness; justice	8	1
碧蓝	bì lán	dark blue	8	1
相看	xiāng kàn	to look at one another; to take a good look at; to look upon	8	1
皮肤科	pí fū kē	dermatology	8	1
百草	bǎi cǎo	all kinds of grass; all kinds of flora	8	1
病根	bìng gēn	an incompletely cured illness; an old complaint	8	1
现场会	xiàn chǎng huì	on-the-spot meeting	8	1
现代性	xiàn dài xìng	modernity	8	1
猪圈	zhū juàn	(lit. and fig.) pigsty	8	1
煽风点火	shān fēng diǎn huǒ	(idiom) to fan the flames; to incite people; to stir up trouble	8	1
烦扰	fán rǎo	to bother; to disturb; to vex	8	1
灭顶之灾	miè dǐng zhī zāi	(idiom) catastrophic disaster; devastating calamity	8	1
火眼金睛	huǒ yǎn jīn jīng	piercing eyes; discerning eyes	8	1
火场	huǒ chǎng	the scene of a fire	8	1
潦倒	liáo dǎo	down on one's luck; in straitened circumstances; disappointed; frustrated	8	1
滥杀无辜	làn shā wú gū	willfully slaughter the innocent (idiom)	8	1
游学	yóu xué	to study away from home or abroad (old)	8	1
消释	xiāo shì	to dispel (doubts); to clear up (misunderstanding)	8	1
浴池	yù chí	public bath	8	1
流汗	liú hàn	to sweat	8	1
泡汤	pào tāng	(coll.) to fizzle out; to come to nothing; to dawdle; to stall	8	1
河运	hé yùn	river transport	8	1
气昂昂	qì áng áng	full of vigor; spirited; valiant	8	1
殃及	yāng jí	to bring disaster to	8	1
正态分布	zhèng tài fēn bù	(math.) normal distribution; Gaussian distribution	8	1
果蝇	guǒ yíng	fruit fly	8	1
板蓝根	bǎn lán gēn	indigo woad root; root of Isatis tinctoria (used in TCM)	8	1
机变	jī biàn	improvisation; flexible; adaptable	8	1
望而生畏	wàng ér shēng wèi	(idiom) to feel intimidated	8	1
月食	yuè shí	lunar eclipse; eclipse of the moon	8	1
无稽之谈	wú jī zhī tán	(idiom) complete nonsense	8	1
断开	duàn kāi	to break; to sever; to turn off (electric switch)	8	1
斤斤计较	jīn jīn jì jiào	to haggle over every ounce; (fig.) to fuss over minor matters	8	1
斜视	xié shì	a squint; sideways glance; to look askance	8	1
数位	shù wèi	digit; (Tw) digital	8	1
摸黑	mō hēi	to grope about in the dark	8	1
揭秘	jiē mì	to reveal a secret	8	1
提亲	tí qīn	to propose marriage	8	1
拦网	lán wǎng	to intercept at the net (volleyball, tennis etc); to block	8	1
报关	bào guān	to declare at customs	8	1
扭打	niǔ dǎ	to wrestle; to grapple; to scuffle	8	1
打草惊蛇	dǎ cǎo jīng shé	lit. beat the grass to scare the snake (idiom)	8	1
打击乐器	dǎ jī yuè qì	percussion instrument	8	1
成绩单	chéng jì dān	school report or transcript	8	1
成名作	chéng míng zuò	seminal work that propels a writer (or artist, composer etc) to fame	8	1
感激涕零	gǎn jī tì líng	to shed tears of gratitude (idiom); moved to tears	8	1
惰性气体	duò xìng qì tǐ	(chemistry) inert gas (esp. a noble gas)	8	1
悲剧性	bēi jù xìng	tragic	8	1
悲切	bēi qiè	mournful	8	1
恭祝	gōng zhù	to congratulate respectfully	8	1
恩义	ēn yì	feelings of gratitude and loyalty	8	1
怀胎	huái tāi	to become pregnant; to carry a child in the womb	8	1
忌食	jì shí	(formal) to avoid (certain foods)	8	1
弱项	ruò xiàng	one's weak area	8	1
异动	yì dòng	to shift; to alter; unusual change; abnormal move	8	1
开眼	kāi yǎn	to open one's eyes; to widen one's horizons	8	1
废铁	fèi tiě	scrap iron	8	1
幼童	yòu tóng	young child	8	1
年息	nián xī	annual interest	8	1
常服	cháng fú	everyday clothing	8	1
帮凶	bāng xiōng	accomplice; accessory	8	1
左右逢源	zuǒ yòu féng yuán	lit. to strike water right and left (idiom)	8	1
左右手	zuǒ yòu shǒu	left and right hands; (fig.) capable assistant; right-hand man	8	1
山炮	shān pào	mountain gun (portable artillery piece used in mountainous terrain)	8	1
尿毒症	niào dú zhèng	(medicine) uremia	8	1
尽收眼底	jìn shōu yǎn dǐ	to take in the whole scene at once; to have a panoramic view	8	1
小鼠	xiǎo shǔ	mouse	8	1
寿险	shòu xiǎn	life insurance (abbr. for 人壽保險)	8	1
家谱	jiā pǔ	genealogy; family tree	8	1
宰割	zǎi gē	to slaughter; (fig.) to ride roughshod over	8	1
子宫颈	zǐ gōng jǐng	cervix; the neck of the uterus	8	1
娇弱	jiāo ruò	delicate	8	1
奶水	nǎi shuǐ	breast milk	8	1
大打出手	dà dǎ chū shǒu	to come to blows; to start a fight	8	1
大半夜	dà bàn yè	the middle of the night	8	1
外孙女	wài sūn nǚ	daughter's daughter; granddaughter	8	1
备注	bèi zhù	remarks column (abbr. for 備註欄)	8	1
城镇化	chéng zhèn huà	urbanization	8	1
坐像	zuò xiàng	seated image (of a Buddha or saint)	8	1
圣徒	shèng tú	saint	8	1
图灵机	tú líng jī	(math.) Turing machine	8	1
器质性	qì zhì xìng	(of medical disorders) organic	8	1
品学兼优	pǐn xué jiān yōu	excelling both in morals and studies (idiom); top marks for studies and for behavior (at school)	8	1
吸力	xī lì	(physics) attractive force (gravitational, magnetic, electrostatic etc)	8	1
同台	tóng tái	to appear on the same stage	8	1
号哭	háo kū	to bawl; to wail; to cry	8	1
印痕	yìn hén	mark; print; impression	8	1
匀速	yún sù	uniform velocity	8	1
前夫	qián fū	former husband	8	1
刑警	xíng jǐng	criminal police (abbr. for 刑事警察)	8	1
刊发	kān fā	(of a newspaper or magazine) to publish (an article, story, report etc); to carry	8	1
凿子	záo zi	chisel	8	1
凭据	píng jù	evidence	8	1
减刑	jiǎn xíng	to reduce penalty; shortened or commuted (judicial) sentence	8	1
兵临城下	bīng lín chéng xià	soldiers at the city walls (idiom); fig. at a critical juncture	8	1
兴风作浪	xīng fēng zuò làng	to incite trouble; to stir up havoc	8	1
兑付	duì fù	to cash (a check)	8	1
元凶	yuán xiōng	chief offender; main culprit	8	1
健将	jiàn jiàng	(archaic) adept and valiant military general	8	1
促织	cù zhī	cricket (insect)	8	1
企划	qǐ huà	to plan (a project)	8	1
人所共知	rén suǒ gòng zhī	something that everybody knows	8	1
交游	jiāo yóu	to have friendly relationships; circle of friends	8	1
二重	èr chóng	double; repeated twice	8	1
二尖瓣	èr jiān bàn	mitral valve (physiology)	8	1
乳突	rǔ tū	(anatomy) mastoid process	8	1
乳名	rǔ míng	infant name; pet name for a child	8	1
乡人	xiāng rén	villager; fellow villager	8	1
主祭	zhǔ jì	to perform the sacrificial rites at a funeral	8	1
主使	zhǔ shǐ	to mastermind; to orchestrate; to instigate	8	1
为时已晚	wéi shí yǐ wǎn	already too late	8	1
专门化	zhuān mén huà	to specialize	8	1
不治之症	bù zhì zhī zhèng	incurable disease	8	1
三角函数	sān jiǎo hán shù	trigonometric function	8	1
三令五申	sān lìng wǔ shēn	to order again and again (idiom)	8	1
万顷	wàn qǐng	large landholding; vast space	8	1
一清早	yī qīng zǎo	early in the morning	8	1
黄花菜	huáng huā cài	citron daylily (Hemerocallis citrina Baroni); golden needles (its edible flower)	8	1
鸟笼	niǎo lóng	birdcage	8	1
鲜见	xiǎn jiàn	rare; rarely seen	8	1
魁伟	kuí wěi	tall and big; stalwart	8	1
高腔	gāo qiāng	gaoqiang, high-pitched opera singing style	8	1
高歌猛进	gāo gē měng jìn	to advance singing loudly (idiom); triumphant progress	8	1
高抬贵手	gāo tái guì shǒu	to be generous (idiom); to be magnanimous; Give me a break!	8	1
驱动力	qū dòng lì	driving force	8	1
飞艇	fēi tǐng	airship	8	1
震区	zhèn qū	earthquake area	8	1
闻见	wén jiàn	to smell; to hear; knowledge	8	1
铜锤	tóng chuí	mace (weapon)	8	1
量子论	liàng zǐ lùn	quantum theory (physics)	8	1
重蹈	chóng dǎo	(fig.) to follow (a path that has proved ill-advised)	8	1
酒醒	jiǔ xǐng	to sober up	8	1
酋长国	qiú zhǎng guó	Emirate; Sheikdom; used as translation for country under a chief	8	1
道学	dào xué	Confucian study of ethics; study of Daoism	8	1
通盘	tōng pán	across the board; comprehensive; overall	8	1
迷蒙	mí méng	misty	8	1
运输船	yùn shū chuán	transport ship	8	1
载波	zài bō	carrier wave	8	1
软盘	ruǎn pán	floppy disk	8	1
身临其境	shēn lín qí jìng	(idiom) to experience it for oneself	8	1
躁动	zào dòng	to stir restlessly; to be agitated; commotion	8	1
踏雪	tà xuě	to go for a walk in the snow	8	1
跳蚤	tiào zao	flea	8	1
路标	lù biāo	road sign	8	1
趋利避害	qū lì bì hài	(idiom) to make the most of the benefits while avoiding adverse effects	8	1
资政	zī zhèng	(literary) to assist in governing the country (used in titles of honorary advisory positions in imperial China)	8	1
败落	bài luò	(of status or wealth) to decline	8	1
责打	zé dǎ	to punish by flogging	8	1
豆芽	dòu yá	bean sprout	8	1
谋事	móu shì	to plan matters; to look for a job	8	1
调节器	tiáo jié qì	regulator	8	1
误食	wù shí	to accidentally eat; to inadvertently ingest	8	1
见面会	jiàn miàn huì	meet and greet; fan meeting	8	1
补遗	bǔ yí	addendum	8	1
行云流水	xíng yún liú shuǐ	lit. moving clouds and flowing water (idiom)	8	1
营养品	yíng yǎng pǐn	nourishment; nutrient	8	1
花蜜	huā mì	nectar	8	1
花心	huā xīn	fickle in love; unfaithful; heart of a flower (pistil and stamen)	8	1
艰难险阻	jiān nán xiǎn zǔ	untold dangers and difficulties (idiom)	8	1
良善	liáng shàn	good	8	1
航天局	háng tiān jú	space agency	8	1
自成一家	zì chéng yī jiā	to have a style of one's own	8	1
耗电	hào diàn	to consume electricity; power consumption	8	1
老早	lǎo zǎo	a long time ago	8	1
网卡	wǎng kǎ	network adapter card (computing)	8	1
绝缘体	jué yuán tǐ	electrical insulation; heat insulation	8	1
绝交	jué jiāo	to break off relations; to break with sb	8	1
结发	jié fà	(in former times) to bind one's hair on coming of age	8	1
纸盒	zhǐ hé	paperboard box; cardboard box; carton	8	1
红妆	hóng zhuāng	beautiful feminine attire; (fig.) young woman	8	1
粉条	fěn tiáo	vermicelli made from mung bean starch etc	8	1
空当	kòng dāng	gap; interval	8	1
穷追	qióng zhuī	to pursue relentlessly	8	1
积木	jī mù	toy building blocks	8	1
秃顶	tū dǐng	bald head	8	1
禾草	hé cǎo	grass	8	1
碰面	pèng miàn	to meet; to run into (sb); to get together (with sb)	8	1
矿泉	kuàng quán	mineral spring	8	1
短衣	duǎn yī	short garment; short jacket	8	1
直捣	zhí dǎo	to advance directly toward (an enemy stronghold etc); (fig.) to directly target (the main objective)	8	1
登临	dēng lín	to visit places famous for their scenery	8	1
瘤子	liú zi	tumor	8	1
痛定思痛	tòng dìng sī tòng	to think of the pain when the pain is gone (idiom)	8	1
疫病	yì bìng	plague; a blight	8	1
留用	liú yòng	to keep for use; to retain sth; to keep sb in his job	8	1
畏罪	wèi zuì	to dread punishment; afraid of being arrested for a crime	8	1
电扇	diàn shàn	electric fan	8	1
现身说法	xiàn shēn shuō fǎ	to talk from one's personal experience; to use oneself as an example	8	1
玩味	wán wèi	to ruminate; to ponder subtleties	8	1
激灵	jī líng	to quiver	8	1
澡堂	zǎo táng	public baths	8	1
游鱼	yóu yú	a fish moving about in water	8	1
游资	yóu zī	floating capital; idle fund; hot money	8	1
洪灾	hóng zāi	flood	8	1
汽艇	qì tǐng	motorboat	8	1
比拼	bǐ pīn	to compete fiercely; contest	8	1
死结	sǐ jié	tight knot; intractable problem	8	1
正名	zhèng míng	to replace the current name or title of sth with a new one that reflects its true nature	8	1
欢聚一堂	huān jù yī táng	to gather happily under one roof	8	1
栽赃	zāi zāng	to frame sb (by planting sth on them)	8	1
校车	xiào chē	school bus	8	1
树胶	shù jiāo	tree resin; gum	8	1
枯木	kū mù	dead tree	8	1
杂念	zá niàn	distracting thoughts	8	1
末段	mò duàn	final segment; last stage	8	1
暴晒	bào shài	(of the sun) to scorch; to expose to a scorching sun	8	1
明眼人	míng yǎn rén	perspicacious person; sb with a discerning eye	8	1
早婚	zǎo hūn	to marry too early	8	1
既成事实	jì chéng shì shí	fait accompli	8	1
旅人	lǚ rén	(literary) traveler	8	1
斩获	zhǎn huò	to kill or capture (in battle)	8	1
数以百计	shù yǐ bǎi jì	hundreds of	8	1
故址	gù zhǐ	old site; site of sth (palace, ancient state etc) that no longer exists	8	1
改订	gǎi dìng	to revise (text, plan etc)	8	1
改天	gǎi tiān	another day; some other time; to find another day (for appointment etc)	8	1
收罗	shōu luó	to gather (people); to collect (talent); to come to an end	8	1
撤掉	chè diào	to cut; to throw out; to depose (from office)	8	1
摄像头	shè xiàng tóu	webcam; surveillance camera	8	1
推却	tuī què	to repel; to decline	8	1
掌舵	zhǎng duò	to steer (a ship)	8	1
挤占	jǐ zhàn	to muscle in; to take possession; to occupy; to squat	8	1
拨付	bō fù	to disburse (money)	8	1
成衣	chéng yī	ready-made clothes	8	1
成事	chéng shì	to accomplish the objective; to succeed	8	1
惊弓之鸟	jīng gōng zhī niǎo	(lit.) a bird startled by the mere twang of a bow (idiom)	8	1
忠烈	zhōng liè	sacrifice oneself for one's country; martyr	8	1
忌恨	jì hèn	hate (due to envy etc)	8	1
心里有数	xīn lǐ yǒu shù	to know the score (idiom); to be well aware of the situation	8	1
心迹	xīn jì	true motive; true feelings	8	1
心田	xīn tián	heart (one's innermost being)	8	1
彩带	cǎi dài	colored ribbon; streamer	8	1
当事国	dāng shì guó	the countries involved	8	1
弹跳	tán tiào	to bounce; to jump; to leap	8	1
平白无故	píng bái wú gù	(idiom) for no reason whatever; inexplicably	8	1
带鱼	dài yú	ribbonfish; hairtail; beltfish	8	1
对撞机	duì zhuàng jī	a particle collider	8	1
寂寂	jì jì	quiet	8	1
娘胎	niáng tāi	womb	8	1
妥帖	tuǒ tiē	properly; satisfactorily; firmly	8	1
如数家珍	rú shǔ jiā zhēn	lit. as if enumerating one's family valuables (idiom)	8	1
奉送	fèng sòng	(honorific) to give	8	1
失业者	shī yè zhě	an unemployed person	8	1
天寒地冻	tiān hán dì dòng	(idiom) bitterly cold; frigid	8	1
大错特错	dà cuò tè cuò	to be gravely mistaken (idiom)	8	1
圆孔	yuán kǒng	round hole	8	1
围垦	wéi kěn	to reclaim land by diking	8	1
困守	kùn shǒu	to stand a siege; trapped in a besieged city	8	1
回放	huí fàng	to replay; to play back	8	1
喷灌	pēn guàn	sprinkler irrigation	8	1
和盘托出	hé pán tuō chū	lit. to put everything out including the tray; to reveal everything	8	1
吾辈	wú bèi	(literary) we; us	8	1
同党	tóng dǎng	to belong to the same party or organization	8	1
可信度	kě xìn dù	degree of credibility; reliability	8	1
反间计	fǎn jiàn jì	stratagem of sowing dissension	8	1
及时雨	jí shí yǔ	timely rain; (fig.) timely assistance; timely help	8	1
半工半读	bàn gōng bàn dú	part work, part study; work-study program	8	1
劝导	quàn dǎo	to advise; to attempt to convince	8	1
劈脸	pī liǎn	right in the face	8	1
剪影	jiǎn yǐng	paper-cut silhouette; outline; sketch	8	1
剥削者	bō xuē zhě	exploiter (of labor)	8	1
削发	xuē fà	to shave one's head; fig. to become a monk or nun; to take the tonsure	8	1
制冷剂	zhì lěng jì	refrigerant	8	1
初潮	chū cháo	menarche	8	1
划桨	huá jiǎng	to paddle	8	1
刀口	dāo kǒu	the edge of a knife; cut; incision	8	1
出货	chū huò	to take money or valuables out of storage; to recover; to ship goods	8	1
冶金学	yě jīn xué	metallurgy	8	1
冠军赛	guàn jūn sài	championship	8	1
写真	xiě zhēn	portrait; to describe sth accurately	8	1
入不敷出	rù bù fū chū	income does not cover expenditure; unable to make ends meet	8	1
偷工减料	tōu gōng jiǎn liào	to skimp on the job and stint on materials (idiom); jerry-building	8	1
俗气	sú qì	tacky; inelegant; in poor taste	8	1
俏皮	qiào pi	smart; charming; attractive	8	1
侧卧	cè wò	to lie on one's side	8	1
依傍	yī bàng	to rely on; to depend on; to imitate (a model)	8	1
住居	zhù jū	to live; to reside	8	1
低俗	dī sú	vulgar; poor taste	8	1
优柔寡断	yōu róu guǎ duàn	indecisive; irresolute	8	1
代管	dài guǎn	to administer; to manage; to hold in trust or escrow	8	1
人格化	rén gé huà	to personalize; anthropomorphism	8	1
于事无补	yú shì wú bǔ	unhelpful; useless	8	1
乳业	rǔ yè	dairy industry; dairy farming	8	1
举棋不定	jǔ qí bù dìng	to hesitate over what move to make (idiom); to waver; to shilly-shally	8	1
严实	yán shi	(sealed) tight; close; (hidden) safely	8	1
两面针	liǎng miàn zhēn	shiny-leaf prickly-ash (Zanthoxylum nitidum)	8	1
两码事	liǎng mǎ shì	two things that are fundamentally different from each other; two very different things	8	1
不言自明	bù yán zì míng	self-evident; needing no explanation (idiom)	8	1
不厌	bù yàn	not to tire of; not to object to	8	1
丈母娘	zhàng mǔ niáng	wife's mother; mother-in-law	8	1
丈母	zhàng mǔ	wife's mother; mother-in-law	8	1
鼻塞	bí sè	to have a stuffy nose	8	1
鼠药	shǔ yào	rat poison	8	1
麦粒	mài lì	grain of wheat	8	1
鲜果	xiān guǒ	fresh fruit	8	1
鬼才	guǐ cái	creative genius	8	1
高难	gāo nán	extremely difficult; hard and dangerous; challenging	8	1
驮运	tuó yùn	to transport on pack animal; to carry (a load on one's back)	8	1
题记	tí jì	epigraph; inscription; graffito	8	1
顺手牵羊	shùn shǒu qiān yáng	lit. to lead away a goat while passing by (idiom)	8	1
音韵学	yīn yùn xué	Chinese phonetics (concerned also with rhyme in poetry)	8	1
震天动地	zhèn tiān dòng dì	to shake heaven and earth (idiom)	8	1
雕饰	diāo shì	to carve; to decorate; carved	8	1
阿胶	ē jiāo	donkey-hide gelatin (used in TCM); Taiwan pr.	8	1
防毒	fáng dú	to protect against poisonous substances, narcotics or computer viruses	8	1
防弹衣	fáng dàn yī	bulletproof vest	8	1
铜墙铁壁	tóng qiáng tiě bì	copper wall, iron bastion (idiom); impenetrable defense	8	1
铁拳	tiě quán	iron fist	8	1
铁军	tiě jūn	invincible army	8	1
重子	zhòng zǐ	baryon (physics)	8	1
采买	cǎi mǎi	to purchase; to buy; to do one's shopping; purchasing agent; buyer	8	1
酸溜溜	suān liū liū	sour; acid	8	1
逼视	bī shì	to look at from close up; to watch intently	8	1
造势	zào shì	to boost support or interest; to campaign; to promote	8	1
选录	xuǎn lù	an excerpt; a digest	8	1
运输舰	yùn shū jiàn	transport ship	8	1
迎亲	yíng qīn	(of the groom's family) to send a bridal sedan chair 花轎 to fetch the bride	8	1
辨证论治	biàn zhèng lùn zhì	holistic diagnosis and treatment (TCM)	8	1
轻重缓急	qīng zhòng huǎn jí	slight or important, urgent or non-urgent (idiom); to deal with important matters first	8	1
跳绳	tiào shéng	to jump rope; to skip; a skipping rope; a jump rope	8	1
跌进	diē jìn	to fall into; to dip below a certain level	8	1
超然	chāo rán	aloof; detached; disinterested; impartial	8	1
赏脸	shǎng liǎn	(polite) do me the honor	8	1
调转	diào zhuǎn	to reassign sb to a different job; to turn around; to change direction	8	1
语无伦次	yǔ wú lún cì	incoherent speech; to talk without rhyme or reason (idiom)	8	1
订制	dìng zhì	custom-made; made-to-order; to have sth custom made	8	1
计分	jì fēn	to calculate the score	8	1
解手	jiě shǒu	to relieve oneself (i.e. use the toilet); to solve	8	1
要价	yào jià	to ask a price; to charge; (fig.) to attach conditions (in negotiations)	8	1
街景	jiē jǐng	streetscape	8	1
花茶	huā chá	scented tea	8	1
花天酒地	huā tiān jiǔ dì	to spend one's time in drinking and pleasure (idiom); to indulge in sensual pleasures	8	1
良方	liáng fāng	good medicine; effective prescription; fig. good plan	8	1
自暴自弃	zì bào zì qì	to abandon oneself to despair; to give up and stop bothering	8	1
自作聪明	zì zuò cōng míng	(idiom) to think oneself clever	8	1
脑脊液	nǎo jǐ yè	cerebrospinal fluid (CSF)	8	1
脊梁骨	jǐ liang gǔ	backbone	8	1
胆略	dǎn lüè	courage and resource	8	1
职校	zhí xiào	vocational school (abbr. for 職業學校)	8	1
绸子	chóu zi	silk fabric; silk	8	1
终点站	zhōng diǎn zhàn	terminus; final stop on rail or bus line	8	1
细粮	xì liáng	refined grains (esp. white rice and white flour)	8	1
细沙	xì shā	fine sand	8	1
籍没	jí mò	(literary) (of the government) to register and confiscate (sb's property)	8	1
等闲之辈	děng xián zhī bèi	(in the negative) (not) to be trifled with	8	1
竭诚	jié chéng	wholeheartedly	8	1
竞猜	jìng cāi	to try to predict the outcome of an event (for betting on sports results or for fun etc)	8	1
稀奇古怪	xī qí gǔ guài	(idiom) crazy; bizarre; weird; fantastic; strange	8	1
神经管	shén jīng guǎn	neural tube (embryology)	8	1
礼俗	lǐ sú	etiquette; custom	8	1
示警	shì jǐng	to warn; a warning sign	8	1
硬仗	yìng zhàng	tough battle; difficult task; big challenge	8	1
砂锅	shā guō	casserole; earthenware pot	8	1
石磨	shí mò	grindstone	8	1
知情人	zhī qíng rén	person in the know; insider; informed source	8	1
看破	kàn pò	to see through; disillusioned with; to reject (the world of mortals)	8	1
皮货	pí huò	furs	8	1
疑云	yí yún	a haze of doubts and suspicions	8	1
畅所欲言	chàng suǒ yù yán	lit. fluently saying all one wants (idiom); to preach freely on one's favorite topic	8	1
电导	diàn dǎo	electrical conductance	8	1
生疑	shēng yí	to start to have doubts; to grow suspicious	8	1
环城	huán chéng	encircling the city (of walls, ring road etc); around the city	8	1
熄灯	xī dēng	turn out the lights; lights out	8	1
点点滴滴	diǎn diǎn dī dī	bit by bit; dribs and drabs; the little details	8	1
点数	diǎn shù	to count and check; to tally	8	1
灰头土脸	huī tóu tǔ liǎn	head and face filthy with grime (idiom); covered in dirt	8	1
灯节	dēng jié	the Lantern Festival (15th of first month of lunar calendar)	8	1
渔捞	yú lāo	fishing (as a commercial activity)	8	1
渔夫	yú fū	fisherman	8	1
涉险	shè xiǎn	to take risks; involved in adventure	8	1
浓淡	nóng dàn	shade (of a color, i.e. light or dark)	8	1
流行病	liú xíng bìng	epidemic disease	8	1
流离	liú lí	homeless and miserable	8	1
活蹦乱跳	huó bèng luàn tiào	to leap and frisk about (idiom); lively; healthy and active	8	1
汗液	hàn yè	sweat	8	1
求告	qiú gào	to implore; to beseech	8	1
水渠	shuǐ qú	canal	8	1
比肩	bǐ jiān	to be shoulder to shoulder; (fig.) to be as good as; to match	8	1
毒杀	dú shā	to kill by poisoning	8	1
母性	mǔ xìng	maternal instinct; motherliness	8	1
死胡同	sǐ hú tòng	dead end; blind alley	8	1
此起彼落	cǐ qǐ bǐ luò	to rise and fall in succession (idiom); repeating continuously	8	1
棋艺	qí yì	chess skill	8	1
标定	biāo dìng	to stake out (the boundaries of a property etc); to demarcate	8	1
柔顺	róu shùn	gentle and agreeable; supple; yielding	8	1
柏油	bǎi yóu	asphalt; tar; pitch	8	1
枪决	qiāng jué	to execute by firing squad; same as 槍斃	8	1
有生之年	yǒu shēng zhī nián	(idiom) during one's lifetime; while one is on this earth; in one's remaining years	8	1
曲解	qū jiě	to misrepresent; to misinterpret	8	1
易学	yì xué	easy to learn	8	1
昏昏欲睡	hūn hūn yù shuì	drowsy; sleepy (idiom)	8	1
时差	shí chā	time difference; time lag; jet lag	8	1
无际	wú jì	limitless; boundless	8	1
旗开得胜	qí kāi dé shèng	lit. to win a victory on raising the flag (idiom); fig. to start on sth and have immediate success	8	1
新教徒	xīn jiào tú	Protestant; adherent of Protestantism	8	1
斑白	bān bái	grizzled; graying	8	1
放射线	fàng shè xiàn	radiation; rays of radiation	8	1
摇钱树	yáo qián shù	legendary tree that sheds coins when shaken; (fig.) source of easy money	8	1
摆明	bǎi míng	to show clearly	8	1
描画	miáo huà	to draw; to describe	8	1
挨近	āi jìn	to approach; to get close to; to sneak up on	8	1
挑子	tiāo zi	carrying pole and its load	8	1
挂职	guà zhí	temporary assignment to a Chinese government or CCP post	8	1
持仓	chí cāng	(finance) to hold one's securities (rather than selling them)	8	1
拿手好戏	ná shǒu hǎo xì	the role an actor plays best (idiom); (fig.) one's specialty	8	1
报请	bào qǐng	to report, requesting approval; written request for instructions	8	1
投鼠忌器	tóu shǔ jì qì	lit. to refrain from shooting at the rat for fear of breaking the vases (idiom)	8	1
批文	pī wén	official written ruling in response to a submission	8	1
才华横溢	cái huá héng yì	brimming over with talent (esp. literary); brilliant	8	1
手柄	shǒu bǐng	handle; video game controller	8	1
手拉手	shǒu lā shǒu	to join hands; hand in hand	8	1
户主	hù zhǔ	head of the household	8	1
成交价	chéng jiāo jià	sale price; negotiated price; price reached at auction	8	1
戏言	xì yán	joking matter; to go back on one's words	8	1
憋气	biē qì	to hold one's breath; to feel suffocated (for lack of air)	8	1
惊雷	jīng léi	sudden clap of thunder; fig. surprising turn of events	8	1
怀恨	huái hèn	to feel hatred; to harbor a grudge	8	1
忘乎所以	wàng hū suǒ yǐ	(idiom) to get carried away; to lose one's sense of proportion	8	1
心高气傲	xīn gāo qì ào	proud and arrogant	8	1
心碎	xīn suì	heartbroken; extreme depth of sorrow	8	1
心心相印	xīn xīn xiāng yìn	two hearts beat as one (idiom); a kindred spirit	8	1
得意忘形	dé yì wàng xíng	so pleased as to lose one's sense of measure; beside oneself with joy	8	1
得宠	dé chǒng	to be a favorite; favor	8	1
形成层	xíng chéng céng	vascular cambium (layer of tissue responsible for growth inside wood)	8	1
归属感	guī shǔ gǎn	sense of belonging	8	1
弹药库	dàn yào kù	ammunition dump	8	1
弦外之音	xián wài zhī yīn	overtone (music); (fig.) connotation; implied meaning	8	1
广告主	guǎng gào zhǔ	advertiser	8	1
幽怨	yōu yuàn	hidden bitterness; secret grudge	8	1
幻象	huàn xiàng	illusion	8	1
巡行	xún xíng	to patrol; to perambulate; to travel around within an area	8	1
屈曲	qū qū	crooked	8	1
小结	xiǎo jié	summary; short; brief	8	1
将错就错	jiāng cuò jiù cuò	lit. if it's wrong, it's wrong (idiom); to make the best after a mistake	8	1
宿命论	sù mìng lùn	fatalism; fatalistic	8	1
家道	jiā dào	family financial circumstances	8	1
嫩绿	nèn lǜ	tender green; soft green	8	1
妖魔鬼怪	yāo mó guǐ guài	(idiom) all kinds of evil spirits or malevolent beings	8	1
奔忙	bēn máng	to be busy rushing about; to bustle about	8	1
大腕	dà wàn	(coll.) big shot; big name; bigwig; heavyweight	8	1
大度	dà dù	magnanimous; generous (in spirit)	8	1
外交家	wài jiāo jiā	diplomat	8	1
复交	fù jiāo	to reopen diplomatic relations	8	1
塌方	tā fāng	to cave in; to collapse; to have a landslide	8	1
培养基	péi yǎng jī	culture medium	8	1
回吐	huí tǔ	to regurgitate; (fig.) (of a stock market) to give up (gains)	8	1
哭腔	kū qiāng	sobbing tone; sob; dirge	8	1
呆若木鸡	dāi ruò mù jī	lit. dumb as a wooden chicken (idiom); fig. dumbstruck	8	1
吐气	tǔ qì	to exhale; to breathe out	8	1
同调	tóng diào	same tone; in agreement with	8	1
合家	hé jiā	whole family; entire household	8	1
叫花子	jiào huā zi	beggar	8	1
发货	fā huò	to dispatch; to send out goods	8	1
发丝	fà sī	hair (on the head)	8	1
县志	xiàn zhì	general history of a county; county annals	8	1
原点	yuán diǎn	starting point; square one; (coordinate geometry) origin	8	1
厂主	chǎng zhǔ	factory owner	8	1
卵黄	luǎn huáng	egg yolk	8	1
卖关子	mài guān zi	(in storytelling) to keep listeners in suspense	8	1
包车	bāo chē	hired car; chartered car	8	1
动员令	dòng yuán lìng	mobilization order	8	1
功利主义	gōng lì zhǔ yì	utilitarianism	8	1
初来乍到	chū lái zhà dào	to be a newcomer; just off the boat	8	1
分析化学	fēn xī huà xué	analytical chemistry	8	1
分崩离析	fēn bēng lí xī	to collapse and fall apart (idiom); to break up; falling to pieces	8	1
几多	jǐ duō	(dialect) how much; how many; how (smart etc)	8	1
几何图形	jǐ hé tú xíng	geometric figure	8	1
决堤	jué dī	(of a watercourse) to breach its dike; (of dikes) to collapse	8	1
农闲	nóng xián	the agricultural off-season; the farming slack season	8	1
倾慕	qīng mù	to adore; to admire greatly	8	1
便装	biàn zhuāng	casual dress	8	1
侃侃	kǎn kǎn	to possess assurance and composure	8	1
作息时间	zuò xī shí jiān	daily schedule; daily routine	8	1
余党	yú dǎng	remnants (of a defeated clique); rump	8	1
会党	huì dǎng	anti-Qing secret societies	8	1
仪仗队	yí zhàng duì	honor guard; guard of honor	8	1
以牙还牙	yǐ yá huán yá	a tooth for a tooth (retaliation)	8	1
了断	liǎo duàn	to bring to a conclusion; to resolve (a dispute etc); to put an end to (once and for all); to break off (a relationship); to commit suicide; resolution (of a matter)	8	1
久长	jiǔ cháng	a long time	8	1
久等	jiǔ děng	to wait for a long time	8	1
不过如此	bù guò rú cǐ	(idiom) nothing more than this; that's all; no big deal; not very impressive	8	1
三角学	sān jiǎo xué	trigonometry	8	1
三昧	sān mèi	Samadhi (Buddhist term)	8	1
一盘散沙	yī pán sǎn shā	lit. like a sheet of loose sand; fig. unable to cooperate (idiom)	8	1
黄油	huáng yóu	butter	8	1
骨碌碌	gū lù lù	(onom.) rolling around; spinning; also pr.; Taiwan pr.	8	1
骑手	qí shǒu	horse rider; equestrian; jockey	8	1
风铃	fēng líng	wind chimes	8	1
顺民	shùn mín	docile subject (of new dynasty); toady	8	1
青花瓷	qīng huā cí	blue and white porcelain	8	1
露珠	lù zhū	dewdrop	8	1
霍然	huò rán	suddenly; quickly	8	1
降职	jiàng zhí	to demote (to a lower rank)	8	1
阴平	yīn píng	high and level tone, the first tone of putonghua	8	1
闷雷	mèn léi	muffled thunder; (fig.) sudden shock; blow	8	1
铅球	qiān qiú	shot put (athletics event)	8	1
针法	zhēn fǎ	stitch	8	1
通敌	tōng dí	to collaborate with the enemy	8	1
适者生存	shì zhě shēng cún	survival of the fittest	8	1
追赃	zhuī zāng	to order the return of stolen goods	8	1
迷你	mí nǐ	(loanword) mini-; miniature; very small	8	1
进见	jìn jiàn	to formally present oneself before a superior (e.g. a ruler, high-ranking official or esteemed figure) for an official meeting; to have an audience with	8	1
还债	huán zhài	to settle a debt	8	1
运出	yùn chū	shipment; to dispatch; to ship out	8	1
蹦跳	bèng tiào	to hop; to jump	8	1
走下坡路	zǒu xià pō lù	to go downhill; to decline; to slump	8	1
赔礼	péi lǐ	to offer an apology; to make amends	8	1
谱系	pǔ xì	pedigree	8	1
调性	diào xìng	(music) tonality	8	1
说明会	shuō míng huì	information meeting	8	1
话别	huà bié	to say a few parting words; to bid goodbye	8	1
见报	jiàn bào	to appear in the news; in the papers	8	1
裤管	kù guǎn	trouser leg	8	1
表面张力	biǎo miàn zhāng lì	surface tension	8	1
蛮荒	mán huāng	savage; wild; uncivilized territory	8	1
虚汗	xū hàn	(TCM) sweating due to physical weakness	8	1
蒙骗	mēng piàn	to hoodwink; to deceive; to dupe sb	8	1
落井下石	luò jǐng xià shí	to throw stones at sb who has fallen down a well (idiom)	8	1
荒郊	huāng jiāo	desolate area outside a town	8	1
茶农	chá nóng	tea grower	8	1
茅房	máo fáng	toilet (rural euphemism); thatched hut or house	8	1
苦寒	kǔ hán	bitter cold	8	1
至迟	zhì chí	at the latest	8	1
脑门子	nǎo mén zi	forehead (dialect)	8	1
群芳	qún fāng	all flowers; all beauties; all talents	8	1
罪有应得	zuì yǒu yīng dé	guilty and deserves to be punished (idiom); entirely appropriate chastisement	8	1
络绎	luò yì	continuous; unending	8	1
终老	zhōng lǎo	to spend one's last years	8	1
终久	zhōng jiǔ	in the end; eventually	8	1
细粒	xì lì	fine grain; fine-grained	8	1
细察	xì chá	to observe carefully	8	1
纸人	zhǐ rén	human figure made of paper or papier-mâché	8	1
粉饰	fěn shì	to paint; to whitewash; to decorate	8	1
箭杆	jiàn gǎn	arrow shaft	8	1
策源地	cè yuán dì	place of origin; source (of a war or a social movement)	8	1
等温	děng wēn	of equal temperature; isothermic	8	1
积极分子	jī jí fèn zǐ	active supporter; political activist	8	1
离谱	lí pǔ	inappropriate; improper; out of place	8	1
神经症	shén jīng zhèng	neurosis	8	1
神经中枢	shén jīng zhōng shū	(anatomy) nerve center	8	1
神不守舍	shén bù shǒu shè	(idiom) absentminded; dazed; distracted	8	1
碳化物	tàn huà wù	carbide	8	1
碎块	suì kuài	fragment	8	1
硬挺	yìng tǐng	to endure with all one's will; to hold out; rigid	8	1
破冰船	pò bīng chuán	icebreaker	8	1
瞎眼	xiā yǎn	to be blind	8	1
真相大白	zhēn xiàng dà bái	the whole truth is revealed (idiom); everything becomes clear	8	1
直勾勾	zhí gōu gōu	(of one's gaze) fixed; staring	8	1
百分之	bǎi fēn zhī	percent	8	1
疾走	jí zǒu	to scamper; to scurry	8	1
电炉	diàn lú	electric stove; hot plate	8	1
申请表	shēn qǐng biǎo	application form	8	1
甲状腺肿	jiǎ zhuàng xiàn zhǒng	goiter (enlargement of thyroid gland)	8	1
用得上	yòng de shàng	needed; to come in useful	8	1
理性认识	lǐ xìng rèn shi	cognition; rational knowledge	8	1
玻璃杯	bō li bēi	drinking glass	8	1
现代史	xiàn dài shǐ	modern history	8	1
环形山	huán xíng shān	crater; ring-shaped mountain	8	1
独舞	dú wǔ	solo dance	8	1
熟虑	shú lǜ	careful thought	8	1
煤球	méi qiú	charcoal briquette	8	1
煤灰	méi huī	soot	8	1
焚尸炉	fén shī lú	crematorium; crematory oven	8	1
热情洋溢	rè qíng yáng yì	brimming with enthusiasm (idiom); full of warmth	8	1
滔天	tāo tiān	(of waves, anger, a disaster, a crime etc) towering; overwhelming; immense	8	1
游园	yóu yuán	to visit a park or garden	8	1
清纯	qīng chún	fresh and pure	8	1
添加物	tiān jiā wù	additive	8	1
润肺	rùn fèi	to moisten the lungs; to make expectoration easy (medicine)	8	1
测度	cè dù	measure (math.)	8	1
泥岩	ní yán	mudstone; shale	8	1
法纪	fǎ jì	law and order; rules and discipline	8	1
沙粒	shā lì	grain of sand	8	1
汽船	qì chuán	steamboat; steamship	8	1
汤匙	tāng chí	soup spoon; tablespoon	8	1
水盆	shuǐ pén	basin	8	1
气象学家	qì xiàng xué jiā	meteorologist	8	1
气盛	qì shèng	red-blooded; full of vim; impetuous	8	1
毫不迟疑	háo bù chí yí	without the slightest hesitation	8	1
歇脚	xiē jiǎo	to stop on the way for a rest	8	1
欢畅	huān chàng	happy; cheerful; jubilant	8	1
横断面	héng duàn miàn	horizontal section	8	1
楼层	lóu céng	floor; story (of a building)	8	1
栖居	qī jū	to inhabit; to live in (forests, mountains or wetlands etc)	8	1
树苗	shù miáo	sapling; young tree	8	1
查访	chá fǎng	to investigate	8	1
果不其然	guǒ bù qí rán	(idiom) just as expected	8	1
杂务	zá wù	odd jobs; miscellaneous tasks	8	1
本职	běn zhí	one's job	8	1
本乡	běn xiāng	home village; one's native place	8	1
春药	chūn yào	aphrodisiac	8	1
明丽	míng lì	bright and beautiful; (of a landscape) gorgeous; (of a color) vibrant	8	1
时态	shí tài	(verb) tense	8	1
无所不包	wú suǒ bù bāo	(idiom) not excluding anything; all-encompassing	8	1
料子	liào zi	material	8	1
数量级	shù liàng jí	(math.) order of magnitude	8	1
散热器	sàn rè qì	radiator (for heating a room); radiator (for cooling an engine)	8	1
故都	gù dū	former capital; ancient capital	8	1
掩藏	yǎn cáng	hidden; covered; concealed	8	1
推手	tuī shǒu	promoter; advocate; driving force	8	1
控制台	kòng zhì tái	control desk; console	8	1
拨号	bō hào	to dial a telephone number	8	1
招认	zhāo rèn	to confess	8	1
招引	zhāo yǐn	to attract	8	1
抱定	bào dìng	to hold on firmly; to cling (to a belief); stubbornly	8	1
承重	chéng zhòng	(usu. of a structural component of a building) to bear a load	8	1
扶养	fú yǎng	to foster; to bring up; to raise	8	1
扁桃体	biǎn táo tǐ	tonsil	8	1
成百上千	chéng bǎi shàng qiān	hundreds; a large number; lit. by the hundreds and thousands	8	1
惹麻烦	rě má fan	to create difficulties; to be troublesome; to invite trouble	8	1
总吨位	zǒng dūn wèi	overall tonnage (of a shipping fleet or company)	8	1
怨声载道	yuàn shēng zài dào	lit. cries of complaint fill the roads (idiom); complaints rise all around	8	1
急性子	jí xìng zi	impetuous person; excitable person	8	1
快慰	kuài wèi	to feel pleased	8	1
影评	yǐng píng	film review	8	1
当空	dāng kōng	overhead; up in the sky	8	1
年历	nián lì	calendar; diary	8	1
干笑	gān xiào	to give a hollow laugh; to force a smile; forced laugh	8	1
岩浆岩	yán jiāng yán	igneous rock	8	1
尘肺	chén fèi	pneumoconiosis	8	1
寸步难行	cùn bù nán xíng	unable to move a single step (idiom)	8	1
室内乐	shì nèi yuè	chamber music	8	1
定弦	dìng xián	tuning (stringed instrument); (fig.) to make up one's mind	8	1
定义域	dìng yì yù	domain (math.)	8	1
守敌	shǒu dí	enemy defense; enemy garrison	8	1
守宫	shǒu gōng	gecko; house lizard	8	1
嫉恶如仇	jí è rú chóu	(idiom) to hate evil as one hates an enemy	8	1
女权	nǚ quán	women's rights	8	1
奇缺	qí quē	very short of (food, clean water etc); extreme shortage; deficit	8	1
奇偶	jī ǒu	parity; odd and even	8	1
奇丽	qí lì	singularly beautiful; weird and wonderful	8	1
失策	shī cè	to blunder; to miscalculate; miscalculation	8	1
天花乱坠	tiān huā luàn zhuì	(lit.) a deluge of heavenly flowers (idiom)	8	1
大学城	dà xué chéng	university city	8	1
复旧	fù jiù	to restore old way; to return to the past	8	1
增白剂	zēng bái jì	whitener; whitening agent	8	1
回访	huí fǎng	(pay a) return visit	8	1
四围	sì wéi	all around; on all sides; encircled	8	1
咽气	yàn qì	to die; to breathe one's last	8	1
后记	hòu jì	epilogue; afterword	8	1
名产	míng chǎn	staple; name-brand product	8	1
反切	fǎn qiè	traditional system expressing the phonetic value of a Chinese character using two other characters, the first for the initial consonant, the second for the rhyme and tone	8	1
双料	shuāng liào	(of a product) made with double the usual amount of ingredients or material	8	1
助阵	zhù zhèn	to cheer; to root for	8	1
力挽狂澜	lì wǎn kuáng lán	to pull strongly against a crazy tide (idiom); fig. to try hard to save a desperate crisis	8	1
力促	lì cù	to urge; to press (for action)	8	1
前缀	qián zhuì	prefix (linguistics)	8	1
冤狱	yuān yù	unjust charge or verdict; miscarriage of justice; frame-up	8	1
做派	zuò pài	way of doing sth; behavior; to act in an affected manner	8	1
倒挂	dào guà	lit. to hang upside down	8	1
作秀	zuò xiù	to show off (loanword, from English "show"); to grandstand	8	1
体校	tǐ xiào	sports school; physical education school (abbr. for 體育學校)	8	1
伏案	fú àn	to bend over one's desk (writing, studying, taking a nap etc)	8	1
任课	rèn kè	to give classes; to work as a teacher	8	1
乳化	rǔ huà	to emulsify	8	1
习用	xí yòng	to use habitually; usual; conventional	8	1
中伏	zhōng fú	the second of the three annual periods of hot weather (三伏), which begins in late July and lasts either 10 or 20 days, depending on the Chinese calendar in that year	8	1
不足道	bù zú dào	inconsiderable; of no consequence; not worth mentioning	8	1
下酒	xià jiǔ	to be appropriate to have with alcohol; to down one's drink	8	1
下届	xià jiè	next office holder; next to serve	8	1
上供	shàng gòng	to make offerings (to gods or ancestors)	8	1
万众一心	wàn zhòng yī xīn	millions of people all of one mind (idiom); the people united	8	1
一落千丈	yī luò qiān zhàng	lit. to drop a thousand zhang in one fall (idiom)	8	1
一哄而散	yī hōng ér sàn	to disperse in confusion (idiom)	8	1
鼓风	gǔ fēng	a forced draft (of wind, for smelting metal); blast (in blast furnace)	8	1
麻药	má yào	anesthetic	8	1
骨血	gǔ xuè	flesh and blood; one's offspring	8	1
驱策	qū cè	to urge (sb to do do sth); to drive (sb to take an action)	8	1
饭量	fàn liàng	amount of food one eats; portion size	8	1
飘飘然	piāo piāo rán	elated; light and airy feeling (after a few drinks); smug and conceited	8	1
飘带	piāo dài	streamer; pennant	8	1
风向标	fēng xiàng biāo	vane; propellor blade; weather vane	8	1
预估	yù gū	to estimate; to forecast; prediction	8	1
顶风	dǐng fēng	to face into the wind; against the wind; fig. against the law	8	1
面汤	miàn tāng	noodle soup; noodles in soup; noodle broth	8	1
震旦纪	zhèn dàn jì	Sinian (c. 800-542 million years ago), late phase of pre-Cambrian geological era	8	1
隔板	gé bǎn	divider; partition	8	1
隐姓埋名	yǐn xìng mái míng	to conceal one's identity; living incognito	8	1
随声附和	suí shēng fù hè	to parrot other people's words (idiom); to chime in with others	8	1
险阻	xiǎn zǔ	dangerous and difficult (path)	8	1
降格	jiàng gé	to downgrade; to lower the standard; degrading	8	1
陋习	lòu xí	corrupt practice; bad habits; malpractice	8	1
附会	fù huì	to add parallels and interpretations (to a story etc); to develop and embellish; to interpret (often in a strained manner)	8	1
阴魂	yīn hún	ghost; spirit	8	1
防潮	fáng cháo	damp proof; moisture proof; protection against tides	8	1
阁员	gé yuán	cabinet member	8	1
闪光灯	shǎn guāng dēng	flash bulb (photography)	8	1
量词	liàng cí	classifier (in Chinese grammar); measure word	8	1
酥油	sū yóu	butter	8	1
酒器	jiǔ qì	drinking vessel; wine cup	8	1
配乐	pèi yuè	to create music for a movie or stage production	8	1
道貌岸然	dào mào àn rán	sanctimonious; dignified	8	1
迷途	mí tú	to lose one's way	8	1
还礼	huán lǐ	to return a politeness; to present a gift in return	8	1
运十	yùn shí	Shanghai Y-10; Yun-10 commercial jet aircraft	8	1
辩白	biàn bái	to offer an explanation; to plead innocence; to try to defend oneself	8	1
转账	zhuǎn zhàng	to transfer (money to a bank account)	8	1
转调	zhuǎn diào	(music) to change key; modulation	8	1
赤子	chì zǐ	newborn baby; the people (of a country)	8	1
赔本	péi běn	loss; to sustain losses	8	1
贤才	xián cái	a genius; a talented person	8	1
财贸	cái mào	finance and trade	8	1
豆角	dòu jiǎo	string bean; snap bean; green bean	8	1
谦卑	qiān bēi	humble	8	1
谍报	dié bào	spy report; intelligence	8	1
调适	tiáo shì	to adapt (to an environment etc); to make sth suitable; adaptation	8	1
说一不二	shuō yī bù èr	to say one and mean just that (idiom); to keep one's word	8	1
误诊	wù zhěn	to misdiagnose; to be late in giving medical treatment	8	1
试探性	shì tàn xìng	exploratory; tentative	8	1
评理	píng lǐ	to judge between right and wrong; to reason things out	8	1
设若	shè ruò	if	8	1
讲论	jiǎng lùn	to discuss	8	1
讨饶	tǎo ráo	to beg for mercy; to ask for forgiveness	8	1
解约	jiě yuē	to terminate an agreement; to cancel a contract	8	1
补过	bǔ guò	to make up for an earlier mistake; to make amends	8	1
行迹	xíng jì	tracks; traces; movements	8	1
苦口婆心	kǔ kǒu pó xīn	earnest and well-meaning advice (idiom); to persuade patiently	8	1
花会	huā huì	flower fair or festival	8	1
良多	liáng duō	considerably; much; quite a bit	8	1
自顾自	zì gù zì	each minding his own business	8	1
腊八粥	là bā zhōu	Laba congee, ceremonial rice porridge dish eaten on the 8th day of the 12th month in the Chinese calendar	8	1
肥美	féi měi	fertile; luxuriant; plump	8	1
肇事者	zhào shì zhě	offender; culprit	8	1
老巢	lǎo cháo	(fig.) lair; den; stronghold (esp. of criminals or hostile forces)	8	1
群集	qún jí	to gather; to congregate; to aggregate	8	1
经血	jīng xuè	menstruation (TCM)	8	1
纯化	chún huà	to purify	8	1
紧接	jǐn jiē	to follow immediately afterwards; immediately adjacent	8	1
粗鄙	cū bǐ	vulgar; coarse; uncouth	8	1
税前	shuì qián	pretax; before taxes	8	1
离队	lí duì	to leave one's post	8	1
禁欲	jìn yù	to suppress desire; self-restraint; asceticism	8	1
神笔	shén bǐ	lit. divine pen; fig. outstanding writing	8	1
社会工作	shè huì gōng zuò	social work	8	1
磨床	mó chuáng	grinding machine; grinder	8	1
眼熟	yǎn shú	familiar-looking; to seem familiar	8	1
真身	zhēn shēn	the real body (of Buddha or a God); true effigy	8	1
直来直去	zhí lái zhí qù	going directly (without detour); (fig.) direct	8	1
盖头	gài tóu	cover; cap; topping	8	1
盆花	pén huā	potted flower	8	1
登出	dēng chū	to log out (computer); to publish; to be published	8	1
电话线	diàn huà xiàn	telephone line; telephone wire	8	1
电火花	diàn huǒ huā	electric spark	8	1
环境影响	huán jìng yǐng xiǎng	environmental impact	8	1
猩红	xīng hóng	scarlet	8	1
爆发力	bào fā lì	explosive power (in athletics, music, dance etc); dynamic intensity	8	1
漠不关心	mò bù guān xīn	not the least bit concerned; completely indifferent	8	1
深入浅出	shēn rù qiǎn chū	to explain a complicated subject matter in simple terms (idiom)	8	1
消息灵通	xiāo xi líng tōng	to be well-informed	8	1
浮尸	fú shī	floating corpse	8	1
泰然自若	tài rán zì ruò	cool and collected (idiom); showing no sign of nerves	8	1
氧原子	yǎng yuán zǐ	oxygen atom	8	1
气象站	qì xiàng zhàn	weather station	8	1
气候学	qì hòu xué	climatology	8	1
民法典	mín fǎ diǎn	civil code	8	1
歧途	qí tú	fork in a road; wrong road	8	1
柏油路	bǎi yóu lù	tarred road; asphalt road	8	1
条幅	tiáo fú	wall scroll (for painting or calligraphy); banner	8	1
杂七杂八	zá qī zá bā	an assortment; a bit of everything; lots of different (skills)	8	1
未婚夫	wèi hūn fū	fiancé	8	1
暴烈	bào liè	violent; fierce	8	1
星相	xīng xiàng	astrology and physiognomy	8	1
明码	míng mǎ	non-secret code (such as Morse code, Chinese telegraph code, ASCII etc)	8	1
时弊	shí bì	ills of the day; contemporary problems	8	1
无所不在	wú suǒ bù zài	omnipresent	8	1
无懈可击	wú xiè kě jī	(idiom) impossible to fault; impeccable	8	1
改过	gǎi guò	to correct one's errors; to mend one's ways	8	1
撒泼	sā pō	to make an unreasonable scene	8	1
摔伤	shuāi shāng	to injure oneself in a fall	8	1
搭腔	dā qiāng	to answer; to respond; to converse	8	1
授受	shòu shòu	to give and accept	8	1
捶打	chuí dǎ	to beat; to pound; to thump	8	1
择日	zé rì	to fix a date (for an event); to select an auspicious date	8	1
拔河	bá hé	tug-of-war; to take part in a tug-of-war	8	1
拉手	lā shǒu	to hold hands; to shake hands	8	1
拉伸	lā shēn	to draw; to stretch	8	1
拆穿	chāi chuān	to expose; to unmask; to see through (a lie etc)	8	1
抗性	kàng xìng	resistance; capability of resisting	8	1
才略	cái lüè	ability and sagacity	8	1
手相	shǒu xiàng	palmistry; features of a palm (in palmistry)	8	1
悬而未决	xuán ér wèi jué	(idiom) pending a decision; hanging in the balance	8	1
恩将仇报	ēn jiāng chóu bào	to bite the hand that feeds one (idiom)	8	1
恍如	huǎng rú	to be as if...; to be rather like...	8	1
总务	zǒng wù	general matters; division of general affairs; person in overall charge	8	1
怪话	guài huà	ridiculous talk; preposterous remark	8	1
急中生智	jí zhōng shēng zhì	quick witted in an emergency; able to react resourcefully	8	1
思乡	sī xiāng	to be homesick	8	1
忠言	zhōng yán	sincere advice; heartfelt exhortation	8	1
微调	wēi tiáo	fine tuning; trimming	8	1
影儿	yǐng r	shadow	8	1
异类	yì lèi	different kind (sometimes with a connotation of strangeness or eccentricity)	8	1
开卷	kāi juàn	to open a book; open-book (exam)	8	1
建模	jiàn mó	to construct a model (an abstract model, as in applied mathematics or machine learning etc)	8	1
度假区	dù jià qū	resort area; tourist zone (in China, typically state-designated for integrated tourism development)	8	1
并肩作战	bìng jiān zuò zhàn	(idiom) to fight side by side; (by extension) to join forces	8	1
干政	gān zhèng	to interfere in state affairs; to meddle in politics	8	1
帮衬	bāng chèn	to help; to assist financially	8	1
左面	zuǒ miàn	left side	8	1
小动作	xiǎo dòng zuò	bad habit (e.g. nose-picking); petty maneuver; dirty trick	8	1
对答如流	duì dá rú liú	able to reply quickly and fluently (idiom); having a ready answer	8	1
完美无缺	wán měi wú quē	perfect and without blemish; flawless; to leave nothing to be desired	8	1
学院派	xué yuàn pài	academism (art)	8	1
子母弹	zǐ mǔ dàn	(military) cluster bomb; shrapnel	8	1
娇生惯养	jiāo shēng guàn yǎng	pampered and spoiled since childhood	8	1
如虎添翼	rú hǔ tiān yì	lit. like a tiger that has grown wings; with redoubled power (idiom)	8	1
奉劝	fèng quàn	may I offer a bit of advice	8	1
奇珍异宝	qí zhēn yì bǎo	rare treasure (idiom)	8	1
头版	tóu bǎn	(newspaper's) front page	8	1
失宠	shī chǒng	to lose favor; in disfavor; disgraced	8	1
声像	shēng xiàng	audiovisual; (ultrasonography etc) acoustic image	8	1
地儿	dì r	place; space	8	1
喜滋滋	xǐ zī zī	pleased; happy	8	1
后怕	hòu pà	lingering fear; fear after the event; post-traumatic stress	8	1
名角	míng jué	famous actor	8	1
合作者	hé zuò zhě	co-worker; collaborator; also collaborator with the enemy	8	1
叫停	jiào tíng	(sports) to call a time-out; to halt; to put a stop to; to put on hold	8	1
变戏法	biàn xì fǎ	to perform conjuring tricks; to conjure; to juggle	8	1
十拿九稳	shí ná jiǔ wěn	(idiom) to be a cinch; in the bag	8	1
勾栏	gōu lán	brothel; theater; carved balustrade	8	1
勒紧	lēi jǐn	to tighten	8	1
勇武	yǒng wǔ	brave	8	1
劳损	láo sǔn	strain (medicine)	8	1
副产品	fù chǎn pǐn	by-product	8	1
前茅	qián máo	forward patrol (military) (old); (fig.) the top ranks	8	1
初试	chū shì	preliminary exam; qualifying exam; first try	8	1
出猎	chū liè	to go out hunting	8	1
军事学	jūn shì xué	military science	8	1
共和派	gòng hé pài	Republican faction	8	1
入院	rù yuàn	to enter hospital; to be hospitalized	8	1
入超	rù chāo	trade deficit; import surplus	8	1
入定	rù dìng	(Buddhism) to enter a meditative state	8	1
停课	tíng kè	to stop classes; to close (of school)	8	1
借重	jiè zhòng	to rely on sb for support	8	1
信号灯	xìn hào dēng	signal light; car indicator	8	1
保税	bǎo shuì	bonded (goods, factory etc)	8	1
侨务	qiáo wù	matters relating to the Chinese diaspora (as a concern of the Chinese government)	8	1
侦测	zhēn cè	to detect; to sense	8	1
例题	lì tí	problem or question solved for illustrative purposes in the classroom; practice question (used in preparation for an exam); sample question	8	1
体育界	tǐ yù jiè	sports circles; the sporting world	8	1
伤俘	shāng fú	wounded and captured	8	1
会期	huì qī	the duration of a conference	8	1
众望所归	zhòng wàng suǒ guī	(idiom) to enjoy popular support; to receive general approval	8	1
休止	xiū zhǐ	to stop	8	1
以权谋私	yǐ quán móu sī	to use one's position for personal gain (idiom)	8	1
亡命之徒	wáng mìng zhī tú	runaway (idiom); desperate criminal; fugitive	8	1
亏负	kuī fù	deficient; to let sb down; to cause sb suffering	8	1
书评	shū píng	book review; book notice	8	1
久之	jiǔ zhī	for a long time	8	1
举手投足	jǔ shǒu tóu zú	one's every movement (idiom); comportment; gestures	8	1
下风	xià fēng	leeward; downwind; disadvantageous position	8	1
下三滥	xià sān làn	riffraff; scum; lowlife	8	1
三八	sān bā	International Women's Day 婦女節, 8th March; foolish; stupid	8	1
一闪而过	yī shǎn ér guò	to flash past; to flit by	8	1
鱼肝油	yú gān yóu	cod liver oil	8	1
高洁	gāo jié	noble and clean-living; lofty and unsullied	8	1
骨化	gǔ huà	to ossify; ossification	8	1
骂娘	mà niáng	to curse (at sb); to call sb names	8	1
驾云	jià yún	to ride the clouds; fig. self-satisfied; arrogant	8	1
驱邪	qū xié	to drive out devils; exorcism	8	1
饿鬼	è guǐ	sb who is always hungry; glutton; (Buddhism) hungry ghost	8	1
飞轮	fēi lún	flywheel; freewheel; cassette (of a bicycle); fast-moving bike	8	1
面饼	miàn bǐng	flatbread	8	1
面额	miàn é	denomination (of currency or bond)	8	1
霜雪	shuāng xuě	frost and snow; (fig.) snowy white (hair); adversity	8	1
隽永	juàn yǒng	meaningful; thought-provoking; significant	8	1
隔夜	gé yè	overnight; of the previous day	8	1
阻截	zǔ jié	to stop; to obstruct; to bar the way	8	1
门市部	mén shì bù	retail department; section of a retail store	8	1
错开	cuò kāi	to stagger (times)	8	1
锅台	guō tái	top of a kitchen range	8	1
铜丝	tóng sī	copper wire	8	1
铁饼	tiě bǐng	(athletics) discus; discus throw	8	1
遗老	yí lǎo	elderly loyalist of a former dynasty; former official who remains loyal after a dynastic change	8	1
通用性	tōng yòng xìng	universality	8	1
选编	xuǎn biān	selected works (poems, documents etc); anthology	8	1
逆来顺受	nì lái shùn shòu	to resign oneself to adversity (idiom); to grin and bear it	8	1
连片	lián piàn	forming a continuous sheet; continuous; contiguous	8	1
返乡	fǎn xiāng	to return to one's home town	8	1
近视眼	jìn shì yǎn	nearsightedness; myopia	8	1
迁飞	qiān fēi	to migrate (of birds)	8	1
转体	zhuǎn tǐ	to roll over; to turn over (one's body)	8	1
跳马	tiào mǎ	vault (gymnastics)	8	1
路遇	lù yù	to meet (sb) by chance on the way somewhere	8	1
趣闻	qù wén	funny news item; interesting anecdote	8	1
费神	fèi shén	to spend effort; to take trouble	8	1
贯串	guàn chuàn	to pierce through; to string together	8	1
贬斥	biǎn chì	to demote; to denounce	8	1
账款	zhàng kuǎn	money in an account	8	1
贤士	xián shì	virtuous person; a man of merit	8	1
误打误撞	wù dǎ wù zhuàng	accidentally; to act before thinking	8	1
评断	píng duàn	to judge	8	1
讳莫如深	huì mò rú shēn	(idiom) to steadfastly refuse to discuss the matter; to treat it as an untouchable subject	8	1
表兄弟	biǎo xiōng dì	male cousin through a female relative	8	1
补药	bǔ yào	tonic	8	1
行政法	xíng zhèng fǎ	administrative law	8	1
血管瘤	xuè guǎn liú	angioma (medicine)	8	1
蛙泳	wā yǒng	breaststroke (swimming)	8	1
虚虚实实	xū xū shí shí	hard to tell if it's real or sham	8	1
莫衷一是	mò zhōng yī shì	unable to reach a decision (idiom); cannot agree on the right choice	8	1
艳福	yàn fú	luck with women	8	1
般配	bān pèi	to be well matched; to suit	8	1
自讨苦吃	zì tǎo kǔ chī	(idiom) to ask for trouble; to make a rod for one's own back	8	1
自生自灭	zì shēng zì miè	to emerge and perish on its own; to run its course (idiom)	8	1
自愈	zì yù	to heal oneself; to repair itself; self-healing	8	1
脱毛	tuō máo	to lose hair or feathers; to molt; depilation	8	1
胶鞋	jiāo xié	rubber overshoes; galoshes	8	1
背板	bèi bǎn	panel; back panel	8	1
老手	lǎo shǒu	experienced person; an old hand at sth	8	1
绞车	jiǎo chē	winch; windlass	8	1
绝后	jué hòu	to have no offspring; never to be seen again; unique	8	1
结怨	jié yuàn	to arouse dislike; to incur hatred	8	1
结仇	jié chóu	to start a feud; to become enemies	8	1
纸袋	zhǐ dài	paper bag	8	1
糖原	táng yuán	glycogen	8	1
精纯	jīng chún	pure; unadulterated; exquisite	8	1
突显	tū xiǎn	conspicuous; to make sth stand out; make sth prominent	8	1
科学研究	kē xué yán jiū	scientific research	8	1
秋色	qiū sè	colors of autumn; autumn scenery	8	1
私语	sī yǔ	to discuss in whispered tones; whispered conversation	8	1
离心机	lí xīn jī	centrifuge	8	1
禁赛	jìn sài	to ban (an athlete) from competitions	8	1
祝祷	zhù dǎo	to pray	8	1
矿脉	kuàng mài	vein of ore	8	1
眼中钉	yǎn zhōng dīng	a thorn in one's side	8	1
白喉	bái hóu	diphtheria	8	1
白发苍苍	bái fà cāng cāng	old and gray-haired	8	1
疯狗	fēng gǒu	rabid dog; (fig.) vicious dog; aggressive dog	8	1
留声机	liú shēng jī	gramophone; phonograph	8	1
男爵	nán jué	baron	8	1
电表	diàn biǎo	power meter; ammeter; amperemeter	8	1
电晕	diàn yùn	corona discharge	8	1
用度	yòng dù	expense	8	1
甚而	shèn ér	even; so much so that	8	1
环境温度	huán jìng wēn dù	environmental temperature	8	1
玩忽职守	wán hū zhí shǒu	to neglect one's duty; dereliction of duty; malpractice	8	1
献计	xiàn jì	to offer advice; to make a suggestion	8	1
独独	dú dú	alone	8	1
牛排	niú pái	steak	8	1
爽约	shuǎng yuē	to miss an appointment; to break an appointment	8	1
烂漫	làn màn	unaffected; unpretentious; (literary) brightly colored; vibrant	8	1
灰溜溜	huī liū liū	dull gray; gloomy; dejected	8	1
潮热	cháo rè	hot flush	8	1
深蓝	shēn lán	dark blue	8	1
浓香	nóng xiāng	strong fragrance; pungent	8	1
浇铸	jiāo zhù	to cast (molten metal); to mold	8	1
水蛇	shuǐ shé	water snake	8	1
水球	shuǐ qiú	water polo	8	1
气垫船	qì diàn chuán	hovercraft	8	1
民团	mín tuán	civil corps; militia	8	1
武库	wǔ kù	arsenal; store of arms	8	1
步调	bù diào	gait; marching order; step	8	1
正极	zhèng jí	positive electrode; positive pole; anode	8	1
横线	héng xiàn	horizontal line; (math.) horizontal axis	8	1
根式	gēn shì	(math.) a radical; a radical expression	8	1
核仁	hé rén	nucleolus (within nucleus of cell)	8	1
果冻	guǒ dòng	gelatin dessert	8	1
机库	jī kù	(aircraft) hangar	8	1
替代品	tì dài pǐn	substitute; alternative	8	1
暮年	mù nián	one's declining years; one's old age	8	1
晨昏	chén hūn	morning and twilight; day and night	8	1
明知故问	míng zhī gù wèn	(idiom) to ask a question, already knowing the answer	8	1
早逝	zǎo shì	early demise; untimely death	8	1
无穷大	wú qióng dà	(math.) infinity; infinite	8	1
无后	wú hòu	(literary) to have no descendants; to have no son to continue one's lineage	8	1
收报	shōu bào	to receive mail; to receive a telegraph	8	1
操作员	cāo zuò yuán	operator	8	1
接洽	jiē qià	to discuss a matter with sb; to get in touch with; to arrange	8	1
掐死	qiā sǐ	to throttle; to choke to death	8	1
捶胸顿足	chuí xiōng dùn zú	(idiom) to beat one's chest and stamp one's feet (in sorrow, anguish etc)	8	1
捉摸不定	zhuō mō bù dìng	(idiom) unpredictable; elusive; hard to pin down	8	1
振荡器	zhèn dàng qì	oscillator	8	1
押运	yā yùn	to escort (goods or funds); to convey under guard	8	1
抢滩	qiǎng tān	to make an amphibious assault; to seize a beachhead	8	1
投案	tóu àn	to surrender to the authorities; to turn oneself in (for a crime)	8	1
批发商	pī fā shāng	a wholesale business; distributor	8	1
扩及	kuò jí	to extend to	8	1
打散	dǎ sàn	to scatter; to break sth up; to beat (an egg)	8	1
打成一片	dǎ chéng yī piàn	(idiom) to become as one (with a particular group of people); to mix well; to bond	8	1
扑腾	pū teng	(onom.) thud; flutter; flop	8	1
扁豆	biǎn dòu	hyacinth bean; haricot	8	1
意向书	yì xiàng shū	letter of intent (LOI) (commerce)	8	1
急诊室	jí zhěn shì	emergency room	8	1
微生物学	wēi shēng wù xué	microbiology	8	1
式微	shì wēi	(literary) to decline; to wane	8	1
异步	yì bù	asynchronous	8	1
开小差	kāi xiǎo chāi	to be absent-minded; to desert; to abscond from the army	8	1
庸才	yōng cái	mediocrity	8	1
序数	xù shù	ordinal number	8	1
工薪阶层	gōng xīn jiē céng	salaried class	8	1
展销会	zhǎn xiāo huì	trade show; sales exhibition	8	1
展销	zhǎn xiāo	to display and sell (e.g. at a fair); sales exhibition	8	1
寿衣	shòu yī	burial clothes	8	1
实利	shí lì	advantage; gain; net profit	8	1
宇航局	yǔ háng jú	space agency	8	1
威震天下	wēi zhèn tiān xià	to inspire awe throughout the empire (idiom)	8	1
姨奶奶	yí nǎi nai	father's mother's sister (coll.); great aunt	8	1
妖魔化	yāo mó huà	to demonize	8	1
好好先生	hǎo hǎo xiān sheng	Mr Goody-goody; yes-man (sb who agrees with anything)	8	1
奸徒	jiān tú	a crafty villain	8	1
女高音	nǚ gāo yīn	soprano	8	1
女强人	nǚ qiáng rén	successful career woman; able woman	8	1
套取	tào qǔ	to acquire fraudulently; an illegal exchange	8	1
套件	tào jiàn	kit (equipment); (bicycle) groupset	8	1
奇效	qí xiào	wondrous effect; marvelous efficacy	8	1
失迎	shī yíng	failure to meet	8	1
失之交臂	shī zhī jiāo bì	to miss narrowly; to let a great opportunity slip	8	1
大白菜	dà bái cài	Chinese cabbage; napa cabbage (Brassica rapa subsp. pekinensis)	8	1
大白天	dà bái tiān	in broad daylight	8	1
多多益善	duō duō yì shàn	the more the better	8	1
均分	jūn fēn	to split; to divide equally	8	1
地方戏	dì fāng xì	local Chinese opera, such as Shaoxing opera 越劇, Sichuan opera 川劇, Henan opera 豫劇 etc	8	1
国粹	guó cuì	national essence; quintessence of national culture	8	1
国威	guó wēi	national prestige	8	1
因应	yīn yìng	to respond accordingly to; to adapt to; to cope with	8	1
回暖	huí nuǎn	(of the weather) to warm up again	8	1
喷火器	pēn huǒ qì	flamethrower	8	1
唯美	wéi měi	aesthetics	8	1
唯物论	wéi wù lùn	(philosophy) materialism	8	1
吸热	xī rè	heat absorption	8	1
后缀	hòu zhuì	suffix (linguistics)	8	1
口实	kǒu shí	food; salary (old); a pretext	8	1
受益匪浅	shòu yì fěi qiǎn	to benefit (from)	8	1
反刍	fǎn chú	to ruminate; to chew the cud	8	1
叉腰	chā yāo	to put one's hands on one's hips	8	1
原罪	yuán zuì	original sin	8	1
卧底	wò dǐ	to hide (as an undercover agent); an insider (in a gang of thieves)	8	1
单刀直入	dān dāo zhí rù	(idiom) to get straight to the point	8	1
协理	xié lǐ	assistant manager; to assist in managing	8	1
化学性	huà xué xìng	chemical	8	1
包藏	bāo cáng	to contain; to harbor; to conceal	8	1
勋绩	xūn jì	meritorious service; distinguished achievement	8	1
前列腺素	qián liè xiàn sù	prostaglandin	8	1
切线	qiē xiàn	tangent line (geometry)	8	1
凹凸不平	āo tū bù píng	(idiom) uneven (surface); bumpy (road)	8	1
凝集	níng jí	to concentrate; to gather; (biology) to agglutinate	8	1
养殖场	yǎng zhí chǎng	livestock or aquaculture farm	8	1
兵强马壮	bīng qiáng mǎ zhuàng	lit. strong soldiers and sturdy horses (idiom)	8	1
公厘	gōng lí	millimeter	8	1
先王	xiān wáng	former sovereigns	8	1
先声夺人	xiān shēng duó rén	to gain the upper hand by a show of strength	8	1
催命	cuī mìng	to press sb to death; fig. to pressurize sb continually	8	1
信息学	xìn xī xué	information science	8	1
余粮	yú liáng	surplus grain	8	1
伙同	huǒ tóng	to collude; in collusion with	8	1
休会	xiū huì	to adjourn	8	1
以毒攻毒	yǐ dú gōng dú	to cure ills with poison (TCM); to fight evil with evil	8	1
人民警察	rén mín jǐng chá	civil police; PRC police	8	1
人事不知	rén shì bù zhī	to have lost consciousness	8	1
产道	chǎn dào	birth canal (in obstetrics)	8	1
井然有序	jǐng rán yǒu xù	everything clear and in good order (idiom); neat and tidy	8	1
书页	shū yè	page of a book	8	1
习见	xí jiàn	commonly seen	8	1
乐土	lè tǔ	happy place; paradise; haven	8	1
乐事	lè shì	pleasure	8	1
丢人现眼	diū rén xiàn yǎn	to make an exhibition of oneself; to be a disgrace	8	1
专业户	zhuān yè hù	rural household that specializes in a particular type of product	8	1
不近人情	bù jìn rén qíng	(idiom) not amenable to reason; unreasonable	8	1
不得人心	bù dé rén xīn	not to enjoy popular support; to be unpopular	8	1
上坟	shàng fén	to visit a grave	8	1
三叶虫	sān yè chóng	(paleontology) trilobite	8	1
鼓点	gǔ diǎn	drumbeat; drum rhythm; drumming pattern	8	1
默写	mò xiě	to write from memory	8	1
鱼油	yú yóu	fish oil	8	1
骨灰盒	gǔ huī hé	box for bone ashes; funerary casket	8	1
驶往	shǐ wǎng	(of a vehicle, boat etc) to travel to; to head for	8	1
食用油	shí yòng yóu	cooking oil	8	1
顾此失彼	gù cǐ shī bǐ	lit. to attend to one thing and lose sight of another (idiom)	8	1
韵致	yùn zhì	grace; natural charm	8	1
集锦	jí jǐn	a collection of choice items (poems, photos etc)	8	1
难解难分	nán jiě nán fēn	hard to untie, hard to separate (idiom); inextricably involved	8	1
陨星	yǔn xīng	meteorite; falling star	8	1
除法	chú fǎ	division (math.)	8	1
降压药	jiàng yā yào	blood pressure medication; antihypertensive drug	8	1
附属物	fù shǔ wù	attachment; appendage	8	1
防灾	fáng zāi	disaster prevention; to protect against natural disasters	8	1
铺张浪费	pū zhāng làng fèi	extravagance and waste (idiom)	8	1
酒钱	jiǔ qián	tip	8	1
配伍	pèi wǔ	to blend two or more medicines	8	1
逢场作戏	féng chǎng zuò xì	lit. find a stage, put on a comedy (idiom); to join in the fun	8	1
逗人	dòu rén	amusing; funny; entertaining	8	1
送客	sòng kè	to see a visitor out	8	1
退潮	tuì cháo	(of a tide) to ebb or go out	8	1
迷魂	mí hún	to bewitch; to enchant; to cast a spell over sb	8	1
远道而来	yuǎn dào ér lái	to come from far away	8	1
运动学	yùn dòng xué	kinematics	8	1
迈入	mài rù	(fig.) to step into; to enter	8	1
轻生	qīng shēng	to commit suicide; to take one's own life	8	1
超级市场	chāo jí shì chǎng	supermarket	8	1
资方	zī fāng	the owners of a private enterprise; management	8	1
贪玩	tān wán	to only want to have a good time	8	1
豪言壮语	háo yán zhuàng yǔ	bold, visionary words	8	1
词根	cí gēn	(linguistics) root	8	1
记账	jì zhàng	to keep accounts; to do bookkeeping; to charge to an account	8	1
记仇	jì chóu	to hold a grudge	8	1
解劝	jiě quàn	to soothe; to pacify; to mollify	8	1
被控	bèi kòng	to be charged; to be accused (of an offense)	8	1
表尺	biǎo chǐ	rear sight (of a gun)	8	1
血肉相连	xuè ròu xiāng lián	one's own flesh and blood (idiom); closely related	8	1
草席	cǎo xí	straw mat	8	1
花花世界	huā huā shì jiè	the teeming world; the world of sensual pleasures	8	1
至爱	zhì ài	most beloved	8	1
臭名昭著	chòu míng zhāo zhù	notorious; infamous; egregious (bandits)	8	1
自得其乐	zì dé qí lè	to find amusement in one's own way; to enjoy oneself quietly	8	1
膨松剂	péng sōng jì	leavening agent	8	1
腐臭	fǔ chòu	rotten (smell); stinking; putrid	8	1
胸罩	xiōng zhào	brassiere (underwear); bra	8	1
肺气肿	fèi qì zhǒng	emphysema	8	1
老奸巨猾	lǎo jiān jù huá	cunning; crafty; wily old fox	8	1
翻车	fān chē	(of a vehicle) to flip over; (fig.) to go wrong; to flop	8	1
群龙无首	qún lóng wú shǒu	lit. a thunder of dragons without a head; fig. a group lacking a leader	8	1
羞愤	xiū fèn	ashamed and resentful; indignant	8	1
置入	zhì rù	to insert; to implant; to embed	8	1
网开一面	wǎng kāi yī miàn	open the net on one side (idiom); let the caged bird fly	8	1
缩成一团	suō chéng yī tuán	to huddle together; to curl up	8	1
线段	xiàn duàn	line segment	8	1
约法三章	yuē fǎ sān zhāng	to agree on three laws (idiom); three-point covenant	8	1
纠错	jiū cuò	to correct an error	8	1
纠合	jiū hé	gathering; a get-together	8	1
精神病院	jīng shén bìng yuàn	mental hospital; psychiatric hospital	8	1
答理	dā li	(usu. used in the negative) to acknowledge (sb's greeting etc); to respond; to answer	8	1
突击队员	tū jī duì yuán	commando	8	1
穷乡僻壤	qióng xiāng pì rǎng	a remote and desolate place	8	1
移转	yí zhuǎn	to shift; to transfer	8	1
私交	sī jiāo	personal friendship	8	1
禅堂	chán táng	meditation room (in Buddhist monastery)	8	1
祖祖辈辈	zǔ zǔ bèi bèi	for generations; from generation to generation	8	1
短袖	duǎn xiù	short sleeves; short-sleeved shirt	8	1
矫情	jiáo qing	(Beijing dialect) argumentative; unreasonable	8	1
看家本领	kān jiā běn lǐng	(idiom) one's forte	8	1
盲点	máng diǎn	blind spot	8	1
球赛	qiú sài	(ball sports) game; match	8	1
牵累	qiān lěi	to weigh down; to trouble; to implicate (sb)	8	1
牧歌	mù gē	shepherd's song; pastoral	8	1
牛肉面	niú ròu miàn	beef noodle soup	8	1
爱神	ài shén	god of love	8	1
熊市	xióng shì	bear market	8	1
烦人	fán rén	to annoy; annoying; irritating	8	1
灾变	zāi biàn	catastrophe; cataclysmic change	8	1
滑板	huá bǎn	skateboard	8	1
游手好闲	yóu shǒu hào xián	to idle about	8	1
游乐园	yóu lè yuán	amusement park	8	1
润色	rùn sè	to polish (a piece of writing)	8	1
消毒剂	xiāo dú jì	disinfectant	8	1
海鱼	hǎi yú	saltwater fish	8	1
浑然一体	hún rán yī tǐ	to blend into one another; to blend together well	8	1
浑然	hún rán	completely; absolutely; undivided	8	1
济助	jì zhù	to relieve and help	8	1
流苏	liú sū	tassels	8	1
活性炭	huó xìng tàn	activated carbon	8	1
洞穿	dòng chuān	to penetrate; to pierce; to see clearly	8	1
法网	fǎ wǎng	the net of justice; the long arm of the law	8	1
法式	fǎ shì	rule; method; model	8	1
油膏	yóu gāo	semi-solid fat-based substance; (medicine) ointment	8	1
河工	hé gōng	river conservancy works (dike maintenance, dredging etc)	8	1
水上飞机	shuǐ shàng fēi jī	seaplane	8	1
气筒	qì tǒng	inflator; bicycle pump	8	1
气哼哼	qì hēng hēng	enraged; furious; livid	8	1
气人	qì rén	to anger; to annoy	8	1
民企	mín qǐ	privately-operated enterprise (abbr. for 民營企業)	8	1
歧异	qí yì	difference; discrepancy	8	1
武打	wǔ dǎ	acrobatic fighting in Chinese opera or dance	8	1
正本	zhèng běn	original (of a document); reserved copy (of a library book)	8	1
次大陆	cì dà lù	subcontinent (e.g. the Indian subcontinent)	8	1
橙黄色	chéng huáng sè	orange yellow; tangerine yellow; chrome yellow; amber	8	1
横越	héng yuè	to cross; to pass over; to traverse	8	1
横征暴敛	héng zhēng bào liǎn	to tax by force and extort levies (idiom); to screw taxes out of the people by force	8	1
桌布	zhuō bù	tablecloth	8	1
标新立异	biāo xīn lì yì	to make a show of being original or unconventional (idiom)	8	1
柔媚	róu mèi	gentle and lovely; charming	8	1
枪刺	qiāng cì	bayonet	8	1
果木	guǒ mù	fruit tree	8	1
板结	bǎn jié	soil crusting	8	1
朽烂	xiǔ làn	rotten	8	1
机械性	jī xiè xìng	mechanical	8	1
服务台	fú wù tái	service desk; information desk; reception desk	8	1
有名无实	yǒu míng wú shí	lit. has a name but no reality (idiom); exists only in name; nominal	8	1
映入	yìng rù	to appear before (one's eyes); to come to (one's mind)	8	1
明争暗斗	míng zhēng àn dòu	(idiom) to fight openly and maneuver covertly	8	1
旁敲侧击	páng qiāo cè jī	to make insinuations	8	1
新低	xīn dī	new low	8	1
斑岩	bān yán	porphyry (geology)	8	1
数周	shù zhōu	several weeks; also written 數週	8	1
故弄玄虚	gù nòng xuán xū	deliberately mystifying; to make sth unnecessarily complicated	8	1
攀爬	pān pá	to climb	8	1
撒手不管	sā shǒu bù guǎn	to stand aside and do nothing (idiom); to take no part in	8	1
排涝	pái lào	to drain flooded fields	8	1
掀动	xiān dòng	to stir; to lift; to set sth in motion	8	1
据理力争	jù lǐ lì zhēng	to contend on strong grounds; to argue strongly for what is right	8	1
捞钱	lāo qián	lit. to dredge for money; to make money by reprehensible means	8	1
挺举	tǐng jǔ	clean and jerk (weightlifting technique)	8	1
拐角	guǎi jiǎo	to turn a corner; corner	8	1
报名表	bào míng biǎo	application form; registration form	8	1
抛头露面	pāo tóu lù miàn	to put oneself out in the public eye (said of sb for whom doing so is deemed unseemly)	8	1
房梁	fáng liáng	roof beam	8	1
戏院	xì yuàn	theater; cinema	8	1
感性认识	gǎn xìng rèn shi	perceptual awareness	8	1
想像力	xiǎng xiàng lì	conception; imagination	8	1
情敌	qíng dí	rival in love	8	1
总论	zǒng lùn	(often used in book or chapter titles) general introduction; overview	8	1
总医院	zǒng yī yuàn	general hospital	8	1
怪模怪样	guài mú guài yàng	outlandish; strange-looking; grotesque	8	1
怒放	nù fàng	in full bloom	8	1
忧思	yōu sī	to be anxious and worried; agitated; pensive	8	1
心知肚明	xīn zhī dù míng	to be well aware	8	1
役畜	yì chù	draft animal; beast of burden	8	1
弄懂	nòng dǒng	to make sense of; to grasp the meaning of; to figure out	8	1
开诚布公	kāi chéng bù gōng	lit. deal sincerely and fairly (idiom); frank and open-minded	8	1
床头柜	chuáng tóu guì	bedside cabinet	8	1
干渠	gàn qú	trunk canal	8	1
干儿子	gān ér zi	adopted son (traditional adoption, i.e. without legal ramifications)	8	1
居民点	jū mín diǎn	residential area	8	1
小视	xiǎo shì	to belittle; to look down upon; to despise	8	1
小瞧	xiǎo qiáo	(coll.) to look down on; to underestimate	8	1
小标题	xiǎo biāo tí	subheading	8	1
小报	xiǎo bào	tabloid newspaper	8	1
小两口	xiǎo liǎng kǒu	(coll.) young married couple	8	1
封闭性	fēng bì xìng	closed; encapsulated	8	1
寓居	yù jū	to make one's home in; to reside in; to inhabit	8	1
宝货	bǎo huò	precious object; treasure	8	1
孵化期	fū huà qī	incubation period; time for sth to develop	8	1
学理	xué lǐ	scientific principle; theoretical standpoint	8	1
妄自尊大	wàng zì zūn dà	ridiculous self-importance (idiom); arrogance	8	1
如日中天	rú rì zhōng tiān	lit. like the sun at noon (idiom)	8	1
奔马	bēn mǎ	(literary) (swift like a) speeding horse	8	1
头胸部	tóu xiōng bù	cephalothorax	8	1
天外	tiān wài	beyond the earth; outer space	8	1
备办	bèi bàn	to provide (items for an event); to cater; to make preparations	8	1
基本粒子	jī běn lì zǐ	elementary particle (particle physics)	8	1
回礼	huí lǐ	to return a greeting; to send a gift in return	8	1
嘴硬	zuǐ yìng	reluctant to admit a mistake	8	1
啊呀	ā yā	interjection of surprise; Oh my!	8	1
商铺	shāng pù	shop; store	8	1
听之任之	tīng zhī rèn zhī	(idiom) to take a laissez-faire attitude; to turn a blind eye (towards sth undesirable)	8	1
同上	tóng shàng	as above; ditto; idem	8	1
号炮	hào pào	cannon used for signaling; signaling shot	8	1
发汗	fā hàn	to sweat	8	1
友邦	yǒu bāng	friendly state; ally	8	1
原初	yuán chū	initial; original; originally	8	1
压服	yā fú	to compel sb to obey; to force into submission; to subjugate	8	1
印刷厂	yìn shuā chǎng	printing house; print shop	8	1
博物院	bó wù yuàn	museum	8	1
千吨	qiān dūn	kiloton	8	1
前嫌	qián xián	former hatred; bygone enmity	8	1
利爪	lì zhǎo	sharp claw; talon	8	1
刚毛	gāng máo	bristle	8	1
分野	fēn yě	dividing line between distinct realms; boundary	8	1
分布图	fēn bù tú	scatter diagram; distribution chart; histogram	8	1
出版商	chū bǎn shāng	publisher	8	1
出拳	chū quán	to throw a punch	8	1
几许	jǐ xǔ	(literary) how many; quite a few	8	1
净水	jìng shuǐ	purified water; to purify water	8	1
冤大头	yuān dà tóu	spendthrift and foolish; sb with more money than sense	8	1
六角形	liù jiǎo xíng	hexagon	8	1
光润	guāng rùn	glossy; lustrous; sleek	8	1
先遣队	xiān qiǎn duì	(military) advance party	8	1
体毛	tǐ máo	body hair	8	1
伴娘	bàn niáng	bridesmaid; maid of honor; matron of honor	8	1
人造革	rén zào gé	artificial leather	8	1
交易额	jiāo yì é	sum or volume of business transactions; turnover	8	1
了然于胸	liǎo rán yú xiōng	(idiom) to be well aware; to understand clearly	8	1
乐谱	yuè pǔ	a musical score; sheet music	8	1
义诊	yì zhěn	to provide free medical treatment	8	1
丧胆	sàng dǎn	panic-stricken; scared out of one's wits	8	1
丝绒	sī róng	velvet	8	1
三度	sān dù	third (musical interval)	8	1
万事大吉	wàn shì dà jí	everything is fine (idiom); all is well with the world	8	1
一来二去	yī lái èr qù	gradually; little by little; in the course of time	8	1
鼻烟壶	bí yān hú	snuff bottle	8	1
鼓鼓的	gǔ gǔ de	bulging	8	1
黑天	hēi tiān	night; nightfall	8	1
麻脸	má liǎn	pockmarked face	8	1
麻类	má lèi	bast fiber plant (general term for hemp, flax, jute, ramie etc)	8	1
鸡肋	jī lèi	chicken rib; (fig.) sth of little value yet hard to discard	8	1
香皂	xiāng zào	perfumed soap; toilet soap	8	1
饭堂	fàn táng	dining hall; canteen; cafeteria	8	1
飘香	piāo xiāng	(of a fragrance) to waft about	8	1
阴湿	yīn shī	dark and moist	8	1
错杂	cuò zá	mixed; jumbled	8	1
锁上	suǒ shàng	to lock; to lock up	8	1
铺陈	pū chén	to arrange; to spread out; to narrate in detail	8	1
针叶树	zhēn yè shù	conifer	8	1
针剂	zhēn jì	fluid loaded into a syringe for a hypodermic injection	8	1
遗尿	yí niào	bed-wetting	8	1
追思	zhuī sī	memorial; recollection (of the deceased)	8	1
输油管	shū yóu guǎn	petroleum pipeline	8	1
转基因	zhuǎn jī yīn	genetic modification	8	1
走马上任	zǒu mǎ shàng rèn	(idiom) to take office; to assume a post	8	1
走俏	zǒu qiào	(a product) sells well; to be in demand	8	1
贪污腐化	tān wū fǔ huà	(idiom) corruption	8	1
豪侠	háo xiá	brave and chivalrous	8	1
谋臣	móu chén	imperial strategic adviser; expert on strategy	8	1
调虎离山	diào hǔ lí shān	to lure the tiger from its domain in the mountains (idiom)	8	1
语音学	yǔ yīn xué	phonetics	8	1
计票	jì piào	count of votes	8	1
言而有信	yán ér yǒu xìn	to speak and keep one's promise (idiom); as good as one's word	8	1
角闪石	jiǎo shǎn shí	hornblende (rock-forming mineral, type of amphibole)	8	1
衣橱	yī chú	wardrobe	8	1
融融	róng róng	in harmony; happy; warm relations	8	1
蛇胆	shé dǎn	snake gall (used in TCM)	8	1
荒诞不经	huāng dàn bù jīng	absurd; preposterous; ridiculous	8	1
花容月貌	huā róng yuè mào	lit. countenance of a flower, face like the moon (idiom)	8	1
良友	liáng yǒu	good friend; companion	8	1
船篷	chuán péng	ship's sail	8	1
舞者	wǔ zhě	dancer	8	1
自诉	zì sù	private prosecution (law); (of a patient) to describe (one's symptoms)	8	1
腰围	yāo wéi	waist measurement; girth	8	1
腥风血雨	xīng fēng xuè yǔ	(lit.) foul wind and bloody rain (idiom)	8	1
脑细胞	nǎo xì bāo	brain cell	8	1
耳廓	ěr kuò	outer ear; auricle; pinna	8	1
羊水	yáng shuǐ	amniotic fluid	8	1
缺额	quē é	vacancy	8	1
缚鸡之力	fù jī zhī lì	(lit.) the strength to truss a chicken (idiom)	8	1
缓期	huǎn qī	to defer; to put off (until later); to postpone	8	1
结余	jié yú	balance; cash surplus	8	1
精当	jīng dàng	precise and appropriate	8	1
笑纳	xiào nà	to kindly accept (an offering)	8	1
租车	zū chē	to rent a car; rental car	8	1
票友	piào yǒu	an amateur actor (e.g. in Chinese opera)	8	1
示波器	shì bō qì	oscillograph; oscilloscope	8	1
磁感应	cí gǎn yìng	magnetic induction	8	1
砍伤	kǎn shāng	to wound with a blade or hatchet; to slash; to gash	8	1
短工	duǎn gōng	temporary job; odd job; seasonal worker	8	1
短兵相接	duǎn bīng xiāng jiē	lit. short-weaponed soldiery fight one another (idiom); fierce hand-to-hand infantry combat	8	1
着床	zhuó chuáng	to lie down on a bed	8	1
真面目	zhēn miàn mù	true identity; true colors	8	1
百强	bǎi qiáng	top 100 (e.g. top 100 towns)	8	1
痛风	tòng fēng	gout	8	1
疯话	fēng huà	crazy talk; ravings; nonsense	8	1
留名	liú míng	to leave one's name; to leave one's mark	8	1
男女平等	nán nǚ píng děng	equality of the sexes	8	1
玩乐	wán lè	to play around; to disport oneself	8	1
物镜	wù jìng	objective (optics)	8	1
熟铁	shú tiě	wrought iron	8	1
热值	rè zhí	calorific value	8	1
炊具	chuī jù	cooking utensils; cookware; cooker	8	1
灵牌	líng pái	spirit tablet; memorial tablet	8	1
火炭	huǒ tàn	live coal; ember; burning coals	8	1
火上浇油	huǒ shàng jiāo yóu	to pour oil on the fire (idiom); fig. to aggravate a situation	8	1
潜热	qián rè	latent heat	8	1
潜水员	qián shuǐ yuán	diver; frogman	8	1
漫无边际	màn wú biān jì	extremely vast; boundless; limitless	8	1
滚瓜烂熟	gǔn guā làn shú	lit. ripe as a melon that rolls from its vine (idiom); fig. to know fluently	8	1
渔具	yú jù	fishing gear	8	1
清苦	qīng kǔ	destitute but honest; poor and simple; spartan	8	1
清唱	qīng chàng	to sing opera arias without staging, costume or makeup	8	1
混纺	hùn fǎng	mixed fabric; blended fabric	8	1
浩繁	hào fán	vast; voluminous; many and varied	8	1
洋钱	yáng qián	foreign money; flat silver (former coinage); also written 銀元	8	1
泄愤	xiè fèn	to give vent to anger	8	1
毫秒	háo miǎo	millisecond, ms	8	1
步步为营	bù bù wéi yíng	to advance gradually and entrench oneself at every step	8	1
正房	zhèng fáng	central building (in a traditional house); primary wife	8	1
来劲	lái jìn	(dialect) to be full of zeal; high-spirited; exhilarating	8	1
木片	mù piàn	flat piece of wood; wood chip	8	1
有备而来	yǒu bèi ér lái	to come prepared	8	1
月相	yuè xiàng	phase of the moon	8	1
明辨	míng biàn	to discern; to distinguish clearly	8	1
明胶	míng jiāo	gelatin	8	1
时长	shí cháng	duration	8	1
无所不为	wú suǒ bù wéi	not stopping at anything; all manner of evil	8	1
无可挑剔	wú kě tiāo ti	excellent in every respect; flawless	8	1
方法学	fāng fǎ xué	methodology	8	1
新词	xīn cí	new expression; neologism	8	1
整点	zhěng diǎn	time of day exactly on the hour (i.e. 12:00, 1:00 etc)	8	1
救世	jiù shì	salvation	8	1
收工	shōu gōng	to stop work for the day (generally of laborers); to knock off	8	1
撑船	chēng chuán	to punt; to pole a boat	8	1
搅扰	jiǎo rǎo	to disturb; to annoy	8	1
掩人耳目	yǎn rén ěr mù	to fool people (idiom); to pull the wool over people's eyes	8	1
捐税	juān shuì	tax; levy; duty; impost	8	1
捉奸	zhuō jiān	to catch a couple in the act (adultery, illicit sexual relations)	8	1
挤眉弄眼	jǐ méi nòng yǎn	to make eyes; to wink	8	1
挂彩	guà cǎi	to decorate for festive occasions; to be wounded in action	8	1
招摇过市	zhāo yáo guò shì	(idiom) to parade oneself ostentatiously about town	8	1
招兵买马	zhāo bīng mǎi mǎ	lit. to recruit soldiers and buy horses (idiom)	8	1
招兵	zhāo bīng	to recruit soldiers	8	1
拉肚子	lā dù zi	(coll.) to have diarrhea	8	1
抱头痛哭	bào tóu tòng kū	to weep disconsolately; to cry on each other's shoulder	8	1
报怨	bào yuàn	to pay back a score; to get revenge; to requite	8	1
扩音器	kuò yīn qì	megaphone; loudspeaker; amplifier	8	1
手气	shǒu qì	luck (in gambling)	8	1
扇贝	shàn bèi	scallop (genus Pecten)	8	1
战团	zhàn tuán	fighting group; by extension, a fight; a fray	8	1
愚民	yú mín	ignorant masses; to keep the people in ignorance	8	1
惩罚性	chéng fá xìng	punitive	8	1
念旧	niàn jiù	to remember old friends; to cherish old friendships; for old time's sake	8	1
忧郁症	yōu yù zhèng	(psychology) depression	8	1
徒有虚名	tú yǒu xū míng	with an undeserved reputation (idiom); unwarranted fame	8	1
弟媳	dì xí	younger brother's wife; sister-in-law	8	1
弓形	gōng xíng	circular segment	8	1
弄巧成拙	nòng qiǎo chéng zhuō	to overreach oneself	8	1
开矿	kāi kuàng	to mine; to open a seam	8	1
开价	kāi jià	to quote a price; seller's first offer	8	1
庶几	shù jī	(literary) similar; almost; (literary) if only; it is to be hoped that	8	1
废渣	fèi zhā	industrial waste product; slag	8	1
干休	gān xiū	to let matters rest	8	1
工棚	gōng péng	temporary construction-site shed (sometimes used as workers' accommodation)	8	1
家母	jiā mǔ	(polite) my mother	8	1
宫观	gōng guàn	Taoist temple	8	1
官能	guān néng	organic function; physical faculty; sense (of sight, hearing, smell etc)	8	1
完满	wán mǎn	successful; satisfactory	8	1
孩子气	hái zi qì	boyish; childish; childishness	8	1
学以致用	xué yǐ zhì yòng	(idiom) to study sth in order to apply it	8	1
孤傲	gū ào	proud and aloof	8	1
好大喜功	hào dà xǐ gōng	to rejoice in grandiose deeds; to strive to achieve extraordinary things	8	1
套管	tào guǎn	pipe casing	8	1
头寸	tóu cùn	(finance) cash position; position	8	1
天父	tiān fù	Heavenly Father	8	1
大动干戈	dà dòng gān gē	lit. to go to war (idiom); fig. to make a big fuss over sth	8	1
壁厢	bì xiāng	lateral; side; to the side	8	1
墓志	mù zhì	inscribed stone tablet placed in a tomb; memorial inscription on such a tablet	8	1
坐禅	zuò chán	to sit in meditation; to meditate	8	1
地级	dì jí	(administrative) prefecture-level	8	1
因由	yīn yóu	reason; cause; predestined relationship (Buddhism)	8	1
各样	gè yàng	many different types	8	1
叶面	yè miàn	leaf surface	8	1
只字不提	zhī zì bù tí	(idiom) to say not a single word about it	8	1
反作用力	fǎn zuò yòng lì	(physics) reaction force	8	1
双管齐下	shuāng guǎn qí xià	lit. to paint holding two brushes (idiom); fig. to work on two tasks at the same time	8	1
双曲	shuāng qū	hyperbola; hyperbolic (function)	8	1
厚朴	hòu pò	magnolia bark (bark of Magnolia officinalis)	8	1
厌食	yàn shí	anorexia	8	1
厉行	lì xíng	to do (sth) with rigor; rigorously	8	1
化学分析	huà xué fēn xī	chemical analysis	8	1
勤勤恳恳	qín qín kěn kěn	industrious and conscientious; assiduous	8	1
勒死	lēi sǐ	to strangle	8	1
力排众议	lì pái zhòng yì	to stand one's ground against the opinion of the masses (idiom)	8	1
制伏	zhì fú	to overpower; to overwhelm; to subdue	8	1
分则	fēn zé	specific provisions (based on general regulations)	8	1
出轨	chū guǐ	to be derailed; to go off the rails; (fig.) to overstep the bounds	8	1
凶器	xiōng qì	lethal weapon; murder weapon	8	1
凑趣	còu qù	to comply in order to please others; to accommodate sb else's taste	8	1
减速器	jiǎn sù qì	moderator; reducer (mechanical gearbox)	8	1
写手	xiě shǒu	person who writes articles - newspapers, magazines, blogs (informal)	8	1
兽性	shòu xìng	brutal	8	1
六旬	liù xún	60 years; one's sixties; 60 days	8	1
公粮	gōng liáng	grain collected by the government as tax	8	1
兄嫂	xiōng sǎo	elder brother and his wife	8	1
修订本	xiū dìng běn	revised edition (of a book)	8	1
信鸽	xìn gē	homing pigeon; carrier pigeon	8	1
保释	bǎo shì	to release on bail; to bail	8	1
保藏	bǎo cáng	to keep in store; to preserve	8	1
保税区	bǎo shuì qū	duty-free district; tariff-free zone; bonded area	8	1
保护神	bǎo hù shén	patron saint; guardian angel	8	1
会堂	huì táng	meeting hall; assembly hall	8	1
众矢之的	zhòng shǐ zhī dì	lit. target of a multitude of arrows (idiom); the butt of public criticism	8	1
仙界	xiān jiè	world of the immortals; a fairyland; a paradise	8	1
介壳	jiè qiào	(zoology) shell	8	1
亘古	gèn gǔ	throughout time; from ancient times (up to the present)	8	1
举国上下	jǔ guó shàng xià	the entire nation	8	1
不识好歹	bù shí hǎo dǎi	unable to tell good from bad (idiom); undiscriminating	8	1
不偏不倚	bù piān bù yǐ	(idiom) even-handed; impartial; unbiased	8	1
万劫不复	wàn jié bù fù	consigned to eternal damnation; with no hope of reprieve	8	1
一线生机	yī xiàn shēng jī	(idiom) a chance of survival; a fighting chance; a ray of hope	8	1
一刻钟	yī kè zhōng	a quarter of an hour	8	1
鹰派	yīng pài	hawk faction (opposite: 鴿派, doves); fierce and combative party	8	1
驾机	jià jī	to fly an airplane	8	1
饱尝	bǎo cháng	to enjoy fully; to experience to the full over a long period	8	1
飞毛腿	fēi máo tuǐ	swift feet; fleet-footed runner	8	1
飞机票	fēi jī piào	air ticket	8	1
面壁	miàn bì	to face the wall; to sit facing the wall in meditation (Buddhism)	8	1
难闻	nán wén	unpleasant smell; stink	8	1
难懂	nán dǒng	difficult to understand	8	1
隔三差五	gé sān chà wǔ	(idiom) every few days; every once in a while	8	1
随波逐流	suí bō zhú liú	to drift with the waves and go with the flow (idiom); to follow the crowd blindly	8	1
长生不死	cháng shēng bù sǐ	immortality	8	1
长吁短叹	cháng xū duǎn tàn	long moan and short gasp (idiom); continually moaning and groaning in pain	8	1
链式反应	liàn shì fǎn yìng	chain reaction	8	1
重生	chóng shēng	to be reborn; rebirth	8	1
酬答	chóu dá	to thank with a gift	8	1
酒味	jiǔ wèi	smell of alcohol; flavoring of rum or other liquor in food	8	1
鄙弃	bǐ qì	to disdain; to loathe	8	1
避险	bì xiǎn	to flee from danger; to avoid danger; to minimize risk	8	1
逆风	nì fēng	to go against the wind; contrary wind; a headwind	8	1
追赠	zhuī zèng	to give to the departed; to confer (a title) posthumously	8	1
追诉	zhuī sù	to prosecute; given leave to sue	8	1
进项	jìn xiang	income; receipts; earnings; revenue	8	1
进口商	jìn kǒu shāng	importer; import business	8	1
跑警报	pǎo jǐng bào	to run for shelter	8	1
起誓	qǐ shì	to vow; to swear an oath	8	1
赶明儿	gǎn míng r	(coll.) some day; one of these days	8	1
赴约	fù yuē	to keep an appointment	8	1
赏析	shǎng xī	understanding and enjoying (a work of art)	8	1
贵妇人	guì fù rén	dame	8	1
象限	xiàng xiàn	(math.) quadrant (of the coordinate plane)	8	1
谋利	móu lì	to make a profit; to gain; to get an advantage	8	1
调升	diào shēng	to promote	8	1
课时	kè shí	class; period	8	1
译音	yì yīn	phonetic transcription; transliteration	8	1
讲明	jiǎng míng	to explain	8	1
记恨	jì hèn	to bear grudges	8	1
讨要	tǎo yào	to insistently ask for; to demand	8	1
解嘲	jiě cháo	to try to cover up in an embarrassing situation; to justify oneself	8	1
见机行事	jiàn jī xíng shì	to play it by ear; to use one's discretion	8	1
西装革履	xī zhuāng gé lǚ	dressed in Western-style clothes; impeccably attired	8	1
蜡质	là zhì	waxiness	8	1
蛇形	shé xíng	S-shaped; serpentine; coiled like a snake	8	1
虚惊	xū jīng	false alarm; panic rumor	8	1
荷包蛋	hé bāo dàn	poached egg; egg fried on both sides	8	1
荧光灯	yíng guāng dēng	a fluorescent light; a fluorescent lamp	8	1
良缘	liáng yuán	good karma; opportune connection with marriage partner	8	1
舞台剧	wǔ tái jù	stage play	8	1
致命伤	zhì mìng shāng	mortal wound; (fig.) fatal weakness; Achilles' heel	8	1
自然语言	zì rán yǔ yán	natural language	8	1
自封	zì fēng	to proclaim oneself (sth); to give oneself the title of; self-appointed	8	1
育儿	yù ér	to raise a child	8	1
肢解	zhī jiě	to dismember; (fig.) to break into parts	8	1
聚首	jù shǒu	to gather; to meet	8	1
翻山越岭	fān shān yuè lǐng	lit. to pass over mountain ridges (idiom); fig. hardships of the journey	8	1
绝杀	jué shā	to deal the fatal blow (sports, chess etc); to score the winning point	8	1
细菌武器	xì jūn wǔ qì	biological weapon (using germs)	8	1
纸老虎	zhǐ lǎo hǔ	paper tiger	8	1
纸箱	zhǐ xiāng	carton; cardboard box	8	1
纳妾	nà qiè	to take a concubine	8	1
红霉素	hóng méi sù	(pharmacology) erythromycin	8	1
粪土	fèn tǔ	dirty soil; dung and dirt; (fig.) worthless thing	8	1
简报	jiǎn bào	presentation; briefing; (oral or written) brief report	8	1
等价交换	děng jià jiāo huàn	equal-value exchange	8	1
站队	zhàn duì	to line up; to stand in line	8	1
空载	kōng zài	(of a ship, train etc) not carrying any load (i.e. no passengers or freight etc)	8	1
空穴来风	kōng xué lái fēng	lit. wind from an empty cave (idiom); fig. unfounded (story)	8	1
空壳	kōng ké	empty shell	8	1
稳如泰山	wěn rú tài shān	steady as Mt Tai; as safe as houses	8	1
神曲	shén qū	medicated leaven (used in TCM to treat indigestion)	8	1
礼拜堂	lǐ bài táng	chapel; church (Protestant)	8	1
相左	xiāng zuǒ	to fail to meet each other; to conflict with each other	8	1
盆栽	pén zāi	to grow (a plant) in a pot	8	1
百灵	bǎi líng	lark (bird of family Alaudidae)	8	1
痛觉	tòng jué	sense of pain	8	1
畜力	chù lì	animal power; animal-drawn (plow etc)	8	1
画幅	huà fú	painting; picture; dimension of a painting	8	1
男工	nán gōng	male worker	8	1
琴棋书画	qín qí shū huà	(idiom) the four arts of the Chinese scholar (guqin, Go, calligraphy and painting); (by extension) the accomplishments of a well-educated person	8	1
玻色子	bō sè zǐ	boson (particle physics)	8	1
玩世不恭	wán shì bù gōng	to trifle without respect (idiom); to despise worldly conventions	8	1
状告	zhuàng gào	to sue; to take to court; to file a lawsuit	8	1
牢笼	láo lóng	cage; trap (e.g. basket, pit or snare for catching animals)	8	1
牙科	yá kē	dentistry	8	1
爵士乐	jué shì yuè	jazz (loanword)	8	1
烧灼	shāo zhuó	to burn; to scorch	8	1
炒鸡蛋	chǎo jī dàn	scrambled eggs	8	1
火舌	huǒ shé	tongue of flame	8	1
滋扰	zī rǎo	to cause trouble; to provoke a dispute	8	1
混合泳	hùn hé yǒng	medley (swimming)	8	1
涌流	yǒng liú	to gush; to spurt	8	1
洞府	dòng fǔ	cave dwelling; legendary abode of immortals	8	1
洗练	xǐ liàn	agile; nimble; deft	8	1
油菜花	yóu cài huā	rapeseed flower; canola flower	8	1
油污	yóu wū	greasy dirt; sludge (from an oil spill)	8	1
油亮	yóu liàng	glossy; shiny	8	1
污言秽语	wū yán huì yǔ	(idiom) filthy speech; obscenities	8	1
求同存异	qiú tóng cún yì	(idiom) to put aside differences and work together; to seek common ground and cooperate	8	1
正月初一	zhēng yuè chū yī	New Year's Day in the lunar calendar	8	1
档子	dàng zi	classifier for affairs, events etc	8	1
根底	gēn dǐ	foundation; grounding; background	8	1
核型	hé xíng	karyotype (genetics)	8	1
杂货店	zá huò diàn	grocery store; emporium	8	1
未卜	wèi bǔ	(literary) not yet divined; (of outcomes) uncertain; unknowable	8	1
有感	yǒu gǎn	to feel prompted by one's perception of sth	8	1
有去无回	yǒu qù wú huí	gone forever (idiom)	8	1
日夜兼程	rì yè jiān chéng	to travel day and night	8	1
族类	zú lèi	clan; race	8	1
断肢	duàn zhī	severed limb	8	1
文质彬彬	wén zhì bīn bīn	refined in manner; gentle	8	1
敬服	jìng fú	deference; esteem; to admire	8	1
教职员工	jiào zhí yuán gōng	teaching and administrative staff	8	1
救急	jiù jí	to provide emergency assistance	8	1
政治史	zhèng zhì shǐ	political history	8	1
揪斗	jiū dòu	to seize and subject to public criticism (form of persecution during the Cultural Revolution)	8	1
提琴	tí qín	instrument of the violin family (violin, viola, cello or double bass)	8	1
捡拾	jiǎn shí	to pick up; to gather	8	1
拼接	pīn jiē	to put together; to join	8	1
抹黑	mǒ hēi	to discredit; to defame; to smear sb's name	8	1
护肤	hù fū	skincare	8	1
抗税	kàng shuì	to refuse to pay taxes; to boycott taxes	8	1
抖落	dǒu luò	to shake out	8	1
房客	fáng kè	tenant	8	1
战力	zhàn lì	military strength; military power; military capability	8	1
成日	chéng rì	all day long; the whole day; the whole time	8	1
意蕴	yì yùn	inner meaning; implication; connotation	8	1
惫懒	bèi lǎn	listless; languid; slothful; indolent	8	1
情投意合	qíng tóu yì hé	(idiom) to have an affinity with each other; to find each other congenial	8	1
悲痛欲绝	bēi tòng yù jué	(idiom) to be overcome with grief	8	1
悬崖勒马	xuán yá lè mǎ	lit. to rein in the horse at the edge of the precipice (idiom)	8	1
性高潮	xìng gāo cháo	orgasm; climax	8	1
急转直下	jí zhuǎn zhí xià	to develop rapidly after abrupt turn (idiom); dramatic change	8	1
怀才不遇	huái cái bù yù	to have talent but no opportunity (idiom); to be an unrecognized talent	8	1
心肌炎	xīn jī yán	myocarditis	8	1
心悦诚服	xīn yuè chéng fú	to submit cheerfully; to accept willingly (idiom)	8	1
引火	yǐn huǒ	to kindle; to light a fire	8	1
开立	kāi lì	to set up; to open (an account, a branch store etc)	8	1
年金	nián jīn	annuity; pension; superannuation	8	1
平身	píng shēn	You may rise.	8	1
工时	gōng shí	man-hour	8	1
崩裂	bēng liè	to rupture; to burst open; to break up	8	1
岩屑	yán xiè	(rock) debris; scree	8	1
寸草不生	cùn cǎo bù shēng	(idiom) barren; devoid of vegetation	8	1
寝食难安	qǐn shí nán ān	(lit.) unable to sleep or eat in peace (idiom)	8	1
客气话	kè qi huà	words of politeness; politesse; decorous talking	8	1
实打实	shí dǎ shí	(coll.) rock-solid; no-nonsense; undeniably genuine (esp. of skills, effort, performance or service)	8	1
定约	dìng yuē	to conclude a treaty; to make an agreement; contract (at bridge)	8	1
定时炸弹	dìng shí zhà dàn	time bomb	8	1
官印	guān yìn	official seal	8	1
嫌疑犯	xián yí fàn	a suspect	8	1
姑婆	gū pó	grandfather's sister; sister of a woman's father-in-law	8	1
姑丈	gū zhàng	husband of paternal aunt	8	1
妖气	yāo qì	sinister appearance; monster-like appearance	8	1
女贞	nǚ zhēn	privet (genus Ligustrum)	8	1
女装	nǚ zhuāng	women's clothes	8	1
天伦之乐	tiān lún zhī lè	family love and joy; domestic bliss	8	1
大行其道	dà xíng qí dào	rampant; very popular	8	1
大写	dà xiě	capital letters; uppercase letters; block letters	8	1
增兵	zēng bīng	to reinforce; to increase troop numbers; reinforcements	8	1
地震学	dì zhèn xué	seismology; science of earthquakes	8	1
国资	guó zī	state-owned capital (abbr. for 國有資本)	8	1
国破家亡	guó pò jiā wáng	the country ruined and the people starving (idiom)	8	1
因数	yīn shù	factor (of an integer); divisor	8	1
喷嘴	pēn zuǐ	nozzle; extrusion nozzle	8	1
哪门子	nǎ mén zi	(coll.) (emphasizing a rhetorical question) what; what kind	8	1
哀鸣	āi míng	(of animals, the wind etc) to make a mournful sound; whine; moan; wail	8	1
哀号	āi háo	to wail; to cry piteously (variant of 哀嚎)	8	1
咬定	yǎo dìng	to assert; to insist that	8	1
呆账	dāi zhàng	bad debt	8	1
吹熄	chuī xī	to blow out (a flame)	8	1
吸声	xī shēng	sound absorption	8	1
各抒己见	gè shū jǐ jiàn	everyone gives their own view	8	1
叶轮	yè lún	turbine wheel	8	1
古板	gǔ bǎn	outmoded; old-fashioned; inflexible	8	1
发胀	fā zhàng	to swell up; swelling	8	1
单杠	dān gàng	bar; bold line; horizontal bar (gymnastics event)	8	1
千瓦时	qiān wǎ shí	kilowatt-hour	8	1
劳心	láo xīn	to work with one's brains; to rack one's brains; to worry	8	1
劣等	liè děng	poor-quality; inferior	8	1
功成名就	gōng chéng míng jiù	to win success and recognition (idiom)	8	1
割草	gē cǎo	mow grass	8	1
前臂	qián bì	forearm	8	1
刚劲	gāng jìng	bold; vigorous	8	1
切切	qiè qiè	urgently; eagerly; worried	8	1
分装	fēn zhuāng	to divide into portions; to package in smaller quantities	8	1
出航	chū háng	to set out (on a trip)	8	1
冷面	lěng miàn	grim; stern; harsh	8	1
军品	jūn pǐn	product for military use	8	1
再嫁	zài jià	(of woman) to remarry	8	1
内质网	nèi zhì wǎng	endoplasmic reticulum (ER)	8	1
内敛	nèi liǎn	introverted; reserved; (artistic style) understated	8	1
内忧外患	nèi yōu wài huàn	internal trouble and outside aggression (idiom); in a mess both domestically and abroad	8	1
六家	liù jiā	Six schools of pre-Han philosophy, as analyzed by 司馬談 (儒家, 道家, 陰陽, 法家, 名家, and 墨家)	8	1
假释	jiǎ shì	parole	8	1
倒刺	dào cì	barb; barbed tip (e.g. of fishhook)	8	1
倍率	bèi lǜ	(optics) magnifying power	8	1
传习	chuán xí	teaching and learning; to study and impart	8	1
亭台楼阁	tíng tái lóu gé	pavilions and kiosks (in Chinese gardens)	8	1
云烟	yún yān	mist; clouds; smoke	8	1
争持	zhēng chí	to refuse to concede; not to give in	8	1
乱来	luàn lái	to act recklessly; to mess around	8	1
乘数	chéng shù	multiplier	8	1
乐理	yuè lǐ	music theory	8	1
与人为善	yǔ rén wéi shàn	to be of service to others; to help others; benevolent	8	1
不识时务	bù shí shí wù	to show no understanding of the times (idiom); cannot adapt to current circumstances	8	1
不甘示弱	bù gān shì ruò	(idiom) not to be outdone	8	1
不义之财	bù yì zhī cái	ill-gotten wealth or gains	8	1
下挫	xià cuò	(of sales, prices etc) to fall; to drop; decline	8	1
三流	sān liú	third-rate; inferior	8	1
七情	qī qíng	seven emotional states	8	1
一锤定音	yī chuí dìng yīn	lit. to fix the tone with a single hammer blow	8	1
一钱不值	yī qián bù zhí	(idiom) not worth a penny; utterly worthless	8	1
鼓胀	gǔ zhàng	to swell; tympanites	8	1
黑白分明	hēi bái fēn míng	lit. black and white clearly contrasted (idiom)	8	1
黑灯瞎火	hēi dēng xiā huǒ	pitch dark	8	1
鸡巴	jī ba	dick; penis (vulgar)	8	1
鬼使神差	guǐ shǐ shén chāi	demons and gods at work (idiom); unexplained event crying out for a supernatural explanation	8	1
驳壳枪	bó ké qiāng	Mauser pistol	8	1
首季	shǒu jì	first season; first quarter	8	1
风雨飘摇	fēng yǔ piāo yáo	tossed about by the wind and rain (idiom); (of a situation) unstable	8	1
风花雪月	fēng huā xuě yuè	wind, flower, snow and moon, trite poetry subject (idiom); effete language without substance	8	1
风势	fēng shì	(literary) strength and direction of the wind	8	1
颠沛流离	diān pèi liú lí	homeless and miserable (idiom); to wander about in a desperate plight	8	1
预防性	yù fáng xìng	prophylactic; preventative; protective	8	1
鞋带	xié dài	shoelace	8	1
震耳	zhèn ěr	ear-splitting	8	1
集束	jí shù	to cluster	8	1
陶瓷器	táo cí qì	pottery; chinaware	8	1
除名	chú míng	to strike off (the rolls); to remove from a list; to expunge	8	1
闪石	shǎn shí	amphibole (silicate rock-forming mineral)	8	1
镜像	jìng xiàng	mirror image	8	1
铸就	zhù jiù	to cast; to forge; to form	8	1
造物	zào wù	luck; to create the universe; god (as the creator of all things)	8	1
通宵达旦	tōng xiāo dá dàn	overnight until daybreak (idiom); all night long; day and night	8	1
递送	dì sòng	to send (a message); to deliver	8	1
退市	tuì shì	to be delisted (of a listed stock); to exit the market	8	1
运价	yùn jià	fare; transport cost	8	1
过继	guò jì	to adopt; to give for adoption (usually to a childless relative)	8	1
路障	lù zhàng	roadblock; barricade	8	1
超时	chāo shí	to exceed the time limit; (to work) overtime; (computing) timeout	8	1
趁热打铁	chèn rè dǎ tiě	to strike while the iron is hot	8	1
赔偿金	péi cháng jīn	compensation	8	1
赔付	péi fù	to pay out; to compensate; (insurance) payment	8	1
谋计	móu jì	stratagem; scheme	8	1
读研	dú yán	to attend graduate school	8	1
语义学	yǔ yì xué	semantics	8	1
详实	xiáng shí	detailed and reliable; full and accurate	8	1
诗情画意	shī qíng huà yì	picturesque charm; idyllic appeal; poetic grace	8	1
评介	píng jiè	to review (a book)	8	1
认账	rèn zhàng	to own up to a fault; to admit the truth; to acknowledge a debt	8	1
警句	jǐng jù	aphorism	8	1
解气	jiě qì	to assuage one's anger	8	1
蓬乱	péng luàn	matted (of straw or hair); unkempt; overgrown	8	1
苋菜	xiàn cài	amaranth greens (genus Amaranthus)	8	1
花炮	huā pào	firecracker	8	1
船票	chuán piào	ship ticket	8	1
致畸	zhì jī	producing abnormality; leading to malformation; teratogenic	8	1
臊子	sào zi	(dialect) minced or diced meat (as part of a dish)	8	1
脱俗	tuō sú	free from vulgarity; refined; outstanding	8	1
脚踏车	jiǎo tà chē	(Tw) bicycle; bike	8	1
胜似	shèng sì	to surpass; better than; superior to	8	1
肠壁	cháng bì	wall of intestine; lining of gut	8	1
肌理	jī lǐ	texture (of skin, surface etc)	8	1
肉桂	ròu guì	Chinese cinnamon (Cinnamomum cassia)	8	1
聚积	jù jī	to accumulate; to collect; to build up	8	1
耸肩	sǒng jiān	to shrug one's shoulders	8	1
耍弄	shuǎ nòng	to play with; to engage in; to resort to	8	1
置身事外	zhì shēn shì wài	(idiom) not to get involved; to stay out of it	8	1
编译器	biān yì qì	compiler	8	1
缉毒	jī dú	to counter narcotics trafficking; drug enforcement	8	1
绿油油	lǜ yóu yóu	lush green; verdant	8	1
续集	xù jí	sequel; next episode (of TV series etc)	8	1
结账	jié zhàng	to settle accounts; to pay the bill	8	1
经济体	jīng jì tǐ	an economy; a country (or region etc) viewed as an economic entity	8	1
纯利	chún lì	net profit	8	1
简本	jiǎn běn	concise edition; abridged edition	8	1
私欲	sī yù	selfish desire	8	1
礼金	lǐ jīn	monetary gift	8	1
硬气	yìng qì	firm; unyielding; strong-willed	8	1
瞻前顾后	zhān qián gù hòu	lit. to look forward and back (idiom)	8	1
睡莲	shuì lián	water lily	8	1
眼明手快	yǎn míng shǒu kuài	sharp-sighted and deft	8	1
真性	zhēn xìng	real; the nature of sth	8	1
省吃俭用	shěng chī jiǎn yòng	(idiom) to live frugally	8	1
直角坐标	zhí jiǎo zuò biāo	rectangular coordinates; Cartesian coordinates	8	1
疯牛病	fēng niú bìng	mad cow disease (bovine spongiform encephalopathy)	8	1
电闪	diàn shǎn	lightning flashes	8	1
电光石火	diàn guāng shí huǒ	(idiom) in a flash; fleeting; momentary	8	1
瑞气	ruì qì	propitious vapours	8	1
现如今	xiàn rú jīn	nowadays; now	8	1
玉米面	yù mǐ miàn	cornmeal; maize flour	8	1
献丑	xiàn chǒu	(used self-deprecatingly, e.g. when asked to sing a song) to put one's artistic incompetence on display	8	1
特征值	tè zhēng zhí	(math.) eigenvalue	8	1
特异功能	tè yì gōng néng	supernatural power; extrasensory perception	8	1
特出	tè chū	outstanding; prominent	8	1
爱意	ài yì	love	8	1
点化	diǎn huà	magic transformation performed by Daoist immortal; fig. to reveal	8	1
灶间	zào jiān	(dialect) kitchen	8	1
灰质	huī zhì	(anatomy) gray matter	8	1
漏网之鱼	lòu wǎng zhī yú	(lit.) a fish that escaped the net (idiom)	8	1
滞销	zhì xiāo	to sell poorly; unmarketable; slow-moving (product, inventory etc)	8	1
温床	wēn chuáng	hotbed; breeding ground; fig. breeding ground for crimes or sedition	8	1
淘汰赛	táo tài sài	a knockout competition	8	1
淋湿	lín shī	to get soaked	8	1
活度	huó dù	activity	8	1
洁身自好	jié shēn zì hào	clean-living and honest (idiom); to avoid immorality	8	1
法线	fǎ xiàn	(geometry) normal line	8	1
河槽	hé cáo	river bed; channel	8	1
沟槽	gōu cáo	groove; furrow; trench	8	1
沉住气	chén zhù qì	to keep cool; to stay calm	8	1
水箱	shuǐ xiāng	water tank; radiator (automobile); cistern	8	1
气溶胶	qì róng jiāo	aerosol	8	1
死水	sǐ shuǐ	stagnant water; backwater	8	1
正负电子	zhèng fù diàn zǐ	positrons and electrons	8	1
正传	zhèng zhuàn	main subject of long novel; true biography	8	1
橡胶树	xiàng jiāo shù	rubber tree	8	1
植树造林	zhí shù zào lín	afforestation	8	1
核糖体	hé táng tǐ	ribosome	8	1
机关枪	jī guān qiāng	machine gun; also written 機槍	8	1
显灵	xiǎn líng	(of a supernatural or divine being) to appear; to make itself manifest	8	1
显像	xiǎn xiàng	to form a picture; to develop a photo; to visualize	8	1
春水	chūn shuǐ	(literary) the water in rivers, lakes etc during spring, esp. after snowmelt or spring rains	8	1
旧年	jiù nián	last year; the Chinese New Year (i.e. the new year in the old calendar)	8	1
旦角	dàn jué	dan, female roles in Chinese opera (traditionally played by specialized male actors)	8	1
无坚不摧	wú jiān bù cuī	no stronghold one cannot overcome (idiom); to conquer every obstacle	8	1
无可非议	wú kě fēi yì	irreproachable (idiom); nothing blameworthy about it at all	8	1
无人不知	wú rén bù zhī	known to everybody	8	1
斗气	dòu qì	to have a grudge against	8	1
整地	zhěng dì	to prepare the soil (agriculture)	8	1
敢作敢为	gǎn zuò gǎn wéi	(idiom) to stop at nothing; to dare to do anything	8	1
撰述	zhuàn shù	to compose (a piece of writing); to write; (written) work	8	1
撕心裂肺	sī xīn liè fèi	in unbearable anguish; agonizing	8	1
摸爬滚打	mō pá gǔn dǎ	to go through challenging experiences	8	1
掺假	chān jiǎ	to mix in fake material; to adulterate	8	1
指南车	zhǐ nán chē	a mechanical compass invented by Zu Chongzhi 祖沖之	8	1
拳师	quán shī	boxing coach; pugilist master	8	1
拉拉扯扯	lā lā chě chě	to tug at; to pull at sb aggressively	8	1
报批	bào pī	to report for criticism; to submit for approval to higher authority	8	1
承揽	chéng lǎn	to contract for an entire project	8	1
执迷	zhí mí	to be obsessive; to persist obstinately	8	1
托儿所	tuō ér suǒ	nursery	8	1
打闹	dǎ nào	to quarrel; to squabble	8	1
才女	cái nǚ	talented girl	8	1
成风	chéng fēng	to become a common practice; to become a trend	8	1
成仙	chéng xiān	(Taoism) to become an immortal	8	1
慢腾腾	màn téng téng	leisurely; unhurried; sluggish	8	1
愧色	kuì sè	ashamed look	8	1
感怀	gǎn huái	to recall with emotion; to feel sentiments	8	1
悄悄话	qiāo qiao huà	whisperings; private words; confidences	8	1
怪僻	guài pì	eccentric; peculiar	8	1
怎么得了	zěn me dé liǎo	how can this be?; what's to be done?; what an awful mess!	8	1
彩色电视	cǎi sè diàn shì	color television	8	1
彩礼	cǎi lǐ	betrothal gift; bride price	8	1
幸事	xìng shì	sth fortunate; a lucky chance	8	1
并处	bìng chǔ	to impose an additional penalty	8	1
年刊	nián kān	an annual; a yearbook	8	1
年久失修	nián jiǔ shī xiū	old and in a state of disrepair (idiom); dilapidated	8	1
平淡无奇	píng dàn wú qí	ordinary and mediocre (idiom); nothing to write home about	8	1
平平常常	píng píng cháng cháng	nothing out of the ordinary; unglamorous	8	1
干妈	gān mā	adoptive mother (traditional adoption, i.e. without legal ramifications)	8	1
崇奉	chóng fèng	to believe in (a deity or other supernatural being); to worship	8	1
岛链	dǎo liàn	island chain	8	1
居间	jū jiān	positioned between (two parties); to mediate between	8	1
尽孝	jìn xiào	to do one's filial duty	8	1
小媳妇	xiǎo xí fu	young married woman; mistress; (fig.) punching bag	8	1
小半	xiǎo bàn	a portion smaller than a half; the lesser part; the smaller part	8	1
封泥	fēng ní	sealing clay; lute	8	1
密不透风	mì bù tòu fēng	sealed off; impenetrable	8	1
宿营地	sù yíng dì	camp; campsite	8	1
定语	dìng yǔ	attributive (modifier)	8	1
定案	dìng àn	to reach a verdict; to conclude a judgment	8	1
定力	dìng lì	ability to concentrate; willpower; resolve	8	1
学报	xué bào	a scholarly journal; Journal, Bulletin etc	8	1
孤掌难鸣	gū zhǎng nán míng	It's hard to clap with only one hand.; It takes two to tango	8	1
媚眼	mèi yǎn	charming eyes; coquettish glances	8	1
婉言	wǎn yán	tactful; diplomatic; mild and indirect	8	1
婆姨	pó yí	(dialect) wife; married woman	8	1
失势	shī shì	to lose power and influence	8	1
大卡	dà kǎ	kilocalorie; big truck	8	1
外场	wài cháng	outside world; society	8	1
复本	fù běn	copy	8	1
增色	zēng sè	to enrich; to enhance; to beautify	8	1
基础课	jī chǔ kè	basic course; core curriculum	8	1
在所不辞	zài suǒ bù cí	not to refuse to (idiom); not to hesitate to	8	1
回波	huí bō	echo (e.g. radar); returning wave	8	1
四则运算	sì zé yùn suàn	the four basic operations of arithmetic (addition, subtraction, multiplication and division)	8	1
囚室	qiú shì	prison cell	8	1
喧腾	xuān téng	to make a tumult; hubbub; uproar	8	1
喜宴	xǐ yàn	wedding banquet	8	1
唯理论	wéi lǐ lùn	(philosophy) rationalism	8	1
售票处	shòu piào chù	ticket office	8	1
唬人	hǔ rén	to scare people; to bluff; to deceive	8	1
哑然失笑	yǎ rán shī xiào	to laugh involuntarily; Taiwan pr.	8	1
咸鱼	xián yú	salted fish	8	1
吹鼓手	chuī gǔ shǒu	(fig.) trumpeter of sb's praises; booster	8	1
吵吵嚷嚷	chǎo chǎo rǎng rǎng	to make an (unnecessary) racket (idiom)	8	1
后起之秀	hòu qǐ zhī xiù	(idiom) an up-and-coming youngster; new talent; a brilliant younger generation	8	1
口信	kǒu xìn	oral message	8	1
叛贼	pàn zéi	renegade; traitor	8	1
原配	yuán pèi	first wife	8	1
剖腹产	pōu fù chǎn	cesarean birth	8	1
前贤	qián xián	sages of the past; worthy predecessors	8	1
初秋	chū qiū	early autumn; 7th month of the lunar calendar	8	1
创可贴	chuāng kě tiē	band-aid; sticking plaster	8	1
刑律	xíng lǜ	criminal law	8	1
分时	fēn shí	time-sharing (shared use, e.g. of a holiday home)	8	1
减价	jiǎn jià	to cut prices; to discount; to mark down	8	1
凄婉	qī wǎn	melancholy; moving and sad; sweet and piteous	8	1
内皮	nèi pí	(med.) endothelium	8	1
兽医学	shòu yī xué	veterinary medicine; veterinary science	8	1
兵不血刃	bīng bù xuè rèn	lit. no blood on the men's swords (idiom); fig. an effortless victory	8	1
关子	guān zi	climax (in a story)	8	1
公论	gōng lùn	public opinion	8	1
僧俗	sēng sú	Buddhist monks and secular people	8	1
像章	xiàng zhāng	badge; insignia	8	1
储户	chǔ hù	(bank) depositor	8	1
偏头痛	piān tóu tòng	migraine	8	1
倚老卖老	yǐ lǎo mài lǎo	(idiom) to flaunt one's seniority; to rely on one's age or length of experience to control or belittle others	8	1
修士	xiū shì	member of religious order; frater	8	1
伤痕累累	shāng hén lěi lěi	cuts and bruises all over the body	8	1
传道	chuán dào	to lecture on doctrine; to expound the wisdom of ancient sages	8	1
伞形	sǎn xíng	umbrella-shaped	8	1
会议厅	huì yì tīng	conference hall	8	1
优生	yōu shēng	outstanding student	8	1
付钱	fù qián	to pay	8	1
仅此而已	jǐn cǐ ér yǐ	(idiom) that's all; just this and nothing more	8	1
亲密无间	qīn mì wú jiàn	(idiom) to have a very close relationship with each other	8	1
产房	chǎn fáng	delivery room (in hospital); labor ward	8	1
亡魂	wáng hún	soul of the deceased; departed spirit	8	1
二甲	èr jiǎ	2nd rank of candidates who passed the imperial examination (i.e. 4th place and up)	8	1
书函	shū hán	letter; correspondence; slipcase	8	1
习习	xí xí	(of the wind) blowing gently; abundant; flying	8	1
举凡	jǔ fán	such things as ...; examples including ... (etc); without exception	8	1
主刀	zhǔ dāo	to act as the chief surgeon; chief surgeon	8	1
业态	yè tài	(retail industry) format	8	1
不可胜数	bù kě shèng shǔ	countless; innumerable	8	1
不卑不亢	bù bēi bù kàng	neither servile nor overbearing (idiom)	8	1
不务正业	bù wù zhèng yè	not to engage in honest work; to ignore one's proper occupation	8	1
上架	shàng jià	to put goods on shelves; (of a product) to be available for sale	8	1
一览无余	yī lǎn wú yú	to cover all at one glance (idiom); a panoramic view	8	1
一中一台	yī zhōng yī tái	"one China, one Taiwan" – the notion that China and Taiwan are separate political entities	8	1
骤降	zhòu jiàng	to fall rapidly; to plummet	8	1
驱虫	qū chóng	to repel insects; to deworm	8	1
饶有兴趣	ráo yǒu xìng qù	engrossing	8	1
预演	yù yǎn	dummy run; to run through sth; to rehearse	8	1
阴司	yīn sī	hell; nether world	8	1
闲来无事	xián lái wú shì	at leisure; idle; to have nothing to do	8	1
链路	liàn lù	link	8	1
银盘	yín pán	silver plate; galactic disc	8	1
重构	chóng gòu	to reconstruct; reconstruction; (computing) refactoring	8	1
酵母菌	jiào mǔ jūn	yeast; saccharomycete	8	1
邮递员	yóu dì yuán	mailman	8	1
遗容	yí róng	the looks of the deceased (esp. in the context of paying one's respects)	8	1
迭代	dié dài	to iterate; (literary) to alternate	8	1
边角	biān jiǎo	edges and corners	8	1
辩护人	biàn hù rén	defender; defending counsel	8	1
跨学科	kuà xué kē	interdisciplinary	8	1
跑腿	pǎo tuǐ	to run errands	8	1
跑堂	pǎo táng	waiter (old)	8	1
起跑	qǐ pǎo	to start running; the start of a race	8	1
走马	zǒu mǎ	to ride (a horse); to go on horseback	8	1
赎金	shú jīn	ransom	8	1
财礼	cái lǐ	betrothal gift; bride price	8	1
话里有话	huà lǐ yǒu huà	one's words carry an implicit meaning	8	1
观众席	guān zhòng xí	audience seating area	8	1
装车	zhuāng chē	to load onto a vehicle	8	1
被保险人	bèi bǎo xiǎn rén	insured party; the person or entity covered under an insurance policy	8	1
衍变	yǎn biàn	to develop; to evolve	8	1
落第	luò dì	to fail an exam	8	1
苦功	kǔ gōng	hard work; laborious effort; painstaking work	8	1
航空站	háng kōng zhàn	air terminal	8	1
自燃	zì rán	spontaneous combustion	8	1
脉冲星	mài chōng xīng	pulsar (astronomy)	8	1
能说会道	néng shuō huì dào	can talk really well (idiom); the gift of the gab	8	1
职级	zhí jí	(job) position; level; grade	8	1
耳鼓	ěr gǔ	eardrum; tympanum (of the middle ear); tympanic membrane	8	1
耳膜	ěr mó	eardrum; tympanum (of the middle ear); tympanic membrane	8	1
美艳	měi yàn	beautiful and alluring; glamorous; gorgeous	8	1
缉拿	jī ná	to arrest; to seize	8	1
综艺	zōng yì	variety (entertainment format)	8	1
绕弯子	rào wān zi	lit. to go on a long detour	8	1
线性系统	xiàn xìng xì tǒng	linear system	8	1
纲纪	gāng jì	law and order	8	1
精神饱满	jīng shén bǎo mǎn	full of vigor (idiom); lively; in high spirits	8	1
精义	jīng yì	quintessence; essentials	8	1
簇新	cù xīn	brand-new; spanking new	8	1
笔头	bǐ tóu	ability to write; writing skill; written	8	1
程序性	chéng xù xìng	program	8	1
稀有气体	xī yǒu qì tǐ	rare gas; noble gas (chemistry)	8	1
离世	lí shì	(archaic) to live in seclusion; to pass away	8	1
祸首	huò shǒu	chief offender; main culprit	8	1
磨灭	mó miè	to obliterate; to erase	8	1
研修	yán xiū	to do research work; to engage in advanced studies	8	1
着凉	zháo liáng	to catch cold; Taiwan pr.	8	1
眼线	yǎn xiàn	informer; snitch; spy	8	1
眼疾手快	yǎn jí shǒu kuài	(idiom) quick to notice and react	8	1
省心	shěng xīn	to cause no trouble; to be spared worry; worry-free	8	1
直列	zhí liè	(of a connector etc) inline	8	1
盐井	yán jǐng	salt well; brine well dug for salt production	8	1
百合花	bǎi hé huā	lily; fig. pure and spotless person; virgin	8	1
画布	huà bù	canvas (artist's painting surface)	8	1
用脑	yòng nǎo	to undertake mental work	8	1
生员	shēng yuán	scholar preparing for imperial examinations (in former times)	8	1
瓜子脸	guā zǐ liǎn	oval face	8	1
玻璃钢	bō li gāng	glass-reinforced plastic; fiberglass	8	1
现款	xiàn kuǎn	cash	8	1
独步	dú bù	lit. walking alone; prominent; unrivalled	8	1
犯难	fàn nán	to feel embarrassed; to feel awkward	8	1
犬马之劳	quǎn mǎ zhī láo	lit. the service of a dog or a horse (idiom); fig. faithful service	8	1
牺牲者	xī shēng zhě	sb who sacrifices himself; sacrificial victim; sb who is expendable	8	1
牌九	pái jiǔ	pai gow (gambling game played with dominoes)	8	1
爱侣	ài lǚ	lovers	8	1
烹茶	pēng chá	to brew tea	8	1
热敷	rè fū	to apply a hot compress	8	1
炸裂	zhà liè	to burst; to explode; to rupture	8	1
炊事	chuī shì	cooking	8	1
火电	huǒ diàn	thermal power	8	1
游泳馆	yóu yǒng guǎn	indoor swimming pool; natatorium	8	1
清谈	qīng tán	light intellectual conversation	8	1
深仇大恨	shēn chóu dà hèn	(idiom) bitter hatred	8	1
涨停板	zhǎng tíng bǎn	daily upper limit on the price of a stock	8	1
活物	huó wù	living animals	8	1
油烟	yóu yān	soot; lampblack	8	1
汗颜	hàn yán	to blush with shame (literary)	8	1
水费	shuǐ fèi	water bill	8	1
气鼓鼓	qì gǔ gǔ	seething; fuming	8	1
横扫千军	héng sǎo qiān jūn	total annihilation	8	1
村舍	cūn shè	cottage	8	1
杂碎	zá sui	offal; cooked minced offal; chop suey (American Chinese dish)	8	1
有板有眼	yǒu bǎn yǒu yǎn	orderly; methodical; rhythmical	8	1
春汛	chūn xùn	spring flood	8	1
旗手	qí shǒu	a flag carrier (army); ensign	8	1
新造	xīn zào	newly made	8	1
断线	duàn xiàn	(of a guitar, kite etc) to have a string break	8	1
数据通信	shù jù tōng xìn	data communication	8	1
散碎	sǎn suì	in fragments	8	1
放血	fàng xiě	(TCM) to practice bloodletting; (medicine) to perform phlebotomy	8	1
放浪	fàng làng	unrestrained; dissolute; dissipated	8	1
改革者	gǎi gé zhě	reformer	8	1
接客	jiē kè	to receive guests; to receive patrons (of prostitutes)	8	1
探矿	tàn kuàng	to prospect; to dig for coal or minerals	8	1
挪开	nuó kāi	to move (sth) aside; to step aside	8	1
挥泪	huī lèi	to shed tears; to be all in tears	8	1
挂车	guà chē	trailer	8	1
拳头产品	quán tou chǎn pǐn	flagship product; star product	8	1
抽咽	chōu yè	to sob	8	1
投机取巧	tóu jī qǔ qiǎo	to gain advantage by any means, fair or foul; to be opportunistic; to be full of tricks	8	1
技术学校	jì shù xué xiào	vocational high school	8	1
承运人	chéng yùn rén	carrier (of goods etc)	8	1
扫雷艇	sǎo léi tǐng	minesweeper	8	1
打道回府	dǎ dào huí fǔ	to go home (in a ceremonial procession); to return home	8	1
打杂	dǎ zá	to do odd jobs; to do unskilled work	8	1
成组	chéng zǔ	to make up (out of components)	8	1
意识流	yì shí liú	stream of consciousness (in literature)	8	1
惊风	jīng fēng	infantile convulsion (illness affecting children esp. under the age of five, marked by muscular spasms)	8	1
总价	zǒng jià	total price	8	1
急难	jí nàn	misfortune; crisis; grave danger	8	1
心神不宁	xīn shén bù níng	to feel ill at ease	8	1
微词	wēi cí	veiled criticism	8	1
御厨	yù chú	imperial chef; imperial kitchen	8	1
延年益寿	yán nián yì shòu	(idiom) to prolong life; to extend lifespan	8	1
座无虚席	zuò wú xū xí	lit. a banquet with no empty seats; full house; capacity crowd	8	1
度数	dù shu	number of degrees; reading (on a meter); strength (alcohol, lenses etc)	8	1
应诺	yìng nuò	to agree (to do sth); to promise	8	1
帮帮忙	bāng bang máng	to help; to do a favor; (Shanghainese) Come on!	8	1
差数	chā shù	difference (the result of subtraction)	8	1
工蜂	gōng fēng	worker bee	8	1
实验所	shí yàn suǒ	laboratory; institute	8	1
定式	dìng shì	joseki (fixed opening pattern in go game)	8	1
宗主权	zōng zhǔ quán	suzerainty	8	1
安身立命	ān shēn lì mìng	(idiom) to settle down and pursue one's path in life	8	1
守旧派	shǒu jiù pài	person who sticks to old ways; traditionalist; a conservative	8	1
孩提	hái tí	(literary) infant; young child	8	1
委以重任	wěi yǐ zhòng rèn	(literary) to entrust (sb) with an important task	8	1
奋发图强	fèn fā tú qiáng	to work energetically for prosperity (of the country)	8	1
大虾	dà xiā	prawn; (Internet slang) expert; whiz	8	1
大快人心	dà kuài rén xīn	to the satisfaction of everyone	8	1
夜宵	yè xiāo	midnight snack	8	1
外型	wài xíng	external form	8	1
境内外	jìng nèi wài	within and without the borders; domestic and foreign; home and abroad	8	1
垃圾堆	lā jī duī	garbage heap	8	1
围堵	wéi dǔ	to blockade; to surround; to hem in	8	1
因果报应	yīn guǒ bào yìng	(Buddhism) retribution; karma	8	1
喉结	hóu jié	Adam's apple; laryngeal prominence	8	1
哺乳纲	bǔ rǔ gāng	Mammalia, the class of mammals	8	1
哗众取宠	huá zhòng qǔ chǒng	sensationalism; vulgar claptrap to please the crowds	8	1
哀歌	āi gē	mournful song; dirge; elegy	8	1
吸尘器	xī chén qì	vacuum cleaner	8	1
合作方	hé zuò fāng	(business) partner	8	1
叛离	pàn lí	to betray; to desert; to defect from	8	1
发急	fā jí	to fret; to get impatient; to become anxious	8	1
反式	fǎn shì	trans- (isomer) (chemistry)	8	1
双眼皮	shuāng yǎn pí	double eyelid	8	1
双关	shuāng guān	pun; play on words	8	1
厚颜无耻	hòu yán wú chǐ	shameless	8	1
单倍体	dān bèi tǐ	haploid (single chromosome)	8	1
升幅	shēng fú	extent of an increase; percentage rise	8	1
千恩万谢	qiān ēn wàn xiè	(idiom) to thank profusely; to express deep gratitude	8	1
化敌为友	huà dí wéi yǒu	to convert an enemy into a friend (idiom)	8	1
劫匪	jié fěi	bandit; robber	8	1
创办人	chuàng bàn rén	founder (of an institution etc)	8	1
划线	huà xiàn	to delineate; to draw a line; to underline	8	1
几案	jī àn	long narrow table	8	1
准星	zhǔn xīng	front sight (firearms); the zero point indicator marked on a steelyard	8	1
冲垮	chōng kuǎ	to burst; to break through; to topple	8	1
兼容并包	jiān róng bìng bāo	to include and monopolize many things; all-embracing	8	1
公文包	gōng wén bāo	briefcase; attaché case	8	1
公事公办	gōng shì gōng bàn	to do things in a strictly businesslike manner (idiom)	8	1
光怪陆离	guāng guài lù lí	monstrous and multicolored; grotesque and variegated	8	1
光导纤维	guāng dǎo xiān wéi	optical fiber	8	1
借记卡	jiè jì kǎ	debit card	8	1
修辞学	xiū cí xué	rhetoric	8	1
修业	xiū yè	to study at school	8	1
保护者	bǎo hù zhě	protector	8	1
俗套	sú tào	conventional patterns; cliché	8	1
便血	biàn xiě	having blood in one's stool	8	1
传送带	chuán sòng dài	conveyor belt; transmission belt	8	1
会阴	huì yīn	perineum	8	1
仿制品	fǎng zhì pǐn	counterfeit object; fake	8	1
仇杀	chóu shā	to kill in revenge	8	1
云气	yún qì	mist	8	1
为时过早	wéi shí guò zǎo	premature; too soon	8	1
为人师表	wéi rén shī biǎo	to serve as a model for others (idiom); to be a worthy teacher	8	1
专案	zhuān àn	project	8	1
不赖	bù lài	(coll.) not bad; good; fine	8	1
上菜	shàng cài	to serve food	8	1
万家灯火	wàn jiā dēng huǒ	(of a city etc) ablaze with lights	8	1
七情六欲	qī qíng liù yù	(idiom) various emotions and desires	8	1
一以贯之	yī yǐ guàn zhī	(idiom) (of a principle, purpose etc) consistently upheld; adhered to from beginning to end	8	1
魔爪	mó zhǎo	evil clutches; claws	8	1
骂名	mà míng	infamy; blackened name	8	1
颗粒物	kē lì wù	particulate matter (PM)	8	1
领馆	lǐng guǎn	consulate; consular official	8	1
预热	yù rè	to preheat; (fig.) to warm up; to prepare for	8	1
颁赐	bān cì	to award (a medal etc)	8	1
青黄不接	qīng huáng bù jiē	lit. yellow does not reach green (idiom); the yellow autumn crop does not last until the green spring crop	8	1
集约	jí yuē	intensive	8	1
隔世	gé shì	separated by a generation; a lifetime ago	8	1
降伏	xiáng fú	to subdue; to vanquish; to tame	8	1
阴差阳错	yīn chā yáng cuò	(idiom) due to an unexpected turn of events	8	1
闲坐	xián zuò	to sit around; to sit idly	8	1
铺排	pū pái	to arrange	8	1
银白	yín bái	silver white	8	1
钻心	zuān xīn	to sneak in; to infiltrate; to be piercingly painful	8	1
针孔	zhēn kǒng	pinhole	8	1
重蹈覆辙	chóng dǎo fù zhé	lit. to follow in the tracks of an overturned cart (idiom)	8	1
酒肴	jiǔ yáo	wine and meat; food and drink	8	1
部首	bù shǒu	radical of a Chinese character	8	1
遥控器	yáo kòng qì	a remote control	8	1
遗赠	yí zèng	to bequeath	8	1
速记	sù jì	shorthand	8	1
逆时针	nì shí zhēn	anticlockwise; counterclockwise	8	1
进益	jìn yì	income; (literary) improvement; progress	8	1
载弹量	zài dàn liàng	payload	8	1
轮转	lún zhuàn	to rotate	8	1
轮班	lún bān	shift working	8	1
车手	chē shǒu	racing driver (in a car race); rider (in a motorcycle or bicycle race)	8	1
身板	shēn bǎn	body; physique; physical condition	8	1
路演	lù yǎn	road show or promotional tour (for a product etc)	8	1
跪伏	guì fú	to crouch (of animal)	8	1
超导电性	chāo dǎo diàn xìng	(physics) superconductivity	8	1
趁火打劫	chèn huǒ dǎ jié	(lit.) to loot a burning house (idiom)	8	1
调味料	tiáo wèi liào	seasoning; condiment; flavoring	8	1
课桌	kè zhuō	school desk	8	1
说客	shuì kè	(fig.) lobbyist; go-between; mouthpiece	8	1
误读	wù dú	to misread; (fig.) to misunderstand; to misinterpret	8	1
训令	xùn lìng	order; instruction	8	1
讨还	tǎo huán	to ask for sth back; to recover	8	1
警报器	jǐng bào qì	siren	8	1
警惕性	jǐng tì xìng	vigilance; alertness	8	1
言重	yán zhòng	to speak seriously; to exaggerate	8	1
裤腰带	kù yāo dài	waistband	8	1
裂解	liè jiě	pyrolysis; splitting (chemistry)	8	1
行列式	háng liè shì	determinant (math.)	8	1
血肿	xuè zhǒng	hematoma; swelling of soft tissue due to internal hemorrhage	8	1
蜂王	fēng wáng	queen bee	8	1
蜂拥而至	fēng yōng ér zhì	to arrive in huge numbers; to flock there	8	1
获得性	huò dé xìng	acquired (i.e. not inborn)	8	1
茶缸	chá gāng	mug	8	1
茅厕	máo si	(dialect) latrine	8	1
范式	fàn shì	paradigm	8	1
若然	ruò rán	if; if so	8	1
色觉	sè jué	color vision	8	1
良马	liáng mǎ	good horse	8	1
良性肿瘤	liáng xìng zhǒng liú	benign tumor	8	1
臂力	bì lì	arm strength	8	1
胸围	xiōng wéi	chest measurement; bust	8	1
胜诉	shèng sù	to win a court case	8	1
胜率	shèng lǜ	(sports) win rate; winning percentage; probability of winning	8	1
胆结石	dǎn jié shí	gallstone	8	1
耳道	ěr dào	(anatomy) ear canal	8	1
群英会	qún yīng huì	distinguished gathering; a meeting of heroes	8	1
缺货	quē huò	lack of supplies; unavailable goods	8	1
结队	jié duì	to troop (of soldiers etc); convoy	8	1
结缘	jié yuán	to form ties; to become attached (to sb, sth)	8	1
结构主义	jié gòu zhǔ yì	structuralism	8	1
结婚证	jié hūn zhèng	marriage certificate	8	1
组队	zǔ duì	to team up (with); to put a team together	8	1
繁花	fán huā	flourishing blossom; a mass of flowers; luxuriant flowers	8	1
紫砂壶	zǐ shā hú	zisha teapot; Yixing teapot	8	1
移师	yí shī	to move troops to; (fig.) to move to; to shift to	8	1
称心如意	chèn xīn rú yì	(idiom) after one's own heart; gratifying; satisfactory; everything one could wish	8	1
积怨	jī yuàn	grievance; accumulated rancor	8	1
私底下	sī dǐ xia	privately; secretly; confidentially	8	1
私企	sī qǐ	private enterprise; abbr. of 私營企業	8	1
祭仪	jì yí	sacrificial ceremony; sacrificial offering	8	1
祖居	zǔ jū	former residence; one's original home	8	1
礼让	lǐ ràng	to show consideration for (others); to yield to (another vehicle etc)	8	1
破晓	pò xiǎo	daybreak; dawn	8	1
矢口否认	shǐ kǒu fǒu rèn	to deny flatly	8	1
盗卖	dào mài	to steal sth and sell it	8	1
监制	jiān zhì	to supervise the manufacture of; to supervise the shooting of films	8	1
皮脂腺	pí zhī xiàn	sebaceous glands	8	1
病假	bìng jià	sick leave	8	1
电筒	diàn tǒng	flashlight	8	1
田鼠	tián shǔ	vole	8	1
生冷	shēng lěng	(of food) raw or cold	8	1
甘苦	gān kǔ	good times and hardships; joys and tribulations; for better or for worse	8	1
猜度	cāi duó	to surmise; to conjecture	8	1
狂犬病	kuáng quǎn bìng	rabies	8	1
特勤	tè qín	special duty (e.g. extra security or traffic control on special occasions)	8	1
牵强	qiān qiǎng	far-fetched; implausible (chain of reasoning)	8	1
物候	wù hòu	natural phenomena of a seasonal nature	8	1
熟记	shú jì	to learn by heart; to memorize	8	1
焦虑不安	jiāo lǜ bù ān	worried too much	8	1
焦糖	jiāo táng	caramel	8	1
烟波	yān bō	mist covered water	8	1
灭族	miè zú	extermination of an entire family (ancient Chinese punishment)	8	1
潮涌	cháo yǒng	to surge like the tide	8	1
潜行	qián xíng	to slink; to move stealthily; to advance through the water	8	1
潜台词	qián tái cí	unspoken dialogue in a play, left for the audience to infer; subtext	8	1
滋事	zī shì	to cause trouble; to provoke a dispute	8	1
游猎	yóu liè	to go on a hunting expedition	8	1
添麻烦	tiān má fan	to cause trouble for sb; to inconvenience	8	1
海损	hǎi sǔn	damage to goods during shipping	8	1
浪人	làng rén	vagrant; unemployed person; rōnin (wandering masterless samurai)	8	1
浑然不觉	hún rán bù jué	totally unaware	8	1
流脑	liú nǎo	epidemic cerebrospinal meningitis (abbr. for 流行性腦膜炎)	8	1
注射器	zhù shè qì	syringe	8	1
泛滥成灾	fàn làn chéng zāi	lit. to flood (idiom); fig. rampant; in plague proportions	8	1
油腔滑调	yóu qiāng huá diào	flippant and insincere (piece of writing or speech); glib-tongued; oily	8	1
求爱	qiú ài	to woo	8	1
水禽	shuǐ qín	waterfowl	8	1
死板	sǐ bǎn	rigid; inflexible	8	1
步态	bù tài	gait; tread	8	1
梨树	lí shù	pear tree	8	1
树桩	shù zhuāng	tree stump	8	1
树敌	shù dí	to antagonize people; to make an enemy of sb	8	1
标量	biāo liàng	scalar quantity	8	1
标牌	biāo pái	label; tag; sign; (brass etc) inscribed plate	8	1
条凳	tiáo dèng	bench	8	1
机件	jī jiàn	component (mechanics)	8	1
本日	běn rì	today	8	1
未几	wèi jǐ	soon; before long	8	1
有滋有味	yǒu zī yǒu wèi	flavorsome; (fig.) delightful; full of interest	8	1
曳光弹	yè guāng dàn	tracer ammunition; tracer	8	1
暗黑	àn hēi	dark; dim	8	1
晃悠	huàng you	to swing; to sway; to wobble	8	1
旱情	hàn qíng	drought conditions	8	1
早衰	zǎo shuāi	to age prematurely; premature senescence	8	1
早泄	zǎo xiè	premature ejaculation	8	1
日化	rì huà	household chemicals (cleaning products etc) and toiletries (abbr. for 日用化學製品)	8	1
无间	wú jiàn	very close; no gap between them; continuously	8	1
斤两	jīn liǎng	weight; (fig.) importance	8	1
文化宫	wén huà gōng	cultural palace	8	1
整备	zhěng bèi	preparedness; to bring sth to a state of readiness	8	1
敌众我寡	dí zhòng wǒ guǎ	multitude of enemies, few friends (idiom from Mencius)	8	1
政审	zhèng shěn	examine sb's political record; political investigation	8	1
改判	gǎi pàn	(law) to amend a judgment; to commute	8	1
收服	shōu fú	to subdue; to force to capitulate; to reduce to submission	8	1
插花	chā huā	flower arranging; ikebana	8	1
插槽	chā cáo	slot	8	1
推三阻四	tuī sān zǔ sì	to use all sorts of excuses	8	1
换防	huàn fáng	to relieve a garrison; to change guard complement	8	1
拟合	nǐ hé	to fit (data to a model); a (close) fit	8	1
招录	zhāo lù	to recruit	8	1
拖长	tuō cháng	to lengthen; to drag out	8	1
折中	zhé zhōng	to compromise; to take the middle road; a trade-off	8	1
投机者	tóu jī zhě	speculator	8	1
投手	tóu shǒu	thrower; pitcher; bowler	8	1
扫雷舰	sǎo léi jiàn	minesweeper	8	1
戕害	qiāng hài	to injure	8	1
戒酒	jiè jiǔ	to give up drinking; to abstain from drinking	8	1
憋闷	biē men	to feel oppressed; to be depressed; to feel dejected	8	1
情有可原	qíng yǒu kě yuán	pardonable (of interruption, misunderstanding etc)	8	1
悼词	dào cí	memorial speech; eulogy	8	1
总方针	zǒng fāng zhēn	general policy; overall guidelines	8	1
总指挥部	zǒng zhǐ huī bù	general headquarters	8	1
忍辱负重	rěn rǔ fù zhòng	to endure humiliation as part of an important mission (idiom); to suffer in silence	8	1
径迹	jìng jì	track; trajectory; path	8	1
归位	guī wèi	to put sth back where it belongs; to return to the original position	8	1
弹夹	dàn jiā	ammunition clip; cartridge clip; magazine	8	1
引颈	yǐn jǐng	to crane one's neck; (fig.) with one's neck outstretched in expectation	8	1
开门红	kāi mén hóng	a good beginning	8	1
幻灭	huàn miè	(of dreams, hopes etc) to vanish; to evaporate	8	1
平流层	píng liú céng	stratosphere	8	1
平易	píng yì	amiable (manner); unassuming; written in plain language	8	1
市府	shì fǔ	municipal government; city government; city hall	8	1
市中区	shì zhōng qū	central city district	8	1
尖塔	jiān tǎ	spire; minaret	8	1
少男少女	shào nán shào nǚ	boys and girls; teenagers	8	1
导热性	dǎo rè xìng	heat conduction	8	1
定亲	dìng qīn	to settle a marriage; betrothal	8	1
官差	guān chāi	official business; government workmen; odd-job men	8	1
始终如一	shǐ zhōng rú yī	unswerving from start to finish (idiom)	8	1
妖艳	yāo yàn	pretty and flirtatious	8	1
如雷贯耳	rú léi guàn ěr	lit. like thunder piercing the ear; a well-known reputation (idiom)	8	1
头面人物	tóu miàn rén wù	leading figure; bigwig	8	1
太空站	tài kōng zhàn	space station	8	1
声泪俱下	shēng lèi jù xià	to shed tears while recounting sth; speaking in a tearful voice	8	1
坐月子	zuò yuè zi	to convalesce for a month following childbirth, following a special diet, and observing various taboos to protect the body from exposure to the "wind"	8	1
地黄	dì huáng	Chinese foxglove (Rehmannia glutinosa), its rhizome used in TCM	8	1
在编	zài biān	(of personnel or positions) having permanent status under China's official staffing system 編制, with full benefits and job security	8	1
国标	guó biāo	national standard (abbr. for 國家標準)	8	1
喂食	wèi shí	to feed	8	1
哄骗	hǒng piàn	to deceive; to cheat	8	1
和睦相处	hé mù xiāng chǔ	to live in harmony; to get along with each other	8	1
和平谈判	hé píng tán pàn	peace negotiations	8	1
向背	xiàng bèi	support or opposition; alignment with or against a person, group or cause	8	1
后援	hòu yuán	reinforcement; back-up; supporting force	8	1
同音	tóng yīn	(music) unison; (linguistics) homophonous; homonymic	8	1
合式	hé shì	conforming to a pattern; up to standard	8	1
各执一词	gè zhí yī cí	each sticks to his own version (idiom); a dialogue of the deaf	8	1
号叫	háo jiào	to howl; to yell	8	1
原水	yuán shuǐ	raw water; unpurified water	8	1
原封不动	yuán fēng bù dòng	(lit.) the original seal has not been disturbed (idiom)	8	1
华而不实	huá ér bù shí	flower but no fruit (idiom); handsome exterior but hollow inside; flashy	8	1
半月刊	bàn yuè kān	fortnightly; twice a month	8	1
医理	yī lǐ	medical knowledge; principles of medical science	8	1
包被	bāo bèi	peridium (envelope or coat of fungi, e.g. puffballs)	8	1
加官	jiā guān	to be promoted; additional government post	8	1
力劝	lì quàn	to strongly urge	8	1
判若两人	pàn ruò liǎng rén	to be a different person; not to be one's usual self	8	1
分系统	fēn xì tǒng	subsystem	8	1
分析员	fēn xī yuán	analyst (e.g. of news)	8	1
出笼	chū lóng	(of food) to be taken out of the steamer	8	1
凶暴	xiōng bào	brutal	8	1
冶铸	yě zhù	to smelt and cast	8	1
冲力	chōng lì	momentum (the force exhibited by a moving body)	8	1
内陆国	nèi lù guó	landlocked country	8	1
内销	nèi xiāo	to sell in the domestic market; domestic market	8	1
公设	gōng shè	(math.) postulate; public facilities (abbr. for 公共設施)	8	1
入微	rù wēi	down to the smallest detail; thoroughgoing; fine and detailed	8	1
党外人士	dǎng wài rén shì	non-party members	8	1
光标	guāng biāo	cursor (computing)	8	1
停飞	tíng fēi	(of an aircraft) to be grounded	8	1
佛手	fó shǒu	Buddha's hand; fingered citron (Citrus medica var. sarcodactylis)	8	1
住家	zhù jiā	residence; household; to reside	8	1
传粉	chuán fěn	pollination; to pollinate	8	1
代收	dài shōu	to receive sth on another's behalf	8	1
今非昔比	jīn fēi xī bǐ	(idiom) things are very different now; times have changed	8	1
人鱼	rén yú	mermaid; dugong; sea cow	8	1
产科	chǎn kē	maternity department; maternity ward; obstetrics	8	1
交好	jiāo hǎo	to be on friendly terms	8	1
争宠	zhēng chǒng	to strive for favor	8	1
乱蓬蓬	luàn pēng pēng	disheveled; tangled	8	1
书面语	shū miàn yǔ	written language	8	1
乡音	xiāng yīn	local accent; accent of one's native place	8	1
乡邻	xiāng lín	fellow villager	8	1
习惯法	xí guàn fǎ	customary law; common law	8	1
乙方	yǐ fāng	party B (in a contract) (cf. 甲方, party A)	8	1
临界点	lín jiè diǎn	critical point; boundary point	8	1
两栖动物	liǎng qī dòng wù	amphibian; amphibious animals	8	1
东半球	dōng bàn qiú	the Eastern Hemisphere	8	1
不言不语	bù yán bù yǔ	to not say a word (idiom); to keep silent	8	1
上佳	shàng jiā	excellent; outstanding; great	8	1
三教九流	sān jiào jiǔ liú	the Three Religions (Daoism, Confucianism, Buddhism) and Nine Schools (Confucians, Daoists, Yin-Yang, Legalists, Logicians, Mohists, Political Strategists, Eclectics, Agriculturists)	8	1
一箭双雕	yī jiàn shuāng diāo	lit. one arrow, two golden eagles (idiom)	8	1
一一对应	yī yī duì yìng	one-to-one correspondence	8	1
齐头并进	qí tóu bìng jìn	to go forward together (idiom); to undertake simultaneous tasks	8	1
鸡毛蒜皮	jī máo suàn pí	lit. chicken feathers and garlic skins (idiom); fig. trivial (matter)	8	1
鲜味	xiān wèi	umami, one of the five basic tastes (cookery)	8	1
骂骂咧咧	mà ma liē liē	to swear while talking; to be foul-mouthed	8	1
音乐节	yīn yuè jié	music festival	8	1
音乐剧	yīn yuè jù	(theater, cinema) a musical	8	1
零落	líng luò	withered and fallen; scattered; sporadic	8	1
雕刻家	diāo kè jiā	sculptor	8	1
雅俗共赏	yǎ sú gòng shǎng	can be enjoyed by scholars and lay-people alike (idiom)	8	1
阴谋家	yīn móu jiā	schemer; conspirator	8	1
阑尾炎	lán wěi yán	appendicitis (medicine)	8	1
闯关	chuǎng guān	to crash through a barrier	8	1
问鼎	wèn dǐng	to aspire to the throne; to aim at (the first place etc)	8	1
闪躲	shǎn duǒ	to dodge; to evade	8	1
门环	mén huán	door knocker (in the shape of a ring)	8	1
长队	cháng duì	line (i.e. of people waiting); queue	8	1
长存	cháng cún	to last for a long time; to endure; to exist forever	8	1
锦衣玉食	jǐn yī yù shí	brocade garments, jade meals (idiom); a life of luxury; extravagance	8	1
错落有致	cuò luò yǒu zhì	in picturesque disorder (idiom); irregular arrangement with charming effect	8	1
错综	cuò zōng	intricate; complicated; tangled	8	1
铺位	pù wèi	bunk; berth	8	1
铲平	chǎn píng	to level the ground (with a hoe, shovel etc); to raze (a building, forest etc)	8	1
铁杖	tiě zhàng	steel staff; steel stick	8	1
铁定	tiě dìng	unalterable; certainly; definitely	8	1
重负	zhòng fù	heavy load; heavy burden (also fig. of tax)	8	1
采风	cǎi fēng	to collect local cultural material (recording folk songs, taking photos etc)	8	1
邪说	xié shuō	harmful teachings; evil doctrine	8	1
追缴	zhuī jiǎo	to recover (stolen property)	8	1
远郊	yuǎn jiāo	outer suburbs; remote outskirts of a city	8	1
辩明	biàn míng	to explain clearly; to elucidate	8	1
轻狂	qīng kuáng	frivolous	8	1
轰响	hōng xiǎng	loud sound, such as that of thunder or a bomb; to rumble; to roar	8	1
车次	chē cì	train or coach service ("service" as in "they run 12 services per day between the two cities")	8	1
身首异处	shēn shǒu yì chù	to be decapitated (idiom)	8	1
踏勘	tà kān	to go and inspect (a site); to do an on-site survey	8	1
起见	qǐ jiàn	motive; purpose; (sth) being the motive or purpose	8	1
赤膊	chì bó	bare to the waist	8	1
费尽心机	fèi jìn xīn jī	to rack one's brains for schemes (idiom); to beat one's brains out	8	1
谋面	móu miàn	to meet	8	1
调查团	diào chá tuán	investigating team	8	1
说媒	shuō méi	to act as a matchmaker	8	1
试办	shì bàn	to try sth out; trial; pilot scheme	8	1
记叙文	jì xù wén	narrative writing; written narration	8	1
角力	jué lì	to wrestle; (fig.) to lock horns; to tussle; to wrangle; Taiwan pr.	8	1
观瞻	guān zhān	appearance; view; abiding impression	8	1
见利忘义	jiàn lì wàng yì	(idiom) to abandon moral principles in the pursuit of profit	8	1
裂口	liè kǒu	breach; split; rift	8	1
表兄	biǎo xiōng	older male cousin through a female relative	8	1
街门	jiē mén	gate or door facing the street	8	1
行得通	xíng de tōng	practicable; realizable; will work	8	1
行尸走肉	xíng shī zǒu ròu	walking corpse (idiom); zombie	8	1
蠢人	chǔn rén	fool; imbecile	8	1
融雪	róng xuě	melting snow; a thaw	8	1
虚度	xū dù	to fritter away (one's time)	8	1
若果	ruò guǒ	(literary) if; supposing that	8	1
艺术史	yì shù shǐ	art history	8	1
色相	sè xiàng	coloration; hue; sex	8	1
腻烦	nì fan	bored; to be fed up with; sick and tired of sth	8	1
腰鼓	yāo gǔ	waist drum; waist-drum dance (Han ethnic group folk dance)	8	1
脸蛋儿	liǎn dàn r	cheek; face (often of child)	8	1
脑瓜	nǎo guā	skull; brain; head	8	1
脊索动物	jǐ suǒ dòng wù	chordata	8	1
胎体	tāi tǐ	(in ceramics, lacquerware etc) the base (made of clay, metal, bamboo etc) onto which a glaze, lacquer or other decorative elements are applied	8	1
聚义	jù yì	(literary) to band together in a just cause	8	1
老窝	lǎo wō	nest; den (for animals); (fig.) lair; hideout (for criminals)	8	1
老态龙钟	lǎo tài lóng zhōng	(idiom) doddering; senile	8	1
群策群力	qún cè qún lì	(idiom) to act in concert; to pool ideas and efforts	8	1
絮絮叨叨	xù xu dāo dāo	long-winded; garrulous; to talk endlessly without getting to the point	8	1
紧邻	jǐn lín	to be right next to; close neighbor	8	1
紧追	jǐn zhuī	to pursue closely	8	1
笑盈盈	xiào yíng yíng	smilingly; to be all smiles	8	1
竞价	jìng jià	price competition; bid (in an auction); to compete on price	8	1
窗玻璃	chuāng bō lí	window pane	8	1
种树	zhòng shù	to plant trees	8	1
私仇	sī chóu	personal grudge	8	1
离合	lí hé	clutch (in car gearbox); separation and reunion	8	1
神女	shén nǚ	goddess	8	1
破除迷信	pò chú mí xìn	to eliminate superstition (idiom)	8	1
真刀真枪	zhēn dāo zhēn qiāng	(lit.) real swords and spears (idiom)	8	1
监牢	jiān láo	prison; jail	8	1
疑兵	yí bīng	troops deployed to mislead the enemy	8	1
男性化	nán xìng huà	to masculinize; masculinization	8	1
电解液	diàn jiě yè	electrolyte solution	8	1
电导率	diàn dǎo lǜ	electrical conductivity	8	1
生厌	shēng yàn	to disgust; to pall; fed up	8	1
猛涨	měng zhǎng	(of water) to soar; (of prices) to skyrocket	8	1
狂妄自大	kuáng wàng zì dà	arrogant and conceited	8	1
牡牛	mǔ niú	bull	8	1
牛油	niú yóu	butter; beef tallow	8	1
牌号	pái hào	trademark	8	1
爬虫	pá chóng	reptile; (Internet) web crawler	8	1
熟视无睹	shú shì wú dǔ	(idiom) to turn a blind eye to (sth one sees regularly)	8	1
煎饼	jiān bǐng	jianbing, a savory Chinese crêpe; pancake	8	1
灼烧	zhuó shāo	to burn; to scorch	8	1
满满当当	mǎn mǎn dāng dāng	brim full; completely packed	8	1
清君侧	qīng jūn cè	to remove the treacherous ministers surrounding the monarch (historically used as a pretext for rebellion)	8	1
混血儿	hùn xuè ér	person of mixed blood	8	1
派性	pài xìng	factionalism; tribalism	8	1
洗雪	xǐ xuě	to erase; to wipe out (a previous humiliation etc)	8	1
注音	zhù yīn	to indicate the pronunciation of Chinese characters using Pinyin or Bopomofo etc	8	1
没精打采	méi jīng dǎ cǎi	listless; dispirited; washed out	8	1
气密	qì mì	airtight	8	1
毛虫	máo chóng	caterpillar	8	1
正职	zhèng zhí	main job; day job	8	1
欺瞒	qī mán	to fool; to hoodwink; to dupe	8	1
欲罢不能	yù bà bù néng	want to stop but can't (idiom); to be unable to stop oneself	8	1
次官	cì guān	undersecretary; secondary official	8	1
次声波	cì shēng bō	infrasonic wave	8	1
根瘤菌	gēn liú jūn	rhizobia	8	1
根瘤	gēn liú	(botany) root nodule	8	1
核国家	hé guó jiā	nuclear nations	8	1
柴门	chái mén	lit. woodcutter's family; humble background; poor family background	8	1
极刑	jí xíng	supreme penalty; execution	8	1
权术	quán shù	art of politics; political tricks (often derog.); power play	8	1
杂色	zá sè	varicolored; motley	8	1
杀人如麻	shā rén rú má	(lit.) to kill people like scything flax (idiom)	8	1
木本植物	mù běn zhí wù	woody plant	8	1
曝晒	pù shài	to expose to strong sunlight	8	1
暂定	zàn dìng	temporary arrangement; provisional; tentative	8	1
时序	shí xù	timing (of a signal or sequence); time course	8	1
日全食	rì quán shí	total eclipse of the sun	8	1
旅费	lǚ fèi	travel expenses	8	1
断电	duàn diàn	to experience a power outage; to have a power failure	8	1
斜靠	xié kào	to recline	8	1
散文诗	sǎn wén shī	prose poem	8	1
救命稻草	jiù mìng dào cǎo	(one's) last straw to clutch at; one's last hope	8	1
敌我矛盾	dí wǒ máo dùn	contradictions between ourselves and the enemy	8	1
攀缘	pān yuán	to climb up (a rope etc); climbing (plant)	8	1
操作者	cāo zuò zhě	operator	8	1
摊点	tān diǎn	place for a vendor's stall	8	1
排空	pái kōng	to drain out; to empty; to discharge (waste gas) into the air	8	1
排查	pái chá	to inspect; to run through a checklist; to take stock	8	1
换洗	huàn xǐ	to change and wash (clothes etc)	8	1
挡箭牌	dǎng jiàn pái	arrow-blocking shield	8	1
挠头	náo tóu	tricky; problematic; difficult	8	1
招供	zhāo gòng	to confess	8	1
所思	suǒ sī	what one thinks; person or thing that is on one's mind	8	1
截肢	jié zhī	amputation (medicine); to amputate	8	1
慌里慌张	huāng li huāng zhāng	flustered; in a panic	8	1
意气用事	yì qì yòng shì	(idiom) to let emotions affect one's decisions	8	1
愁眉不展	chóu méi bù zhǎn	with a worried frown	8	1
悔悟	huǐ wù	to repent	8	1
恨事	hèn shì	a matter for regret or resentment	8	1
总汇	zǒng huì	(of streams) to come together; to converge	8	1
怯生生	qiè shēng shēng	shy	8	1
急不可待	jí bù kě dài	(idiom) impatient; eager to (do sth); unable to wait any longer	8	1
心腹之患	xīn fù zhī huàn	lit. calamity within one's bosom (idiom); major trouble hidden within	8	1
徒子徒孙	tú zǐ tú sūn	(idiom) disciples; followers	8	1
征婚	zhēng hūn	to look for a partner	8	1
弹坑	dàn kēng	bomb crater; shell crater; mine crater	8	1
应用科学	yìng yòng kē xué	applied science	8	1
平纹	píng wén	plain weave	8	1
干瘦	gān shòu	wizened; skinny and shriveled	8	1
干渴	gān kě	parched; dry mouth	8	1
帽子戏法	mào zi xì fǎ	hat trick (when one player scores three goals)	8	1
己见	jǐ jiàn	one's own viewpoint	8	1
左轮手枪	zuǒ lún shǒu qiāng	revolver	8	1
尖细	jiān xì	(of an object) tapered; (of a voice) high-pitched	8	1
富矿	fù kuàng	high-grade ore	8	1
寄出	jì chū	to mail; to send by post	8	1
客户端	kè hù duān	client (computing)	8	1
实景	shí jǐng	real scene (not set up or posed)	8	1
安适	ān shì	quiet and comfortable	8	1
如履薄冰	rú lǚ bó bīng	(lit.) as if walking on thin ice (idiom); (fig.) extremely cautious	8	1
女巫	nǚ wū	witch; sorceress	8	1
套近乎	tào jìn hū	to worm one's way into being friends with sb (usually derogatory)	8	1
夹具	jiā jù	clamp; fixture (machining)	8	1
头盖	tóu gài	skull; cranium	8	1
头昏脑胀	tóu hūn nǎo zhàng	(idiom) to feel giddy; to feel dizzy; one's head spins	8	1
头名	tóu míng	first place; leader (of a race)	8	1
天长日久	tiān cháng rì jiǔ	after a long time (idiom)	8	1
大项	dà xiàng	main item (of program)	8	1
大有作为	dà yǒu zuò wéi	to accomplish much; to have good prospects; to have a promising future	8	1
够朋友	gòu péng you	(coll.) to be a true friend	8	1
外胚层	wài pēi céng	ectoderm (cell lineage in embryology)	8	1
处刑	chǔ xíng	to sentence; to condemn	8	1
壁炉	bì lú	fireplace	8	1
坦承	tǎn chéng	to confess; to admit; to come clean	8	1
坟场	fén chǎng	cemetery	8	1
地陪	dì péi	local guide; tour escort	8	1
圆月	yuán yuè	full moon	8	1
善举	shàn jǔ	meritorious deed; benevolent act	8	1
响箭	xiǎng jiàn	whistling arrow (used in ancient times as a signal)	8	1
咏叹调	yǒng tàn diào	aria	8	1
可卡因	kě kǎ yīn	cocaine (loanword)	8	1
另加	lìng jiā	to add to; supplementary	8	1
口干舌燥	kǒu gān shé zào	lit. dry mouth and tongue (idiom); to talk too much	8	1
发展商	fā zhǎn shāng	(HK) (real estate etc) developer	8	1
卧式	wò shì	(of an object or device) horizontal in design; intended to lie flat or operate in a lying position	8	1
十四行诗	shí sì háng shī	sonnet	8	1
包产	bāo chǎn	to make a production contract	8	1
加急	jiā jí	to expedite; (of a delivery etc) expedited; express	8	1
剩菜	shèng cài	leftovers (food)	8	1
前瞻	qián zhān	forward-looking; prescient; foresight	8	1
剃刀	tì dāo	razor	8	1
制版	zhì bǎn	to make a plate (printing)	8	1
创投	chuàng tóu	venture capital investment (abbr. for 創業投資)	8	1
分册	fēn cè	fascicle; volume (of a book)	8	1
出门在外	chū mén zài wài	to be away from home; to live away from one's family	8	1
凡间	fán jiān	the secular world	8	1
冰激凌	bīng jī líng	ice cream	8	1
内陆河	nèi lù hé	inland river; river draining to inland sea	8	1
内耗	nèi hào	internal friction; internal dissipation of energy (in mechanics)	8	1
兼程	jiān chéng	to travel at double speed; to make all haste	8	1
养家糊口	yǎng jiā hú kǒu	(idiom) to provide for one's family	8	1
光谱仪	guāng pǔ yí	spectrometer; spectrograph	8	1
傻里傻气	shǎ li shǎ qì	foolish; stupid	8	1
信佛	xìn fó	to believe in Buddhism	8	1
保准	bǎo zhǔn	to guarantee; reliable; for sure	8	1
使役	shǐ yì	to use (an animal or servant); working (animal); (beast) of burden	8	1
伪劣	wěi liè	inferior; false	8	1
传阅	chuán yuè	to read and pass on; to pass on for perusal	8	1
优生学	yōu shēng xué	eugenics	8	1
任劳任怨	rèn láo rèn yuàn	to work hard without complaint (idiom)	8	1
仪容	yí róng	appearance	8	1
代工	dài gōng	OEM (original equipment manufacturer)	8	1
从众	cóng zhòng	to follow the crowd; to conform	8	1
人造纤维	rén zào xiān wéi	man-made fiber	8	1
人潮	rén cháo	a tide of people	8	1
人困马乏	rén kùn mǎ fá	riders tired and horses weary (idiom); worn out; exhausted	8	1
乱麻	luàn má	lit. tangled skein; in a tremendous muddle; confused	8	1
久别	jiǔ bié	a long period of separation	8	1
主序星	zhǔ xù xīng	(astronomy) main-sequence star	8	1
中耳	zhōng ěr	middle ear	8	1
两回事	liǎng huí shì	two quite different things; two unrelated matters	8	1
两口儿	liǎng kǒu r	husband and wife; couple	8	1
丝织物	sī zhī wù	woven silk fabric	8	1
丑行	chǒu xíng	scandal	8	1
丑化	chǒu huà	to defame; to libel; to defile	8	1
不露声色	bù lù shēng sè	not show one's feeling or intentions	8	1
下不来	xià bù lái	awkward; embarrassed; cannot be accomplished	8	1
下不了台	xià bu liǎo tái	to be unable to extricate oneself gracefully; to be put on the spot	8	1
三维空间	sān wéi kōng jiān	three-dimensional space; 3D	8	1
万死不辞	wàn sǐ bù cí	ten thousand deaths will not prevent me (idiom); ready to risk life and limb to help out	8	1
一病不起	yī bìng bù qǐ	to fall gravely ill, never to recover (idiom)	8	1
一步到位	yī bù dào wèi	to accomplish in one step; to achieve the desired result in one go	8	1
一个劲	yī gè jìn	continuously; persistently; incessantly	8	1
鼎沸	dǐng fèi	a confused noise; a racket	8	1
鱼贩	yú fàn	fishmonger	8	1
高人一等	gāo rén yī děng	a cut above others; superior	8	1
餐饮业	cān yǐn yè	food service industry; catering industry	8	1
顶礼膜拜	dǐng lǐ mó bài	to prostrate oneself in worship (idiom); (fig.) to worship	8	1
青鱼	qīng yú	black carp (Mylopharyngodon piceus); herring; mackerel	8	1
隐现	yǐn xiàn	glimpse (of something hidden)	8	1
阵子	zhèn zi	period of time	8	1
闰年	rùn nián	leap year; (lunar calendar) year with a thirteen intercalary month	8	1
银发	yín fà	silver hair; gray hair	8	1
钳工	qián gōng	fitter; benchwork	8	1
金榜题名	jīn bǎng tí míng	to win top marks in the imperial examinations	8	1
酒令	jiǔ lìng	wine-drinking game	8	1
配型	pèi xíng	to check for compatibility (for an organ transplant)	8	1
避世	bì shì	to shun the world	8	1
遮天蔽日	zhē tiān bì rì	lit. hiding the sky and covering the earth (idiom); fig. earth-shattering	8	1
遇难者	yù nàn zhě	victim; fatality	8	1
速冻	sù dòng	to quick-freeze	8	1
适可而止	shì kě ér zhǐ	(idiom) to refrain from going too far; to know when to stop	8	1
违例	wéi lì	to break the rules	8	1
软骨头	ruǎn gǔ tou	weak, cowardly person; spineless individual	8	1
软件包	ruǎn jiàn bāo	software package	8	1
身强力壮	shēn qiáng lì zhuàng	strong and vigorous; sturdy; robust	8	1
越界	yuè jiè	to cross a border; to overstep a bound	8	1
赤胆忠心	chì dǎn zhōng xīn	lit. red-bellied devotion (idiom); wholehearted loyalty	8	1
负气	fù qì	in a pique; sulky; cross	8	1
负反馈	fù fǎn kuì	negative feedback	8	1
词话	cí huà	form of writing novels that comprise lots of poetry in the body of the text, popular in the Ming Dynasty	8	1
诈尸	zhà shī	sudden movement of a corpse (superstition); fig. sudden torrent of abuse	8	1
设厂	shè chǎng	to establish a factory	8	1
言而无信	yán ér wú xìn	(idiom) untrustworthy; not true to one's word	8	1
言不由衷	yán bù yóu zhōng	to say sth without meaning it (idiom); to speak tongue in cheek	8	1
视频会议	shì pín huì yì	videoconferencing; videoconference	8	1
裤头	kù tóu	(dialect) underpants; (swimming) trunks	8	1
血块	xuè kuài	blood clot	8	1
血债	xuè zhài	debt of blood (after killing sb)	8	1
虹膜	hóng mó	iris (of an eye)	8	1
落雪	luò xuě	(literary or dialectal) to snow; (literary) fallen snow; settled snow	8	1
菜豆	cài dòu	kidney bean	8	1
菜油	cài yóu	rapeseed oil; canola oil	8	1
菜品	cài pǐn	culinary dish	8	1
菌种	jūn zhǒng	(microorganism) species; strain; (fungus and mushroom) spore; spawn	8	1
莫须有	mò xū yǒu	groundless; baseless	8	1
船主	chuán zhǔ	ship's captain; owner of ship	8	1
自毁	zì huǐ	to destroy one's (reputation etc); (of a device etc) to self-destruct	8	1
脱钩	tuō gōu	to cut ties; to disconnect; out of touch	8	1
脱皮	tuō pí	(of paint etc) to peel off; to flake off	8	1
老辣	lǎo là	shrewd and ruthless; efficient and unscrupulous	8	1
老花镜	lǎo huā jìng	presbyopic glasses	8	1
群众组织	qún zhòng zǔ zhī	communal organization	8	1
绿泥石	lǜ ní shí	chlorite (geology)	8	1
绝唱	jué chàng	most perfect song	8	1
结纳	jié nà	to make friends; to form friendship	8	1
结构式	jié gòu shì	structural formula (chemistry)	8	1
细部	xì bù	small part (of a whole ensemble); detail	8	1
纸巾	zhǐ jīn	paper towel; napkin; facial tissue	8	1
约请	yuē qǐng	to invite; to issue an invitation	8	1
红心	hóng xīn	heart ♥ (in card games); red, heart-shaped symbol; bullseye	8	1
糟践	zāo jian	to waste; to spoil; to destroy	8	1
精读	jīng dú	to read carefully and thoroughly; intensive reading	8	1
简讯	jiǎn xùn	newsletter; the news in brief; (Tw) SMS message	8	1
笑柄	xiào bǐng	a matter for ridicule; an object of ridicule; laughingstock	8	1
竹器	zhú qì	utensil made of bamboo	8	1
端线	duān xiàn	end line; baseline (sports)	8	1
空余	kòng yú	free; vacant; unoccupied	8	1
穷酸	qióng suān	(of a scholar) impoverished, shabby and pedantic; impoverished pedant	8	1
稿酬	gǎo chóu	fee paid to an author for a piece of writing	8	1
科举制	kē jǔ zhì	imperial examination system	8	1
票证	piào zhèng	a ticket; a pass (e.g. to enter a building)	8	1
神游	shén yóu	to go on a mental journey	8	1
礼单	lǐ dān	list of gifts	8	1
磨碎	mò suì	to grind up	8	1
磨刀	mó dāo	to hone (a knife)	8	1
磁通量	cí tōng liàng	magnetic flux	8	1
破土	pò tǔ	to break ground; to start digging; to plough	8	1
砂轮	shā lún	grinding wheel; emery wheel	8	1
短浅	duǎn qiǎn	narrow and shallow	8	1
盖碗	gài wǎn	lidded teacup	8	1
皮影戏	pí yǐng xì	shadow play	8	1
畏畏缩缩	wèi wèi suō suō	cowering; cringing	8	1
申说	shēn shuō	to state; to assert	8	1
瓶装	píng zhuāng	bottled	8	1
班组	bān zǔ	group or team (in factories etc)	8	1
独断专行	dú duàn zhuān xíng	to decide and act alone (idiom); to take arbitrary action	8	1
物美价廉	wù měi jià lián	good quality and cheap; a bargain	8	1
父爱	fù ài	paternal love	8	1
燃煤	rán méi	coal fuel	8	1
焦虑症	jiāo lǜ zhèng	neurosis; anxiety	8	1
烦劳	fán láo	to put sb to trouble (of doing sth); vexation; inconvenience	8	1
烈度	liè dù	intensity	8	1
炼狱	liàn yù	purgatory	8	1
点头哈腰	diǎn tóu hā yāo	to nod one's head and bow (idiom); bowing and scraping; unctuous fawning	8	1
灵长目	líng zhǎng mù	primate order (including monkeys, hominids etc)	8	1
游水	yóu shuǐ	to swim	8	1
温婉	wēn wǎn	sweet-tempered; gentle	8	1
淋病	lìn bìng	gonorrhea; Taiwan pr.	8	1
消夏	xiāo xià	to spend the summer; to take a summer vacation	8	1
浴缸	yù gāng	bathtub	8	1
浆糊	jiàng hu	paste; Taiwan pr.	8	1
活水	huó shuǐ	naturally flowing water (as opposed to stagnant water)	8	1
洋车	yáng chē	rickshaw	8	1
洋洋自得	yáng yáng zì dé	immensely pleased with oneself (idiom); proud; complacent	8	1
泄泻	xiè xiè	(TCM) to have diarrhea	8	1
沙坑	shā kēng	sandbox; jumping pit (athletics); sand trap, bunker (golf)	8	1
沉陷	chén xiàn	to sink; to cave in; (of a building etc) to subside	8	1
污点	wū diǎn	stain; taint	8	1
水饺	shuǐ jiǎo	boiled dumpling (made by wrapping a pasta skin around a filling, like ravioli)	8	1
水雾	shuǐ wù	mist	8	1
水合	shuǐ hé	hydration reaction	8	1
气缸	qì gāng	cylinder (engine)	8	1
比目鱼	bǐ mù yú	flatfish; flounder	8	1
死而后已	sǐ ér hòu yǐ	until death puts an end (idiom); one's whole life; unto one's dying day	8	1
死缓	sǐ huǎn	deferred death sentence	8	1
橙子	chéng zi	orange	8	1
横纹	héng wén	horizontal stripe; striation	8	1
横空	héng kōng	filling the atmosphere; covering the sky	8	1
检查站	jiǎn chá zhàn	checkpoint	8	1
标杆	biāo gān	surveyor's pole; post (used for a landmark)	8	1
枪膛	qiāng táng	bore of a gun	8	1
来历不明	lái lì bù míng	(idiom) of unknown origin; of dubious background	8	1
暗室	àn shì	darkroom	8	1
星星之火	xīng xing zhī huǒ	a single spark (idiom); an insignificant cause can have a massive effect	8	1
明细	míng xì	clear and detailed; definite; details (are as follows:)	8	1
旧俗	jiù sú	former custom; old ways	8	1
无话不谈	wú huà bù tán	not to hold anything back (idiom)	8	1
无理取闹	wú lǐ qǔ nào	(idiom) to make trouble without reason; to be deliberately provocative	8	1
无从下手	wú cóng xià shǒu	not know where to start	8	1
新币	xīn bì	(coll.) Singapore dollar	8	1
断章取义	duàn zhāng qǔ yì	(idiom) to quote out of context	8	1
斗柄	dǒu bǐng	handle of the Big Dipper	8	1
数据流	shù jù liú	data stream; data flow	8	1
散场	sàn chǎng	(of a theater) to empty; (of a show) to end	8	1
教学法	jiào xué fǎ	teaching method; pedagogy	8	1
放胆	fàng dǎn	to act boldly	8	1
放权	fàng quán	to devolve authority to lower levels	8	1
放债	fàng zhài	to lend money (for interest); to give credit	8	1
支前	zhī qián	to support the front (military)	8	1
摇撼	yáo hàn	to shake; to rock	8	1
搜检	sōu jiǎn	to search out; to check	8	1
掉泪	diào lèi	to shed tears	8	1
捞一把	lāo yī bǎ	to profiteer; to gain some underhand advantage	8	1
捆扎	kǔn zā	to bundle up with rope (e.g. firewood)	8	1
挂心	guà xīn	to worry; to be on one's mind	8	1
拒收	jù shōu	to reject; to refuse to accept	8	1
拐弯抹角	guǎi wān mò jiǎo	lit. going round the curves and skirting the corners (idiom)	8	1
拉比	lā bǐ	(loanword) rabbi	8	1
抽检	chōu jiǎn	sampling; spot check; random test	8	1
抵债	dǐ zhài	to repay a debt in kind or by labor	8	1
投缘	tóu yuán	to be kindred spirits; to hit it off	8	1
投河	tóu hé	to jump into a river to drown oneself	8	1
扫把	sào bǎ	broom	8	1
想入非非	xiǎng rù fēi fēi	to indulge in fantasy (idiom); to let one's imagination run wild	8	1
惨祸	cǎn huò	terrible tragedy; grave mishap	8	1
悲鸣	bēi míng	to utter a mournful cry; wail; groan	8	1
急行军	jí xíng jūn	rapid advance; forced march	8	1
急用	jí yòng	to need sth urgently; urgently required	8	1
急不可耐	jí bù kě nài	unable to wait	8	1
忽忽	hū hū	fleeting (of quick passage time); in a flash; distracted manner	8	1
心胆俱裂	xīn dǎn jù liè	to be scared out of one's wits (idiom)	8	1
待人接物	dài rén jiē wù	(idiom) to interact with people	8	1
彩头	cǎi tóu	good omen; good luck (in business etc)	8	1
弱酸	ruò suān	weak acid	8	1
弥合	mí hé	to cause a wound to close up and heal	8	1
引火烧身	yǐn huǒ shāo shēn	to invite trouble	8	1
开花结果	kāi huā jiē guǒ	(lit.) to blossom and bear fruit (idiom)	8	1
幻境	huàn jìng	land of fantasy; fairyland	8	1
平辈	píng bèi	of the same generation	8	1
尊者	zūn zhě	honored sir (a person of higher status or seniority, or a Buddhist monk)	8	1
对着干	duì zhe gàn	to adopt confrontational posture; to meet head-on; to compete	8	1
对劲	duì jìn	suitable; to one's liking; to get along together	8	1
寒窗	hán chuāng	a life of strenuous studies (idiom)	8	1
家训	jiā xùn	instructions to one's children; family precepts	8	1
宠儿	chǒng ér	pet; favorite; darling	8	1
守兵	shǒu bīng	guard; garrison soldier	8	1
宇宙射线	yǔ zhòu shè xiàn	cosmic ray	8	1
子虚乌有	zǐ xū wū yǒu	(idiom) to have no basis in fact; to be the product of sb's imagination	8	1
如狼似虎	rú láng sì hǔ	lit. like wolves and tigers; ruthless	8	1
夫婿	fū xù	(literary) husband	8	1
大葱	dà cōng	leek; Chinese onion	8	1
大法官	dà fǎ guān	grand justice; high court justice; supreme court justice	8	1
墨盒	mò hé	ink cartridge	8	1
圣心	shèng xīn	Sacred Heart (Christian)	8	1
图章	tú zhāng	stamp; seal	8	1
唱法	chàng fǎ	singing style; singing method	8	1
哑铃	yǎ líng	dumbbell (weight)	8	1
呈文	chéng wén	petition (submitted to a superior)	8	1
吞服	tūn fú	to swallow; to take (medicine)	8	1
吊环	diào huán	rings (gymnastics)	8	1
右方	yòu fāng	right-hand side	8	1
发愤	fā fèn	to make a determined effort	8	1
发冷	fā lěng	to feel a chill (as an emotional response)	8	1
压岁钱	yā suì qián	money given to children as a gift on Chinese New Year's Eve	8	1
印刷业	yìn shuā yè	typography; printing business	8	1
卖乖	mài guāi	to show off one's cleverness	8	1
半夏	bàn xià	Pinellia ternata	8	1
十项	shí xiàng	ten items; decathlon (athletics)	8	1
匪首	fěi shǒu	bandit chief	8	1
包房	bāo fáng	compartment (of train, ship etc); private room at restaurant	8	1
劳民伤财	láo mín shāng cái	(idiom) to waste both manpower and resources	8	1
助剂	zhù jì	additive; reagent	8	1
割礼	gē lǐ	circumcision (male or female)	8	1
冷眼旁观	lěng yǎn páng guān	(idiom) to observe with an indifferent attitude; to be a bystander (usually referring to someone who could get involved but chooses not to)	8	1
内人	nèi rén	my wife (humble)	8	1
公厕	gōng cè	public toilet	8	1
先锋派	xiān fēng pài	avant-garde	8	1
先天不足	xiān tiān bù zú	to suffer from a congenital deficiency; to have an inherent weakness	8	1
像模像样	xiàng mú xiàng yàng	solemn; presentable; decent	8	1
借阅	jiè yuè	to borrow books to read	8	1
俱佳	jù jiā	excellent; wonderful	8	1
修好	xiū hǎo	to repair (sth broken); to restore (sth damaged)	8	1
供过于求	gōng guò yú qiú	supply exceeds demand	8	1
供体	gōng tǐ	donor (chemistry, physics, medicine)	8	1
住嘴	zhù zuǐ	to hold one's tongue; Shut up!	8	1
低血压	dī xuè yā	low blood pressure	8	1
代数和	dài shù hé	algebraic sum	8	1
人武	rén wǔ	armed forces	8	1
人情世故	rén qíng shì gù	worldly wisdom; the ways of the world	8	1
五七	wǔ qī	memorial activity 35 days after a person's death	8	1
书报	shū bào	papers and books	8	1
乖觉	guāi jué	perceptive; alert; clever	8	1
举债	jǔ zhài	to raise a loan; to borrow money	8	1
临产	lín chǎn	to face childbirth; about to give birth	8	1
中毒者	zhòng dú zhě	poisoned person (food poisoning, drug overdose or toxic exposure)	8	1
丧身	sàng shēn	to lose one's life	8	1
严打	yán dǎ	to crack down on; to take severe measures against	8	1
丑态	chǒu tài	shameful performance; disgraceful situation	8	1
不遂	bù suì	to fail; to fail to materialize; not to get one's way	8	1
不辞劳苦	bù cí láo kǔ	to spare no effort	8	1
不学无术	bù xué wú shù	without learning or skills (idiom); ignorant and incompetent	8	1
不为所动	bù wéi suǒ dòng	to remain unmoved	8	1
不下于	bù xià yú	as many as; no less than; not inferior to; as good as; on a par with	8	1
一面之缘	yī miàn zhī yuán	(idiom) one-time encounter (e.g. 有一面之緣 "to have met once before")	8	1
一览表	yī lǎn biǎo	table; schedule; list	8	1
一步登天	yī bù dēng tiān	reaching heaven in a single bound (idiom); (esp. with negative: don't expect) instant success	8	1
麻纱	má shā	linen or cotton fabric	8	1
鹅毛	é máo	goose feather	8	1
鸡窝	jī wō	chicken coop; (slang) brothel	8	1
鸟语花香	niǎo yǔ huā xiāng	lit. birdsong and fragrant flowers (idiom); fig. the intoxication of a beautiful spring day	8	1
魔幻	mó huàn	magical; magic; illusion	8	1
饲养业	sì yǎng yè	stock farming; animal husbandry	8	1
饭庄	fàn zhuāng	big restaurant	8	1
飞涨	fēi zhǎng	soaring inflation; rocketing prices	8	1
风机	fēng jī	fan; ventilator	8	1
频发	pín fā	(usu. of bad things) to frequently happen; to occur often	8	1
青眼	qīng yǎn	(to look) with a direct gaze; (fig.) respect; favor	8	1
雷区	léi qū	minefield (lit. and fig.)	8	1
雕漆	diāo qī	carved lacquerware	8	1
陨落	yǔn luò	to fall down; to decay; to fall from the sky	8	1
院本	yuàn běn	script for opera (esp. in Yuan times)	8	1
附上	fù shàng	attached; included herewith	8	1
阔步	kuò bù	to stride forward	8	1
闯荡江湖	chuǎng dàng jiāng hú	to travel around the country	8	1
门户之见	mén hù zhī jiàn	sectarian bias; parochialism	8	1
长椅	cháng yǐ	bench	8	1
长年累月	cháng nián lěi yuè	year in, year out (idiom); (over) many years	8	1
长命百岁	cháng mìng bǎi suì	(idiom) to live to be a hundred years old (often used as a blessing or wish for longevity)	8	1
重犯	zhòng fàn	serious criminal; felon	8	1
避嫌	bì xián	to avoid arousing suspicion	8	1
遮遮掩掩	zhē zhē yǎn yǎn	to be secretive; to try to cover up (idiom)	8	1
遥遥无期	yáo yáo wú qī	far in the indefinite future (idiom); so far away it seems forever	8	1
遗属	yí shǔ	surviving family of the deceased	8	1
近在眼前	jìn zài yǎn qián	right under one's nose; right in front of one's eyes; close at hand; imminent	8	1
转盘	zhuàn pán	turntable; rotary (traffic)	8	1
越级	yuè jí	to skip a grade; to bypass ranks; to go over the head of one's boss	8	1
贤明	xián míng	wise and capable; sagacious	8	1
豆奶	dòu nǎi	soy milk	8	1
调派	diào pài	to send on assignment; to deploy (troops)	8	1
读报	dú bào	to read newspapers	8	1
请愿书	qǐng yuàn shū	petition	8	1
误入歧途	wù rù qí tú	to take a wrong step in life (idiom); to go astray	8	1
试车	shì chē	to test drive; a trial run	8	1
试穿	shì chuān	to try wearing clothes; fitting trial	8	1
试液	shì yè	reagent; test solution; experimental liquid	8	1
识趣	shí qù	tactful; discreet	8	1
言之凿凿	yán zhī záo záo	(idiom) to speak with conviction	8	1
观察力	guān chá lì	power of observation; perception	8	1
西半球	xī bàn qiú	the Western Hemisphere	8	1
补偿费	bǔ cháng fèi	compensation	8	1
血洗	xuè xǐ	to carry out a bloodbath in (a place); (fig.) to wreak havoc on	8	1
虎符	hǔ fú	tiger tally (a two-piece object made in the shape of a tiger, used in ancient China as proof of authority. One half of a tally could be issued to a military officer and this would be matched with the other half when verification was required.)	8	1
落笔	luò bǐ	to put pen to paper; to start to write or draw	8	1
菜农	cài nóng	vegetable farmer	8	1
茶座	chá zuò	teahouse; tea-stall with seats; tea-garden or teahouse seat	8	1
苦肉计	kǔ ròu jì	the trick of injuring oneself to gain the enemy's confidence	8	1
苟活	gǒu huó	to live without dignity; to barely sustain oneself	8	1
航迹	háng jì	wake (of ship); flight path	8	1
自由体操	zì yóu tǐ cāo	floor (gymnastics)	8	1
腐肉	fǔ ròu	rotting flesh; carrion	8	1
脑髓	nǎo suǐ	brain tissue; gray matter; brain	8	1
脑膜	nǎo mó	meninx; meninges; membranes lining the brain	8	1
脑病	nǎo bìng	brain disease; encephalopathy	8	1
脊骨	jǐ gǔ	backbone	8	1
胸廓	xiōng kuò	thorax	8	1
肉搏	ròu bó	to fight hand-to-hand	8	1
聘书	pìn shū	letter of appointment; contract	8	1
老成持重	lǎo chéng chí zhòng	old and wise; experienced and knowledgeable	8	1
耀斑	yào bān	solar flare	8	1
翻箱倒柜	fān xiāng dǎo guì	to overturn trunks and boxes; to make a thorough search (idiom)	8	1
美意	měi yì	goodwill; kindness	8	1
美不胜收	měi bù shèng shōu	nothing more beautiful can be imagined (idiom)	8	1
绝笔	jué bǐ	words written on one’s deathbed; an artist's final work; swansong	8	1
纱窗	shā chuāng	screen window	8	1
索贿	suǒ huì	to exact bribes; to solicit bribes; to demand bribes	8	1
精神病学	jīng shén bìng xué	psychiatry	8	1
精工	jīng gōng	refined; delicate; exquisite (craftsmanship)	8	1
粮库	liáng kù	grain depot	8	1
筹算	chóu suàn	to calculate (using bamboo tokens on a counting board); to count beads	8	1
笔锋	bǐ fēng	the tip of a writing brush; vigor of style in writing; stroke	8	1
空防	kōng fáng	air force; air defense	8	1
租约	zū yuē	lease	8	1
禁卫	jìn wèi	defense of the imperial palace or of the capital	8	1
社科	shè kē	social science (abbr.)	8	1
礼贤下士	lǐ xián xià shì	respect for the wise	8	1
礼花	lǐ huā	fireworks	8	1
碑石	bēi shí	stele; vertical stone tablet for carved inscriptions	8	1
矢志	shǐ zhì	to take an oath to do sth; to pledge; to vow	8	1
看涨	kàn zhǎng	(finance) bullish	8	1
疾步	jí bù	at a fast pace	8	1
生龙活虎	shēng lóng huó hǔ	lit. lively dragon and animated tiger (idiom); fig. vigorous and lively	8	1
球馆	qiú guǎn	(sports) arena	8	1
玻璃体	bō lí tǐ	vitreous humor	8	1
独吞	dú tūn	to hog; to keep everything for oneself	8	1
状语	zhuàng yǔ	adverbial adjunct (adverb or adverbial clause)	8	1
牛郎织女	niú láng zhī nǚ	Cowherd and Weaving maid (characters in folk story); separated lovers	8	1
牙雕	yá diāo	ivory carving	8	1
熙攘	xī rǎng	restless	8	1
焦土	jiāo tǔ	scorched earth	8	1
热播	rè bō	to broadcast (or be broadcast) to an enthusiastic audience; to broadcast (or be broadcast) and get high ratings	8	1
烟筒	yān tong	chimney; stovepipe; smokestack	8	1
炼化	liàn huà	to refine; refining (e.g. oil, chemicals etc)	8	1
点菜	diǎn cài	to order dishes (in a restaurant)	8	1
漂白粉	piǎo bái fěn	bleaching powder	8	1
滴答	dī dā	(onom.) pattering sound; drip drip (of water); tick tock (of clock)	8	1
满额	mǎn é	the full amount; to fulfill the quota	8	1
溪谷	xī gǔ	valley; gorge	8	1
游人如织	yóu rén rú zhī	crowded with visitors; packed with tourists	8	1
消食	xiāo shí	to aid digestion	8	1
海景	hǎi jǐng	seascape; sea view	8	1
浓妆艳抹	nóng zhuāng yàn mǒ	to apply makeup conspicuously (idiom)	8	1
泻药	xiè yào	laxative	8	1
汗衫	hàn shān	vest; undershirt; shirt	8	1
民脂民膏	mín zhī mín gāo	lit. the fat and wealth of the people (idiom); the nation's hard-won wealth (esp. as an object of unscrupulous exploitation)	8	1
民权主义	mín quán zhǔ yì	democracy; civil liberties	8	1
毛细	máo xì	capillary	8	1
残月	cán yuè	waning moon	8	1
正体	zhèng tǐ	standard form (of a Chinese character)	8	1
歌舞升平	gē wǔ shēng píng	(lit.) to celebrate peace with songs and dance (idiom)	8	1
横加	héng jiā	violently; flagrantly	8	1
棘皮动物	jí pí dòng wù	echinoderm, the phylum containing sea urchins, sea cucumbers etc	8	1
格物	gé wù	to study the underlying principles, esp. in neo-Confucian rational learning 理學	8	1
格杀勿论	gé shā wù lùn	(idiom) to kill on sight (without fear of prosecution)	8	1
柔嫩	róu nèn	tender; delicate (texture)	8	1
枝繁叶茂	zhī fán yè mào	(of plants) to grow luxuriantly; (fig.) (of a family or business etc) to prosper; to flourish	8	1
来潮	lái cháo	(of water) to rise; rising tide; (of women) to get one's period	8	1
本义	běn yì	original meaning; literal sense	8	1
替罪羊	tì zuì yáng	scapegoat	8	1
暗访	àn fǎng	to make secret inquiries; to investigate in secret	8	1
暗箭	àn jiàn	attack by a hidden enemy; a stab in the back	8	1
春分点	chūn fēn diǎn	the spring equinox	8	1
易手	yì shǒu	to change hands	8	1
旧体诗	jiù tǐ shī	poetry in the old style	8	1
族谱	zú pǔ	genealogical record; family history; lineage	8	1
新宠	xīn chǒng	current favorite; the latest thing; darling (of the market or the media etc)	8	1
断头台	duàn tóu tái	guillotine; scaffold	8	1
整齐划一	zhěng qí huà yī	to be adjusted to uniformity (usually of weights and measures) (idiom)	8	1
散打	sǎn dǎ	mixed martial arts	8	1
故友	gù yǒu	old friend; deceased friend	8	1
擦亮	cā liàng	to polish	8	1
操之过急	cāo zhī guò jí	to act with undue haste (idiom); eager and impatient; overhasty	8	1
提篮	tí lán	a basket	8	1
探察	tàn chá	to investigate; to observe; to scout; to seek out and examine; to explore	8	1
挥洒自如	huī sǎ zì rú	(idiom) to do (sth) with great aplomb	8	1
挤入	jǐ rù	to squeeze in; to force oneself into; to cram into; to intrude	8	1
指点迷津	zhǐ diǎn mí jīn	to show sb how to get to the right path	8	1